Method,Dataset,Preference,Initialization,Beta Friend,Beta Enemy,Repetition,Adjusted Rand Index,Modularity,Seconds,Moves,Converged,Final Coalitions,Initial Adjusted Rand Index
Louvain,Karate Club,-,-,,,0,0.46459109844332386,0.44490358126721763,0.004963300016243011,,,,
Leiden,Karate Club,-,-,,,0,0.46459109844332386,0.44490358126721763,0.01498939999146387,,,,
LocStab,Karate Club,B,Ld,0.2,0.2,0,0.12551280629781572,0.2869979947902026,0.4854415000299923,15.0,1.0,18.0,0.32180415735025086
LocStab,Karate Club,B,S,0.2,0.2,0,0.08750694058856191,0.24377354247484118,0.0010147999855689704,18.0,1.0,19.0,0.0
LocStab,Karate Club,B,P,0.2,0.2,0,0.11008767062479193,0.2563295290568018,0.0007328999927267432,30.0,1.0,18.0,-0.007102430362889801
LocStab,Karate Club,AF,Ld,0.2,0.2,0,0.46459109844332386,0.44490358126721763,0.000678999989759177,0.0,1.0,4.0,1.0
LocStab,Karate Club,AF,S,0.2,0.2,0,0.09523809523809523,0.2665992016641367,0.0007152000325731933,19.0,1.0,18.0,0.0
LocStab,Karate Club,AF,P,0.2,0.2,0,0.4478950246036085,0.3296883491688687,0.0007238000398501754,17.0,1.0,9.0,0.01487151448879169
LocStab,Karate Club,AE,Ld,0.2,0.2,0,0.09127248500999334,0.2625981522085418,0.0009530999814160168,19.0,1.0,19.0,0.27674046412376635
LocStab,Karate Club,AE,S,0.2,0.2,0,0.06866666666666667,0.20442832780495118,0.0007157999789342284,17.0,1.0,20.0,0.0
LocStab,Karate Club,AE,P,0.2,0.2,0,0.10256410256410256,0.26318847098067877,0.0007530000293627381,32.0,1.0,18.0,-0.007326007326007326
LocStab,Karate Club,B,Ld,0.25,0.35,0,0.12551280629781572,0.2869979947902026,0.0010353999678045511,15.0,1.0,18.0,0.32180415735025086
LocStab,Karate Club,B,S,0.25,0.35,0,0.08750694058856191,0.24377354247484118,0.0010024000075645745,18.0,1.0,19.0,0.0
LocStab,Karate Club,B,P,0.25,0.35,0,0.11008767062479193,0.2563295290568018,0.0010797000140883029,30.0,1.0,18.0,-0.007102430362889801
LocStab,Karate Club,AF,Ld,0.25,0.35,0,0.46459109844332386,0.44490358126721763,0.0009306999854743481,0.0,1.0,4.0,1.0
LocStab,Karate Club,AF,S,0.25,0.35,0,0.09523809523809523,0.2665992016641367,0.0008203000179491937,19.0,1.0,18.0,0.0
LocStab,Karate Club,AF,P,0.25,0.35,0,0.4478950246036085,0.3296883491688687,0.0010272000217810273,17.0,1.0,9.0,0.01487151448879169
LocStab,Karate Club,AE,Ld,0.25,0.35,0,0.09127248500999334,0.2625981522085418,0.0009960000170394778,19.0,1.0,19.0,0.27674046412376635
LocStab,Karate Club,AE,S,0.25,0.35,0,0.06866666666666667,0.20442832780495118,0.0010222999844700098,17.0,1.0,20.0,0.0
LocStab,Karate Club,AE,P,0.25,0.35,0,0.10256410256410256,0.26318847098067877,0.0011384999961592257,32.0,1.0,18.0,-0.007326007326007326
LocStab,Karate Club,B,Ld,0.4,0.4,0,0.727509778357236,0.30092202170124244,0.0009348999592475593,9.0,1.0,4.0,0.4751811670087547
LocStab,Karate Club,B,S,0.4,0.4,0,0.44844801389190364,0.25403384494293585,0.0007711999933235347,34.0,1.0,4.0,0.0
LocStab,Karate Club,B,P,0.4,0.4,0,0.727509778357236,0.30092202170124244,0.0006814000080339611,16.0,1.0,4.0,-0.01108213820078227
LocStab,Karate Club,AF,Ld,0.4,0.4,0,0.727509778357236,0.30092202170124244,0.0006778999813832343,9.0,1.0,4.0,0.4751811670087547
LocStab,Karate Club,AF,S,0.4,0.4,0,0.20936758040146772,0.12809917355371903,0.0007989000296220183,31.0,1.0,3.0,0.0
LocStab,Karate Club,AF,P,0.4,0.4,0,-0.0033783783783783786,-0.0011900076835141024,0.0007143000257201493,17.0,1.0,3.0,0.0035895270270270272
LocStab,Karate Club,AE,Ld,0.4,0.4,0,0.727509778357236,0.30092202170124244,0.0008577999542467296,9.0,1.0,4.0,0.4751811670087547
LocStab,Karate Club,AE,S,0.4,0.4,0,0.2266754270696452,0.07227188396019563,0.0010668999748304486,29.0,1.0,5.0,0.0
LocStab,Karate Club,AE,P,0.4,0.4,0,0.727509778357236,0.30092202170124244,0.0010445000370964408,16.0,1.0,4.0,-0.01108213820078227
Louvain,Karate Club,-,-,,,1,0.4292907180385289,0.4400873296977193,0.008840100024826825,,,,
Leiden,Karate Club,-,-,,,1,0.46459109844332386,0.44490358126721763,0.012113299977499992,,,,
LocStab,Karate Club,B,Ld,0.2,0.2,1,0.1328306907639428,0.3027117182961339,0.000889900024048984,14.0,1.0,16.0,0.38182148855819326
LocStab,Karate Club,B,S,0.2,0.2,1,0.09127248500999334,0.2625981522085418,0.0007386999786831439,18.0,1.0,19.0,0.0
LocStab,Karate Club,B,P,0.2,0.2,1,0.12512479201331114,0.27988605910683834,0.0008570999489165843,27.0,1.0,17.0,0.007986688851913478
LocStab,Karate Club,AF,Ld,0.2,0.2,1,0.46459109844332386,0.44490358126721763,0.0006600000197067857,0.0,1.0,4.0,1.0
LocStab,Karate Club,AF,S,0.2,0.2,1,0.09900110987791343,0.27238057757538275,0.0008174999966286123,19.0,1.0,18.0,0.0
LocStab,Karate Club,AF,P,0.2,0.2,1,0.4478950246036085,0.30001311819493637,0.0007023999933153391,14.0,1.0,9.0,0.1231273920174959
LocStab,Karate Club,AE,Ld,0.2,0.2,1,0.10256410256410256,0.26318847098067877,0.0008628999930806458,17.0,1.0,18.0,0.30170846964740095
LocStab,Karate Club,AE,S,0.2,0.2,1,0.07243639595600489,0.2234965611588988,0.0007233999785967171,17.0,1.0,20.0,0.0
LocStab,Karate Club,AE,P,0.2,0.2,1,0.08374055975122167,0.2238432563107888,0.0008063999703153968,28.0,1.0,19.0,0.01776988005330964
LocStab,Karate Club,B,Ld,0.25,0.35,1,0.1328306907639428,0.3027117182961339,0.000707699975464493,14.0,1.0,16.0,0.38182148855819326
LocStab,Karate Club,B,S,0.25,0.35,1,0.09127248500999334,0.2625981522085418,0.0008174999966286123,18.0,1.0,19.0,0.0
LocStab,Karate Club,B,P,0.25,0.35,1,0.12512479201331114,0.27988605910683834,0.0007260999991558492,27.0,1.0,17.0,0.007986688851913478
LocStab,Karate Club,AF,Ld,0.25,0.35,1,0.46459109844332386,0.44490358126721763,0.000853199977427721,0.0,1.0,4.0,1.0
LocStab,Karate Club,AF,S,0.25,0.35,1,0.09900110987791343,0.27238057757538275,0.0006941999890841544,19.0,1.0,18.0,0.0
LocStab,Karate Club,AF,P,0.25,0.35,1,0.4478950246036085,0.30001311819493637,0.0007099999929778278,14.0,1.0,9.0,0.1231273920174959
LocStab,Karate Club,AE,Ld,0.25,0.35,1,0.10256410256410256,0.26318847098067877,0.0007577000069431961,17.0,1.0,18.0,0.30170846964740095
LocStab,Karate Club,AE,S,0.25,0.35,1,0.07243639595600489,0.2234965611588988,0.0008500000112690032,17.0,1.0,20.0,0.0
LocStab,Karate Club,AE,P,0.25,0.35,1,0.08374055975122167,0.2238432563107888,0.0008378000347875059,28.0,1.0,19.0,0.01776988005330964
LocStab,Karate Club,B,Ld,0.4,0.4,1,0.727509778357236,0.30092202170124244,0.000672499998472631,9.0,1.0,4.0,0.4751811670087547
LocStab,Karate Club,B,S,0.4,0.4,1,0.727509778357236,0.30092202170124244,0.0008289999677799642,36.0,1.0,4.0,0.0
LocStab,Karate Club,B,P,0.4,0.4,1,0.727509778357236,0.30092202170124244,0.0006687000277452171,17.0,1.0,4.0,-0.01108213820078227
LocStab,Karate Club,AF,Ld,0.4,0.4,1,0.727509778357236,0.30092202170124244,0.0008122999570332468,9.0,1.0,4.0,0.4751811670087547
LocStab,Karate Club,AF,S,0.4,0.4,1,0.237200259235256,0.03934521466988993,0.0007359000155702233,30.0,1.0,4.0,0.0
LocStab,Karate Club,AF,P,0.4,0.4,1,0.00042363905952128787,0.011665823354135041,0.0009865000029094517,15.0,1.0,3.0,0.014403728023723788
LocStab,Karate Club,AE,Ld,0.4,0.4,1,0.727509778357236,0.30092202170124244,0.0009327000007033348,9.0,1.0,4.0,0.4751811670087547
LocStab,Karate Club,AE,S,0.4,0.4,1,0.5341007819287577,0.2929948839039748,0.0011197999701835215,40.0,1.0,4.0,0.0
LocStab,Karate Club,AE,P,0.4,0.4,1,0.727509778357236,0.30092202170124244,0.0009577000164426863,17.0,1.0,4.0,-0.01108213820078227
Louvain,Karate Club,-,-,,,2,0.46459109844332386,0.44490358126721763,0.006144899991340935,,,,
Leiden,Karate Club,-,-,,,2,0.39223854417890813,0.440181031090122,0.022506400011479855,,,,
LocStab,Karate Club,B,Ld,0.2,0.2,2,0.1328306907639428,0.28966848447367927,0.0010293999803252518,14.0,1.0,16.0,0.38182148855819326
LocStab,Karate Club,B,S,0.2,0.2,2,0.10592938041305797,0.24992035381645772,0.001005800033453852,15.0,1.0,19.0,0.0
LocStab,Karate Club,B,P,0.2,0.2,2,0.11721611721611722,0.25512078109480707,0.001025599951390177,26.0,1.0,19.0,0.05128205128205128
LocStab,Karate Club,AF,Ld,0.2,0.2,2,0.39223854417890813,0.440181031090122,0.0022439000313170254,0.0,1.0,4.0,1.0
LocStab,Karate Club,AF,S,0.2,0.2,2,0.12473643324825213,0.2844774273345702,0.0010238999966531992,18.0,1.0,17.0,0.0
LocStab,Karate Club,AF,P,0.2,0.2,2,0.4072289156626506,0.33060662281441505,0.0008628999930806458,14.0,1.0,8.0,0.1686746987951807
LocStab,Karate Club,AE,Ld,0.2,0.2,2,0.10256410256410256,0.26318847098067877,0.0007282999577000737,18.0,1.0,18.0,0.30170846964740095
LocStab,Karate Club,AE,S,0.2,0.2,2,0.07579462102689487,0.18624088753958884,0.0007944999961182475,13.0,1.0,21.0,0.0
LocStab,Karate Club,AE,P,0.2,0.2,2,0.10216546363131594,0.24550701823429097,0.0011614999966695905,27.0,1.0,20.0,0.03620210993892282
LocStab,Karate Club,B,Ld,0.25,0.35,2,0.1328306907639428,0.28966848447367927,0.0007307999767363071,14.0,1.0,16.0,0.38182148855819326
LocStab,Karate Club,B,S,0.25,0.35,2,0.10592938041305797,0.24992035381645772,0.0009659999632276595,15.0,1.0,19.0,0.0
LocStab,Karate Club,B,P,0.25,0.35,2,0.11721611721611722,0.25512078109480707,0.0007619999814778566,26.0,1.0,19.0,0.05128205128205128
LocStab,Karate Club,AF,Ld,0.25,0.35,2,0.39223854417890813,0.440181031090122,0.0008288999670185149,0.0,1.0,4.0,1.0
LocStab,Karate Club,AF,S,0.25,0.35,2,0.12473643324825213,0.2844774273345702,0.0007999000372365117,18.0,1.0,17.0,0.0
LocStab,Karate Club,AF,P,0.25,0.35,2,0.4072289156626506,0.33060662281441505,0.0006939999875612557,14.0,1.0,8.0,0.1686746987951807
LocStab,Karate Club,AE,Ld,0.25,0.35,2,0.10256410256410256,0.26318847098067877,0.000894600001629442,18.0,1.0,18.0,0.30170846964740095
LocStab,Karate Club,AE,S,0.25,0.35,2,0.07579462102689487,0.18624088753958884,0.0008476999937556684,13.0,1.0,21.0,0.0
LocStab,Karate Club,AE,P,0.25,0.35,2,0.10216546363131594,0.24550701823429097,0.0009727999567985535,27.0,1.0,20.0,0.03620210993892282
LocStab,Karate Club,B,Ld,0.4,0.4,2,0.727509778357236,0.30092202170124244,0.0006535999709740281,10.0,1.0,4.0,0.39684999790558373
LocStab,Karate Club,B,S,0.4,0.4,2,0.727509778357236,0.30092202170124244,0.0008663000189699233,36.0,1.0,4.0,0.0
LocStab,Karate Club,B,P,0.4,0.4,2,0.44844801389190364,0.25403384494293585,0.0007152999751269817,15.0,1.0,4.0,0.025830258302583026
LocStab,Karate Club,AF,Ld,0.4,0.4,2,0.727509778357236,0.30092202170124244,0.0007166999857872725,10.0,1.0,4.0,0.39684999790558373
LocStab,Karate Club,AF,S,0.4,0.4,2,0.237200259235256,0.03934521466988993,0.0009870000067166984,30.0,1.0,4.0,0.0
LocStab,Karate Club,AF,P,0.4,0.4,2,0.00042363905952128787,0.011665823354135041,0.0007180999964475632,15.0,1.0,3.0,0.014403728023723788
LocStab,Karate Club,AE,Ld,0.4,0.4,2,0.727509778357236,0.30092202170124244,0.0008251999970525503,10.0,1.0,4.0,0.39684999790558373
LocStab,Karate Club,AE,S,0.4,0.4,2,0.727509778357236,0.30092202170124244,0.0009510999661870301,30.0,1.0,4.0,0.0
LocStab,Karate Club,AE,P,0.4,0.4,2,0.44844801389190364,0.25403384494293585,0.0007067000260576606,15.0,1.0,4.0,0.025830258302583026
Louvain,Karate Club,-,-,,,3,0.39223854417890813,0.440181031090122,0.008765999984461814,,,,
Leiden,Karate Club,-,-,,,3,0.39223854417890813,0.440181031090122,0.013477600004989654,,,,
LocStab,Karate Club,B,Ld,0.2,0.2,3,0.1328306907639428,0.28966848447367927,0.0007239999831654131,14.0,1.0,16.0,0.38182148855819326
LocStab,Karate Club,B,S,0.2,0.2,3,0.08750694058856191,0.24377354247484118,0.0014460000093095005,18.0,1.0,19.0,0.0
LocStab,Karate Club,B,P,0.2,0.2,3,0.10296238766226562,0.27030040666404304,0.0007335999980568886,25.0,1.0,19.0,0.007766559414179518
LocStab,Karate Club,AF,Ld,0.2,0.2,3,0.39223854417890813,0.440181031090122,0.0006868000491522253,0.0,1.0,4.0,1.0
LocStab,Karate Club,AF,S,0.2,0.2,3,0.09523809523809523,0.26007758475290943,0.0008325999951921403,19.0,1.0,18.0,0.0
LocStab,Karate Club,AF,P,0.2,0.2,3,0.3146906933304032,0.36246509623133,0.0007284999592229724,21.0,1.0,10.0,-0.004395121415229096
LocStab,Karate Club,AE,Ld,0.2,0.2,3,0.10256410256410256,0.26318847098067877,0.001034500019159168,18.0,1.0,18.0,0.30170846964740095
LocStab,Karate Club,AE,S,0.2,0.2,3,0.06866666666666667,0.20467195142519817,0.0008173999958671629,17.0,1.0,20.0,0.0
LocStab,Karate Club,AE,P,0.2,0.2,3,0.09127248500999334,0.2625981522085418,0.0008152000373229384,27.0,1.0,19.0,-0.018654230512991338
LocStab,Karate Club,B,Ld,0.25,0.35,3,0.1328306907639428,0.28966848447367927,0.0006877999985590577,14.0,1.0,16.0,0.38182148855819326
LocStab,Karate Club,B,S,0.25,0.35,3,0.08750694058856191,0.24377354247484118,0.0007446000236086547,18.0,1.0,19.0,0.0
LocStab,Karate Club,B,P,0.25,0.35,3,0.10296238766226562,0.27030040666404304,0.0008128000190481544,25.0,1.0,19.0,0.007766559414179518
LocStab,Karate Club,AF,Ld,0.25,0.35,3,0.39223854417890813,0.440181031090122,0.0007017999887466431,0.0,1.0,4.0,1.0
LocStab,Karate Club,AF,S,0.25,0.35,3,0.09523809523809523,0.26007758475290943,0.0010956000187434256,19.0,1.0,18.0,0.0
LocStab,Karate Club,AF,P,0.25,0.35,3,0.3146906933304032,0.36246509623133,0.0007218999671749771,21.0,1.0,10.0,-0.004395121415229096
LocStab,Karate Club,AE,Ld,0.25,0.35,3,0.10256410256410256,0.26318847098067877,0.0008137999684549868,18.0,1.0,18.0,0.30170846964740095
LocStab,Karate Club,AE,S,0.25,0.35,3,0.06866666666666667,0.20467195142519817,0.0007214000215753913,17.0,1.0,20.0,0.0
LocStab,Karate Club,AE,P,0.25,0.35,3,0.09127248500999334,0.2625981522085418,0.0007933999877423048,27.0,1.0,19.0,-0.018654230512991338
LocStab,Karate Club,B,Ld,0.4,0.4,3,0.727509778357236,0.30092202170124244,0.0008391999872401357,10.0,1.0,4.0,0.39684999790558373
LocStab,Karate Club,B,S,0.4,0.4,3,0.727509778357236,0.30092202170124244,0.0011379000497981906,36.0,1.0,4.0,0.0
LocStab,Karate Club,B,P,0.4,0.4,3,0.727509778357236,0.30092202170124244,0.0010174000053666532,17.0,1.0,4.0,-0.01108213820078227
LocStab,Karate Club,AF,Ld,0.4,0.4,3,0.727509778357236,0.30092202170124244,0.0007939000497572124,10.0,1.0,4.0,0.39684999790558373
LocStab,Karate Club,AF,S,0.4,0.4,3,0.237200259235256,0.03934521466988993,0.0007824000203981996,30.0,1.0,4.0,0.0
LocStab,Karate Club,AF,P,0.4,0.4,3,0.00042363905952128787,0.011665823354135041,0.0012496000272221863,15.0,1.0,3.0,0.014403728023723788
LocStab,Karate Club,AE,Ld,0.4,0.4,3,0.727509778357236,0.30092202170124244,0.0007601999677717686,10.0,1.0,4.0,0.39684999790558373
LocStab,Karate Club,AE,S,0.4,0.4,3,0.727509778357236,0.30092202170124244,0.0011112000211142004,30.0,1.0,4.0,0.0
LocStab,Karate Club,AE,P,0.4,0.4,3,0.727509778357236,0.30092202170124244,0.0006726999999955297,17.0,1.0,4.0,-0.01108213820078227
Louvain,Karate Club,-,-,,,4,0.4292907180385289,0.4400873296977193,0.0070247999974526465,,,,
Leiden,Karate Club,-,-,,,4,0.3769484083424808,0.42398943048293697,0.016018600028473884,,,,
LocStab,Karate Club,B,Ld,0.2,0.2,4,0.1328306907639428,0.3027117182961339,0.0010840999893844128,15.0,1.0,16.0,0.35445979971061714
LocStab,Karate Club,B,S,0.2,0.2,4,0.10969246141889641,0.26040553962631885,0.0010379999876022339,19.0,1.0,18.0,0.0
LocStab,Karate Club,B,P,0.2,0.2,4,0.09127248500999334,0.2625981522085418,0.0010896000312641263,31.0,1.0,19.0,-0.011325782811459028
LocStab,Karate Club,AF,Ld,0.2,0.2,4,0.3769484083424808,0.42398943048293697,0.0008030999451875687,0.0,1.0,4.0,1.0
LocStab,Karate Club,AF,S,0.2,0.2,4,0.12473643324825213,0.27759974513221264,0.001199499994982034,20.0,1.0,17.0,0.0
LocStab,Karate Club,AF,P,0.2,0.2,4,0.2998790810157195,0.24711868218361724,0.0007111000013537705,18.0,1.0,10.0,0.10399032648125756
LocStab,Karate Club,AE,Ld,0.2,0.2,4,0.10256410256410256,0.26318847098067877,0.0007483999943360686,18.0,1.0,18.0,0.2660443407234539
LocStab,Karate Club,AE,S,0.2,0.2,4,0.07956439604400489,0.20739866194411646,0.0009403000003658235,17.0,1.0,20.0,0.0
LocStab,Karate Club,AE,P,0.2,0.2,4,0.09127248500999334,0.2625981522085418,0.0009762999834492803,31.0,1.0,19.0,-0.011325782811459028
LocStab,Karate Club,B,Ld,0.25,0.35,4,0.1328306907639428,0.3027117182961339,0.0008981999708339572,15.0,1.0,16.0,0.35445979971061714
LocStab,Karate Club,B,S,0.25,0.35,4,0.10969246141889641,0.26040553962631885,0.0008450999739579856,19.0,1.0,18.0,0.0
LocStab,Karate Club,B,P,0.25,0.35,4,0.09127248500999334,0.2625981522085418,0.0011052999761886895,31.0,1.0,19.0,-0.011325782811459028
LocStab,Karate Club,AF,Ld,0.25,0.35,4,0.3769484083424808,0.42398943048293697,0.00117200001841411,0.0,1.0,4.0,1.0
LocStab,Karate Club,AF,S,0.25,0.35,4,0.12473643324825213,0.27759974513221264,0.0007270000060088933,20.0,1.0,17.0,0.0
LocStab,Karate Club,AF,P,0.25,0.35,4,0.2998790810157195,0.24711868218361724,0.0011437000357545912,18.0,1.0,10.0,0.10399032648125756
LocStab,Karate Club,AE,Ld,0.25,0.35,4,0.10256410256410256,0.26318847098067877,0.0009602999780327082,18.0,1.0,18.0,0.2660443407234539
LocStab,Karate Club,AE,S,0.25,0.35,4,0.07956439604400489,0.20739866194411646,0.0007150000310502946,17.0,1.0,20.0,0.0
LocStab,Karate Club,AE,P,0.25,0.35,4,0.09127248500999334,0.2625981522085418,0.0008827000274322927,31.0,1.0,19.0,-0.011325782811459028
LocStab,Karate Club,B,Ld,0.4,0.4,4,0.44844801389190364,0.25403384494293585,0.0009636000031605363,14.0,1.0,4.0,0.3031440638198029
LocStab,Karate Club,B,S,0.4,0.4,4,0.44844801389190364,0.25403384494293585,0.000785200041718781,34.0,1.0,4.0,0.0
LocStab,Karate Club,B,P,0.4,0.4,4,0.44844801389190364,0.25403384494293585,0.0011339000193402171,17.0,1.0,4.0,-0.024310831343607554
LocStab,Karate Club,AF,Ld,0.4,0.4,4,0.4920875785822675,0.2710687580817451,0.0013378000003285706,13.0,1.0,3.0,0.327211232684741
LocStab,Karate Club,AF,S,0.4,0.4,4,0.20936758040146772,0.12809917355371903,0.0008793000015430152,31.0,1.0,3.0,0.0
LocStab,Karate Club,AF,P,0.4,0.4,4,0.9428076256499134,0.37845055377522907,0.0007275000098161399,14.0,1.0,3.0,0.013431542461005199
LocStab,Karate Club,AE,Ld,0.4,0.4,4,0.5341007819287577,0.2929948839039748,0.0009482000023126602,14.0,1.0,4.0,0.34161369193154034
LocStab,Karate Club,AE,S,0.4,0.4,4,0.41148325358851673,0.24323944453814583,0.0008062999695539474,29.0,1.0,5.0,0.0
LocStab,Karate Club,AE,P,0.4,0.4,4,0.5341007819287577,0.2929948839039748,0.001097199972718954,16.0,1.0,4.0,-0.010642919200695048
Louvain,Karate Club,-,-,,,5,0.4292907180385289,0.4400873296977193,0.006468600011430681,,,,
Leiden,Karate Club,-,-,,,5,0.46459109844332386,0.44490358126721763,0.01261430000886321,,,,
LocStab,Karate Club,B,Ld,0.2,0.2,5,0.1328306907639428,0.2961901013849066,0.0011650999658741057,14.0,1.0,16.0,0.38182148855819326
LocStab,Karate Club,B,S,0.2,0.2,5,0.10969246141889641,0.26040553962631885,0.000754699984099716,20.0,1.0,18.0,0.0
LocStab,Karate Club,B,P,0.2,0.2,5,0.12156166814551908,0.2890781657015423,0.0011564000160433352,28.0,1.0,17.0,-0.01020408163265306
LocStab,Karate Club,AF,Ld,0.2,0.2,5,0.46459109844332386,0.44490358126721763,0.0013830999960191548,0.0,1.0,4.0,1.0
LocStab,Karate Club,AF,S,0.2,0.2,5,0.12473643324825213,0.2844774273345702,0.0007883000071160495,21.0,1.0,17.0,0.0
LocStab,Karate Club,AF,P,0.2,0.2,5,0.3210474199581912,0.32716778171323624,0.0010593000333756208,17.0,1.0,10.0,0.11772472219166025
LocStab,Karate Club,AE,Ld,0.2,0.2,5,0.10256410256410256,0.26318847098067877,0.0010241999989375472,17.0,1.0,18.0,0.30170846964740095
LocStab,Karate Club,AE,S,0.2,0.2,5,0.07956439604400489,0.2071550383238695,0.0010554000036790967,18.0,1.0,20.0,0.0
LocStab,Karate Club,AE,P,0.2,0.2,5,0.07243639595600489,0.2234965611588988,0.0011003999970853329,30.0,1.0,20.0,-0.008221308743472948
LocStab,Karate Club,B,Ld,0.25,0.35,5,0.1328306907639428,0.2961901013849066,0.0009883000166155398,14.0,1.0,16.0,0.38182148855819326
LocStab,Karate Club,B,S,0.25,0.35,5,0.10969246141889641,0.26040553962631885,0.000734299945179373,20.0,1.0,18.0,0.0
LocStab,Karate Club,B,P,0.25,0.35,5,0.12156166814551908,0.2890781657015423,0.000775699969381094,28.0,1.0,17.0,-0.01020408163265306
LocStab,Karate Club,AF,Ld,0.25,0.35,5,0.46459109844332386,0.44490358126721763,0.0007770999800413847,0.0,1.0,4.0,1.0
LocStab,Karate Club,AF,S,0.25,0.35,5,0.12473643324825213,0.2844774273345702,0.0007341000018641353,21.0,1.0,17.0,0.0
LocStab,Karate Club,AF,P,0.25,0.35,5,0.3210474199581912,0.32716778171323624,0.0009033000096678734,17.0,1.0,10.0,0.11772472219166025
LocStab,Karate Club,AE,Ld,0.25,0.35,5,0.10256410256410256,0.26318847098067877,0.0007362000178545713,17.0,1.0,18.0,0.30170846964740095
LocStab,Karate Club,AE,S,0.25,0.35,5,0.07956439604400489,0.2071550383238695,0.0007878000033088028,18.0,1.0,20.0,0.0
LocStab,Karate Club,AE,P,0.25,0.35,5,0.07243639595600489,0.2234965611588988,0.0012171000125817955,30.0,1.0,20.0,-0.008221308743472948
LocStab,Karate Club,B,Ld,0.4,0.4,5,0.727509778357236,0.30092202170124244,0.0007069999701343477,9.0,1.0,4.0,0.4751811670087547
LocStab,Karate Club,B,S,0.4,0.4,5,0.727509778357236,0.30092202170124244,0.0013099000207148492,36.0,1.0,4.0,0.0
LocStab,Karate Club,B,P,0.4,0.4,5,0.44844801389190364,0.25403384494293585,0.0009280000231228769,14.0,1.0,4.0,0.040156283915780334
LocStab,Karate Club,AF,Ld,0.4,0.4,5,0.727509778357236,0.30092202170124244,0.0008050999604165554,9.0,1.0,4.0,0.4751811670087547
LocStab,Karate Club,AF,S,0.4,0.4,5,0.237200259235256,0.03934521466988993,0.0012442999868653715,30.0,1.0,4.0,0.0
LocStab,Karate Club,AF,P,0.4,0.4,5,0.572538860103627,0.2903525046382188,0.000686999992467463,12.0,1.0,2.0,0.05958549222797927
LocStab,Karate Club,AE,Ld,0.4,0.4,5,0.727509778357236,0.30092202170124244,0.000712399953044951,9.0,1.0,4.0,0.4751811670087547
LocStab,Karate Club,AE,S,0.4,0.4,5,0.727509778357236,0.30092202170124244,0.0007400999893434346,30.0,1.0,4.0,0.0
LocStab,Karate Club,AE,P,0.4,0.4,5,0.44844801389190364,0.25403384494293585,0.0007277000113390386,14.0,1.0,4.0,0.040156283915780334
Louvain,Karate Club,-,-,,,6,0.46459109844332386,0.44490358126721763,0.005727300012949854,,,,
Leiden,Karate Club,-,-,,,6,0.39223854417890813,0.440181031090122,0.013647400017362088,,,,
LocStab,Karate Club,B,Ld,0.2,0.2,6,0.1328306907639428,0.2961901013849066,0.001103399961721152,14.0,1.0,16.0,0.38182148855819326
LocStab,Karate Club,B,S,0.2,0.2,6,0.09840071079520213,0.21484792264013045,0.0010453000431880355,15.0,1.0,19.0,0.0
LocStab,Karate Club,B,P,0.2,0.2,6,0.10296238766226562,0.27030040666404304,0.0010156999924220145,29.0,1.0,19.0,-0.01420170864307112
LocStab,Karate Club,AF,Ld,0.2,0.2,6,0.39223854417890813,0.440181031090122,0.0008796000038273633,0.0,1.0,4.0,1.0
LocStab,Karate Club,AF,S,0.2,0.2,6,0.12097669256381798,0.26565281760086956,0.0009954000124707818,19.0,1.0,17.0,0.0
LocStab,Karate Club,AF,P,0.2,0.2,6,0.39076923076923076,0.28581735724592866,0.0009545999928377569,15.0,1.0,11.0,0.1731868131868132
LocStab,Karate Club,AE,Ld,0.2,0.2,6,0.10256410256410256,0.26318847098067877,0.0009454000391997397,17.0,1.0,18.0,0.30170846964740095
LocStab,Karate Club,AE,S,0.2,0.2,6,0.06825255669186304,0.15141207998350853,0.000957000011112541,13.0,1.0,21.0,0.0
LocStab,Karate Club,AE,P,0.2,0.2,6,0.07243639595600489,0.2234965611588988,0.0009960000170394778,31.0,1.0,20.0,-0.008221308743472948
LocStab,Karate Club,B,Ld,0.25,0.35,6,0.1328306907639428,0.2961901013849066,0.0009520999738015234,14.0,1.0,16.0,0.38182148855819326
LocStab,Karate Club,B,S,0.25,0.35,6,0.09840071079520213,0.21484792264013045,0.0010141999810002744,15.0,1.0,19.0,0.0
LocStab,Karate Club,B,P,0.25,0.35,6,0.10296238766226562,0.27030040666404304,0.0010101000079885125,29.0,1.0,19.0,-0.01420170864307112
LocStab,Karate Club,AF,Ld,0.25,0.35,6,0.39223854417890813,0.440181031090122,0.0009414000087417662,0.0,1.0,4.0,1.0
LocStab,Karate Club,AF,S,0.25,0.35,6,0.12097669256381798,0.26565281760086956,0.0010171000030823052,19.0,1.0,17.0,0.0
LocStab,Karate Club,AF,P,0.25,0.35,6,0.39076923076923076,0.28581735724592866,0.0007321999873965979,15.0,1.0,11.0,0.1731868131868132
LocStab,Karate Club,AE,Ld,0.25,0.35,6,0.10256410256410256,0.26318847098067877,0.0007835999713279307,17.0,1.0,18.0,0.30170846964740095
LocStab,Karate Club,AE,S,0.25,0.35,6,0.06825255669186304,0.15141207998350853,0.0007184999994933605,13.0,1.0,21.0,0.0
LocStab,Karate Club,AE,P,0.25,0.35,6,0.07243639595600489,0.2234965611588988,0.0011855000047944486,31.0,1.0,20.0,-0.008221308743472948
LocStab,Karate Club,B,Ld,0.4,0.4,6,0.727509778357236,0.30092202170124244,0.0008492000051774085,10.0,1.0,4.0,0.39684999790558373
LocStab,Karate Club,B,S,0.4,0.4,6,0.727509778357236,0.30092202170124244,0.0008569000056013465,37.0,1.0,4.0,0.0
LocStab,Karate Club,B,P,0.4,0.4,6,0.44844801389190364,0.25403384494293585,0.0006958000012673438,13.0,1.0,4.0,0.07597134794877361
LocStab,Karate Club,AF,Ld,0.4,0.4,6,0.727509778357236,0.30092202170124244,0.0009979000315070152,10.0,1.0,4.0,0.39684999790558373
LocStab,Karate Club,AF,S,0.4,0.4,6,0.237200259235256,0.03934521466988993,0.0008287999662570655,31.0,1.0,4.0,0.0
LocStab,Karate Club,AF,P,0.4,0.4,6,0.5291828793774319,0.27331759149940965,0.000952000031247735,12.0,1.0,3.0,0.07976653696498054
LocStab,Karate Club,AE,Ld,0.4,0.4,6,0.727509778357236,0.30092202170124244,0.0007115000043995678,10.0,1.0,4.0,0.39684999790558373
LocStab,Karate Club,AE,S,0.4,0.4,6,0.727509778357236,0.30092202170124244,0.0010310999932698905,35.0,1.0,4.0,0.0
LocStab,Karate Club,AE,P,0.4,0.4,6,0.5341007819287577,0.2929948839039748,0.0006775999790988863,12.0,1.0,4.0,0.118375325803649
Louvain,Karate Club,-,-,,,7,0.39223854417890813,0.440181031090122,0.00742590002482757,,,,
Leiden,Karate Club,-,-,,,7,0.46459109844332386,0.44490358126721763,0.017035000026226044,,,,
LocStab,Karate Club,B,Ld,0.2,0.2,7,0.1328306907639428,0.29292929292929293,0.0011944999569095671,14.0,1.0,16.0,0.38182148855819326
LocStab,Karate Club,B,S,0.2,0.2,7,0.08750694058856191,0.24377354247484118,0.001112600031774491,18.0,1.0,19.0,0.0
LocStab,Karate Club,B,P,0.2,0.2,7,0.11721611721611722,0.2583253687149791,0.0010417000157758594,29.0,1.0,19.0,0.02197802197802198
LocStab,Karate Club,AF,Ld,0.2,0.2,7,0.46459109844332386,0.44490358126721763,0.0008918999810703099,0.0,1.0,4.0,1.0
LocStab,Karate Club,AF,S,0.2,0.2,7,0.09523809523809523,0.26007758475290943,0.0011638000141829252,19.0,1.0,18.0,0.0
LocStab,Karate Club,AF,P,0.2,0.2,7,0.488316226250273,0.33439215906748376,0.0007142000249586999,14.0,1.0,8.0,0.09914828565188906
LocStab,Karate Club,AE,Ld,0.2,0.2,7,0.10256410256410256,0.26318847098067877,0.001089199970010668,17.0,1.0,18.0,0.30170846964740095
LocStab,Karate Club,AE,S,0.2,0.2,7,0.06866666666666667,0.20442832780495118,0.0010688999900594354,17.0,1.0,20.0,0.0
LocStab,Karate Club,AE,P,0.2,0.2,7,0.08333333333333333,0.20616180356440097,0.0010420000180602074,29.0,1.0,21.0,0.01
LocStab,Karate Club,B,Ld,0.25,0.35,7,0.1328306907639428,0.29292929292929293,0.000729900028090924,14.0,1.0,16.0,0.38182148855819326
LocStab,Karate Club,B,S,0.25,0.35,7,0.08750694058856191,0.24377354247484118,0.0012829999905079603,18.0,1.0,19.0,0.0
LocStab,Karate Club,B,P,0.25,0.35,7,0.11721611721611722,0.2583253687149791,0.0008374000317417085,29.0,1.0,19.0,0.02197802197802198
LocStab,Karate Club,AF,Ld,0.25,0.35,7,0.46459109844332386,0.44490358126721763,0.000735800014808774,0.0,1.0,4.0,1.0
LocStab,Karate Club,AF,S,0.25,0.35,7,0.09523809523809523,0.26007758475290943,0.001691900019068271,19.0,1.0,18.0,0.0
LocStab,Karate Club,AF,P,0.25,0.35,7,0.488316226250273,0.33439215906748376,0.0007193000055849552,14.0,1.0,8.0,0.09914828565188906
LocStab,Karate Club,AE,Ld,0.25,0.35,7,0.10256410256410256,0.26318847098067877,0.001152799988631159,17.0,1.0,18.0,0.30170846964740095
LocStab,Karate Club,AE,S,0.25,0.35,7,0.06866666666666667,0.20442832780495118,0.0013626999570988119,17.0,1.0,20.0,0.0
LocStab,Karate Club,AE,P,0.25,0.35,7,0.08333333333333333,0.20616180356440097,0.0010375999845564365,29.0,1.0,21.0,0.01
LocStab,Karate Club,B,Ld,0.4,0.4,7,0.44844801389190364,0.25403384494293585,0.0006947999936528504,11.0,1.0,4.0,0.369524697110904
LocStab,Karate Club,B,S,0.4,0.4,7,0.44844801389190364,0.25403384494293585,0.00079109997022897,36.0,1.0,4.0,0.0
LocStab,Karate Club,B,P,0.4,0.4,7,0.727509778357236,0.30092202170124244,0.0012261000229045749,13.0,1.0,4.0,0.07496740547588006
LocStab,Karate Club,AF,Ld,0.4,0.4,7,0.44844801389190364,0.25403384494293585,0.0007806000066921115,11.0,1.0,4.0,0.369524697110904
LocStab,Karate Club,AF,S,0.4,0.4,7,0.20936758040146772,0.12809917355371903,0.000805000017862767,31.0,1.0,3.0,0.0
LocStab,Karate Club,AF,P,0.4,0.4,7,0.572538860103627,0.2903525046382188,0.0015665999962948263,14.0,1.0,2.0,0.0025906735751295338
LocStab,Karate Club,AE,Ld,0.4,0.4,7,0.5341007819287577,0.2929948839039748,0.0007145999697968364,10.0,1.0,4.0,0.43244591654309356
LocStab,Karate Club,AE,S,0.4,0.4,7,0.2266754270696452,0.07227188396019563,0.0009360000258311629,29.0,1.0,5.0,0.0
LocStab,Karate Club,AE,P,0.4,0.4,7,0.727509778357236,0.30092202170124244,0.0010710999486036599,13.0,1.0,4.0,0.07496740547588006
Louvain,Karate Club,-,-,,,8,0.41355857832382625,0.416155994078072,0.008201199991162866,,,,
Leiden,Karate Club,-,-,,,8,0.46459109844332386,0.44490358126721763,0.012836200010497123,,,,
LocStab,Karate Club,B,Ld,0.2,0.2,8,0.1328306907639428,0.29292929292929293,0.0008238999871537089,14.0,1.0,16.0,0.38182148855819326
LocStab,Karate Club,B,S,0.2,0.2,8,0.09127248500999334,0.2625981522085418,0.0007799000013619661,18.0,1.0,19.0,0.0
LocStab,Karate Club,B,P,0.2,0.2,8,0.09900110987791343,0.2756413860309964,0.0010893999715335667,26.0,1.0,18.0,0.04772475027746948
LocStab,Karate Club,AF,Ld,0.2,0.2,8,0.46459109844332386,0.44490358126721763,0.0009660000214353204,0.0,1.0,4.0,1.0
LocStab,Karate Club,AF,S,0.2,0.2,8,0.09900110987791343,0.2789021944866101,0.0014646999770775437,19.0,1.0,18.0,0.0
LocStab,Karate Club,AF,P,0.2,0.2,8,0.5760940561724364,0.3324712805232286,0.0007270999485626817,12.0,1.0,6.0,0.14500326583932072
LocStab,Karate Club,AE,Ld,0.2,0.2,8,0.10256410256410256,0.26318847098067877,0.0007597000221721828,17.0,1.0,18.0,0.30170846964740095
LocStab,Karate Club,AE,S,0.2,0.2,8,0.07243639595600489,0.2234965611588988,0.0007396999862976372,17.0,1.0,20.0,0.0
LocStab,Karate Club,AE,P,0.2,0.2,8,0.09127248500999334,0.2625981522085418,0.000838699983432889,27.0,1.0,19.0,0.03264490339773484
LocStab,Karate Club,B,Ld,0.25,0.35,8,0.1328306907639428,0.29292929292929293,0.0011140999849885702,14.0,1.0,16.0,0.38182148855819326
LocStab,Karate Club,B,S,0.25,0.35,8,0.09127248500999334,0.2625981522085418,0.0007283000159077346,18.0,1.0,19.0,0.0
LocStab,Karate Club,B,P,0.25,0.35,8,0.09900110987791343,0.2756413860309964,0.0011387999984435737,26.0,1.0,18.0,0.04772475027746948
LocStab,Karate Club,AF,Ld,0.25,0.35,8,0.46459109844332386,0.44490358126721763,0.0008407999994233251,0.0,1.0,4.0,1.0
LocStab,Karate Club,AF,S,0.25,0.35,8,0.09900110987791343,0.2789021944866101,0.0009858999983407557,19.0,1.0,18.0,0.0
LocStab,Karate Club,AF,P,0.25,0.35,8,0.5760940561724364,0.3324712805232286,0.0008202000171877444,12.0,1.0,6.0,0.14500326583932072
LocStab,Karate Club,AE,Ld,0.25,0.35,8,0.10256410256410256,0.26318847098067877,0.0007667000172659755,17.0,1.0,18.0,0.30170846964740095
LocStab,Karate Club,AE,S,0.25,0.35,8,0.07243639595600489,0.2234965611588988,0.0007779999868944287,17.0,1.0,20.0,0.0
LocStab,Karate Club,AE,P,0.25,0.35,8,0.09127248500999334,0.2625981522085418,0.0007758000283502042,27.0,1.0,19.0,0.03264490339773484
LocStab,Karate Club,B,Ld,0.4,0.4,8,0.44844801389190364,0.25403384494293585,0.0007821000181138515,11.0,1.0,4.0,0.369524697110904
LocStab,Karate Club,B,S,0.4,0.4,8,0.44844801389190364,0.25403384494293585,0.0007993000326678157,34.0,1.0,4.0,0.0
LocStab,Karate Club,B,P,0.4,0.4,8,0.44844801389190364,0.25403384494293585,0.0008696999866515398,16.0,1.0,4.0,-0.009984805730410246
LocStab,Karate Club,AF,Ld,0.4,0.4,8,0.44844801389190364,0.25403384494293585,0.0007075000321492553,11.0,1.0,4.0,0.369524697110904
LocStab,Karate Club,AF,S,0.4,0.4,8,0.20936758040146772,0.12809917355371903,0.0010275999666191638,31.0,1.0,3.0,0.0
LocStab,Karate Club,AF,P,0.4,0.4,8,0.3291384317521781,0.22569854388036217,0.0006920999730937183,11.0,1.0,2.0,0.10196837689577283
LocStab,Karate Club,AE,Ld,0.4,0.4,8,0.5341007819287577,0.2929948839039748,0.0008491000044159591,10.0,1.0,4.0,0.43244591654309356
LocStab,Karate Club,AE,S,0.4,0.4,8,0.5341007819287577,0.2929948839039748,0.0007664999575354159,30.0,1.0,4.0,0.0
LocStab,Karate Club,AE,P,0.4,0.4,8,0.44844801389190364,0.25403384494293585,0.0007163999835029244,16.0,1.0,4.0,-0.009984805730410246
Louvain,Karate Club,-,-,,,9,0.5088640840446487,0.4438541256723075,0.005742799956351519,,,,
Leiden,Karate Club,-,-,,,9,0.39223854417890813,0.440181031090122,0.012210299959406257,,,,
LocStab,Karate Club,B,Ld,0.2,0.2,9,0.1328306907639428,0.2961901013849066,0.0007204000139608979,14.0,1.0,16.0,0.38182148855819326
LocStab,Karate Club,B,S,0.2,0.2,9,0.09127248500999334,0.2625981522085418,0.000783399969805032,17.0,1.0,19.0,0.0
LocStab,Karate Club,B,P,0.2,0.2,9,0.12473643324825213,0.25787560203144616,0.0007250999915413558,27.0,1.0,19.0,0.0075463322605704135
LocStab,Karate Club,AF,Ld,0.2,0.2,9,0.39223854417890813,0.440181031090122,0.001049000013154,0.0,1.0,4.0,1.0
LocStab,Karate Club,AF,S,0.2,0.2,9,0.09900110987791343,0.28542381139783735,0.0009154999861493707,18.0,1.0,18.0,0.0
LocStab,Karate Club,AF,P,0.2,0.2,9,0.030789387487717,0.2304023537789771,0.0010105000110343099,10.0,1.0,7.0,0.3262364886996397
LocStab,Karate Club,AE,Ld,0.2,0.2,9,0.10256410256410256,0.26318847098067877,0.0007459000335074961,17.0,1.0,18.0,0.30170846964740095
LocStab,Karate Club,AE,S,0.2,0.2,9,0.07243639595600489,0.22325293753865183,0.001523899962194264,16.0,1.0,20.0,0.0
LocStab,Karate Club,AE,P,0.2,0.2,9,0.07997334221926025,0.22332789865257396,0.001199199992697686,28.0,1.0,20.0,0.05798067310896368
LocStab,Karate Club,B,Ld,0.25,0.35,9,0.1328306907639428,0.2961901013849066,0.0010742000304162502,14.0,1.0,16.0,0.38182148855819326
LocStab,Karate Club,B,S,0.25,0.35,9,0.09127248500999334,0.2625981522085418,0.0010979999788105488,17.0,1.0,19.0,0.0
LocStab,Karate Club,B,P,0.25,0.35,9,0.12473643324825213,0.25787560203144616,0.0011479999520815909,27.0,1.0,19.0,0.0075463322605704135
LocStab,Karate Club,AF,Ld,0.25,0.35,9,0.39223854417890813,0.440181031090122,0.0006912000244483352,0.0,1.0,4.0,1.0
LocStab,Karate Club,AF,S,0.25,0.35,9,0.09900110987791343,0.28542381139783735,0.0010912000434473157,18.0,1.0,18.0,0.0
LocStab,Karate Club,AF,P,0.25,0.35,9,0.030789387487717,0.2304023537789771,0.0009747999720275402,10.0,1.0,7.0,0.3262364886996397
LocStab,Karate Club,AE,Ld,0.25,0.35,9,0.10256410256410256,0.26318847098067877,0.0009257000056095421,17.0,1.0,18.0,0.30170846964740095
LocStab,Karate Club,AE,S,0.25,0.35,9,0.07243639595600489,0.22325293753865183,0.0011304999934509397,16.0,1.0,20.0,0.0
LocStab,Karate Club,AE,P,0.25,0.35,9,0.07997334221926025,0.22332789865257396,0.0007466999813914299,28.0,1.0,20.0,0.05798067310896368
LocStab,Karate Club,B,Ld,0.4,0.4,9,0.44844801389190364,0.25403384494293585,0.0007211000192910433,12.0,1.0,4.0,0.3080149114631873
LocStab,Karate Club,B,S,0.4,0.4,9,0.44844801389190364,0.25403384494293585,0.0007507000118494034,36.0,1.0,4.0,0.0
LocStab,Karate Club,B,P,0.4,0.4,9,0.44844801389190364,0.25403384494293585,0.0010290999780409038,19.0,1.0,4.0,-0.024310831343607554
LocStab,Karate Club,AF,Ld,0.4,0.4,9,0.44844801389190364,0.25403384494293585,0.0009830999770201743,12.0,1.0,4.0,0.3080149114631873
LocStab,Karate Club,AF,S,0.4,0.4,9,0.20936758040146772,0.12809917355371903,0.0011158999986946583,31.0,1.0,3.0,0.0
LocStab,Karate Club,AF,P,0.4,0.4,9,0.26288659793814434,0.1273120818575364,0.001041300012730062,15.0,1.0,2.0,0.007731958762886598
LocStab,Karate Club,AE,Ld,0.4,0.4,9,0.5341007819287577,0.2929948839039748,0.0010983999818563461,11.0,1.0,4.0,0.3624734952949818
LocStab,Karate Club,AE,S,0.4,0.4,9,0.5341007819287577,0.2929948839039748,0.0011123999720439315,30.0,1.0,4.0,0.0
LocStab,Karate Club,AE,P,0.4,0.4,9,0.44844801389190364,0.25403384494293585,0.0008259000023826957,19.0,1.0,4.0,-0.024310831343607554
Louvain,Cora,-,-,,,0,0.26278950433972353,0.8151463365918946,2.572950800007675,,,,
Leiden,Cora,-,-,,,0,0.13746643578723147,0.7995302234058425,4.088247400010005,,,,
LocStab,Cora,B,Ld,0.2,0.2,0,0.16441493901522433,0.6328116552927414,1.0756127000204287,1366.0,1.0,128.0,0.37421283656909043
LocStab,Cora,B,P,0.2,0.2,0,0.17464470360108073,0.6491361469409581,1.408648099983111,3581.0,1.0,50.0,0.0002728097034510034
LocStab,Cora,AF,Ld,0.2,0.2,0,0.19032569597650792,0.6995972399893686,0.5600206000381149,611.0,1.0,128.0,0.5564763531200244
LocStab,Cora,AF,P,0.2,0.2,0,0.18687054938505998,0.6172148189320968,1.3449278000043705,3138.0,1.0,50.0,0.0013032087305479582
LocStab,Cora,AE,Ld,0.2,0.2,0,0.12036691135654605,0.6356883714866102,0.8694269999978133,1155.0,1.0,128.0,0.5036361143371716
LocStab,Cora,AE,P,0.2,0.2,0,0.12475675098010099,0.6363312374601917,1.2815662000211887,3446.0,1.0,50.0,0.00207261957446294
LocStab,Cora,B,Ld,0.25,0.35,0,0.03738572197065499,0.3820645077962374,1.027241999981925,1586.0,1.0,128.0,0.07168753299727887
LocStab,Cora,B,P,0.25,0.35,0,0.03967304044058415,0.38602000826785554,1.050855599984061,3128.0,1.0,50.0,-0.00036317666495814697
LocStab,Cora,AF,Ld,0.25,0.35,0,0.04453746486339581,0.3853987883384468,1.0874308999627829,1477.0,1.0,128.0,0.08051743290066996
LocStab,Cora,AF,P,0.25,0.35,0,0.03700232494434299,0.33766355327389413,0.9331423999974504,2491.0,1.0,50.0,0.0070612600686234895
LocStab,Cora,AE,Ld,0.25,0.35,0,0.12360938930301954,0.48199851428445073,1.1177970999851823,1704.0,1.0,128.0,0.16485380081408293
LocStab,Cora,AE,P,0.25,0.35,0,0.1369528378876843,0.4739973753363752,1.0045034000067972,2911.0,1.0,50.0,0.0024964046585194822
LocStab,Cora,B,Ld,0.4,0.4,0,-0.0015388511582339428,0.14567236705487877,1.5236631999723613,2084.0,1.0,118.0,0.01955114006241305
LocStab,Cora,B,P,0.4,0.4,0,-0.0014079906479951003,0.14565081075384095,0.8084640000015497,2483.0,1.0,50.0,8.097229397277895e-05
LocStab,Cora,AF,Ld,0.4,0.4,0,-0.0014806956015348523,0.14570474637800299,1.5149078000104055,2082.0,1.0,113.0,0.019758018567195144
LocStab,Cora,AF,P,0.4,0.4,0,-0.0016271085857492778,0.1304141135941322,0.7274612999754027,2337.0,1.0,50.0,0.0007789359798184872
LocStab,Cora,AE,Ld,0.4,0.4,0,0.12538960535445975,0.4472724261273999,1.1043127000448294,1534.0,1.0,125.0,0.13912927027304753
LocStab,Cora,AE,P,0.4,0.4,0,0.05830215442987512,0.26612188754653904,0.7073518999968655,2149.0,1.0,50.0,0.052935701061122775
Louvain,Cora,-,-,,,1,0.2555130744301549,0.8155967753353126,2.251963099988643,,,,
Leiden,Cora,-,-,,,1,0.1495296335324018,0.7969954824023764,4.553290400013793,,,,
LocStab,Cora,B,Ld,0.2,0.2,1,0.16219120751084407,0.6420758211748138,1.0708395999972709,1409.0,1.0,132.0,0.41390722402552876
LocStab,Cora,B,P,0.2,0.2,1,0.1764606713195135,0.6524023842381763,1.3868688000366092,3528.0,1.0,50.0,-0.00034913576662662366
LocStab,Cora,AF,Ld,0.2,0.2,1,0.2012909464870067,0.6975383529851654,0.5834480000194162,659.0,1.0,132.0,0.5777494436376344
LocStab,Cora,AF,P,0.2,0.2,1,0.17529793736606133,0.6371448666711371,1.1903316999669187,3075.0,1.0,50.0,0.000952297498524266
LocStab,Cora,AE,Ld,0.2,0.2,1,0.1299575622574394,0.6504617786859623,0.8818848999799229,1125.0,1.0,132.0,0.5312844816937731
LocStab,Cora,AE,P,0.2,0.2,1,0.12318123301496901,0.6329957184627187,1.4067680000443943,3398.0,1.0,50.0,0.001972902078367992
LocStab,Cora,B,Ld,0.25,0.35,1,0.03717740463472512,0.3813568472791532,1.1973466000054032,1676.0,1.0,132.0,0.08434794906561052
LocStab,Cora,B,P,0.25,0.35,1,0.039665628325563806,0.384877129443057,1.1500137000111863,3158.0,1.0,50.0,-0.00037746460446277133
LocStab,Cora,AF,Ld,0.25,0.35,1,0.04472022868150509,0.3866937458798927,1.0753381000249647,1549.0,1.0,132.0,0.09432859107568492
LocStab,Cora,AF,P,0.25,0.35,1,0.03873014393558218,0.32815252197593997,0.9438595000538044,2456.0,1.0,50.0,0.009279744824370096
LocStab,Cora,AE,Ld,0.25,0.35,1,0.1123974485761764,0.48058466503769715,1.2224098999868147,1739.0,1.0,132.0,0.18066480196546372
LocStab,Cora,AE,P,0.25,0.35,1,0.13790740716163644,0.4760587033538517,1.000641299993731,2846.0,1.0,50.0,0.008212893150093107
LocStab,Cora,B,Ld,0.4,0.4,1,-0.0015388511582339428,0.14567236705487877,1.4086188999935985,2043.0,1.0,118.0,0.02189087231272123
LocStab,Cora,B,P,0.4,0.4,1,-0.0014100252473931434,0.14546339119061288,0.8083699000417255,2546.0,1.0,50.0,8.583035217110337e-05
LocStab,Cora,AF,Ld,0.4,0.4,1,-0.0014243732658360138,0.14572151039562933,1.4708130999933928,2043.0,1.0,114.0,0.02230507261564161
LocStab,Cora,AF,P,0.4,0.4,1,-0.00014494225396265192,0.13403022347763693,0.7321271999971941,2330.0,1.0,50.0,0.0008004771229080502
LocStab,Cora,AE,Ld,0.4,0.4,1,0.11882411671795606,0.4443817100044642,1.2756344000226818,1671.0,1.0,126.0,0.16121588672226156
LocStab,Cora,AE,P,0.4,0.4,1,0.10622890104289424,0.3376044484451535,0.7362578000174835,2176.0,1.0,50.0,0.029373447183386154
Louvain,Cora,-,-,,,2,0.24431592391768078,0.8136112982155762,2.177844899997581,,,,
Leiden,Cora,-,-,,,2,0.14442073436943748,0.7991773533988453,4.461812000023201,,,,
LocStab,Cora,B,Ld,0.2,0.2,2,0.16580057662020878,0.6378853911242748,0.976745399995707,1365.0,1.0,129.0,0.37237306364708805
LocStab,Cora,B,P,0.2,0.2,2,0.17421479317973715,0.6455041884198043,1.4058806999819353,3482.0,1.0,50.0,0.0004068230475179221
LocStab,Cora,AF,Ld,0.2,0.2,2,0.205799465697637,0.7056875322088112,0.5557705999817699,622.0,1.0,129.0,0.5663345442345527
LocStab,Cora,AF,P,0.2,0.2,2,0.17717851789568373,0.6256565248787355,1.4469919999828562,3131.0,1.0,50.0,0.0017562293296902298
LocStab,Cora,AE,Ld,0.2,0.2,2,0.11818614650884282,0.6371214975587713,0.9711991000222042,1207.0,1.0,129.0,0.47716489972529463
LocStab,Cora,AE,P,0.2,0.2,2,0.12906037511329818,0.6236815477057993,1.2830268000252545,3391.0,1.0,50.0,0.0026972165441390356
LocStab,Cora,B,Ld,0.25,0.35,2,0.037085102465586474,0.37946283636265465,1.1337956999777816,1648.0,1.0,129.0,0.07175194745351324
LocStab,Cora,B,P,0.25,0.35,2,0.03939603470761287,0.37991763662243605,1.1007221000036225,3193.0,1.0,50.0,1.3513584635758258e-05
LocStab,Cora,AF,Ld,0.25,0.35,2,0.04342887739724867,0.38757744653068116,1.08287320000818,1555.0,1.0,129.0,0.07923633047637028
LocStab,Cora,AF,P,0.25,0.35,2,0.03173628726814315,0.3478937860560994,0.9789656999637373,2522.0,1.0,50.0,0.008145220445849635
LocStab,Cora,AE,Ld,0.25,0.35,2,0.11996843887772121,0.49247591760919696,1.0762863000272773,1610.0,1.0,129.0,0.17745035697575187
LocStab,Cora,AE,P,0.25,0.35,2,0.11818855343662427,0.46208844336727156,0.9882045999984257,2854.0,1.0,50.0,0.009861523484135161
LocStab,Cora,B,Ld,0.4,0.4,2,-0.0015388511582339428,0.14567236705487877,1.5421532000182196,2095.0,1.0,118.0,0.019119570766552307
LocStab,Cora,B,P,0.4,0.4,2,-0.0014141593492162387,0.1456521389522396,0.8260464000049978,2443.0,1.0,50.0,7.299693975106229e-05
LocStab,Cora,AF,Ld,0.4,0.4,2,-0.0013311878696215616,0.14567990547822254,1.134996599983424,2094.0,1.0,116.0,0.019285054871560483
LocStab,Cora,AF,P,0.4,0.4,2,-0.004835969193273771,0.12855666403085092,0.7349296999746002,2324.0,1.0,50.0,0.0007181014436159079
LocStab,Cora,AE,Ld,0.4,0.4,2,0.06751996590475591,0.4379005505346465,1.2695420000236481,1722.0,1.0,129.0,0.1254180220020492
LocStab,Cora,AE,P,0.4,0.4,2,0.0909296112353441,0.3345092077174502,0.6894473999855109,2173.0,1.0,50.0,0.03545382270340926
Louvain,Cora,-,-,,,3,0.215017215967477,0.8153658303515877,2.2261952999979258,,,,
Leiden,Cora,-,-,,,3,0.16905305266105292,0.8003461500410449,4.678199200017843,,,,
LocStab,Cora,B,Ld,0.2,0.2,3,0.16313147773716347,0.6337749042584339,1.1375719000352547,1391.0,1.0,124.0,0.4119214628131752
LocStab,Cora,B,P,0.2,0.2,3,0.17485557180750963,0.6507069210336514,1.4086445000139065,3515.0,1.0,50.0,5.823687208047625e-05
LocStab,Cora,AF,Ld,0.2,0.2,3,0.20901611262968203,0.7023252338598407,0.48690979997627437,604.0,1.0,124.0,0.6078670978228962
LocStab,Cora,AF,P,0.2,0.2,3,0.1797154894948126,0.633272988852754,1.2914257000084035,3058.0,1.0,50.0,0.0020588793989415734
LocStab,Cora,AE,Ld,0.2,0.2,3,0.1341517759797873,0.6419640550744287,0.8251452000113204,1197.0,1.0,124.0,0.5211205915177218
LocStab,Cora,AE,P,0.2,0.2,3,0.12607958504460184,0.6257494090235071,1.232576299982611,3354.0,1.0,50.0,0.0024413244299697698
LocStab,Cora,B,Ld,0.25,0.35,3,0.037399606051184746,0.381491892748769,0.9215483000152744,1494.0,1.0,124.0,0.08555150758966272
LocStab,Cora,B,P,0.25,0.35,3,0.039618209158175294,0.385449026545445,1.0709958000225015,3170.0,1.0,50.0,-0.0001365959467348666
LocStab,Cora,AF,Ld,0.25,0.35,3,0.04778661706265732,0.39430861242610726,0.8213533000089228,1333.0,1.0,124.0,0.10252604534986559
LocStab,Cora,AF,P,0.25,0.35,3,0.046553664970057265,0.3566101598418568,1.0048189999652095,2541.0,1.0,50.0,0.006115969946026158
LocStab,Cora,AE,Ld,0.25,0.35,3,0.11702976544660826,0.4933593849278344,1.1141541000106372,1598.0,1.0,124.0,0.20050636716462422
LocStab,Cora,AE,P,0.25,0.35,3,0.1336104273085925,0.463709186437558,0.9737591000157408,2964.0,1.0,50.0,0.0031680649264092136
LocStab,Cora,B,Ld,0.4,0.4,3,-0.0015388511582339428,0.14567236705487877,1.411259299959056,2035.0,1.0,118.0,0.02254532963112681
LocStab,Cora,B,P,0.4,0.4,3,-0.0013760264750386053,0.14546287068042962,0.7316760999965481,2450.0,1.0,50.0,0.00019758855063453518
LocStab,Cora,AF,Ld,0.4,0.4,3,-0.0014400562282518136,0.14554812665872235,1.3580111999763176,2027.0,1.0,113.0,0.022980708757577274
LocStab,Cora,AF,P,0.4,0.4,3,-0.000625619753103455,0.13597822386417857,0.7735740999924019,2318.0,1.0,50.0,0.0009439474916433312
LocStab,Cora,AE,Ld,0.4,0.4,3,0.13971087996054707,0.4676663381828609,0.9330622000270523,1464.0,1.0,124.0,0.21393507034934797
LocStab,Cora,AE,P,0.4,0.4,3,0.05690064299577712,0.27801812983634727,0.7495000000344589,2147.0,1.0,50.0,0.037922008160566324
Louvain,Cora,-,-,,,4,0.22983312193720953,0.8137743255946991,2.4313924000016414,,,,
Leiden,Cora,-,-,,,4,0.13940002938174492,0.8015331824882856,4.770101500034798,,,,
LocStab,Cora,B,Ld,0.2,0.2,4,0.1630021235018383,0.6365534953084443,1.0362462000339292,1439.0,1.0,123.0,0.3531869347453378
LocStab,Cora,B,P,0.2,0.2,4,0.1754082749538028,0.6517366876110392,1.3429487999528646,3472.0,1.0,50.0,0.00027736950935501045
LocStab,Cora,AF,Ld,0.2,0.2,4,0.19999904406329502,0.7087867036858295,0.5227018999867141,640.0,1.0,123.0,0.5476526065372492
LocStab,Cora,AF,P,0.2,0.2,4,0.18400955249379772,0.6148626513625665,1.229741399991326,2981.0,1.0,50.0,0.0025744583940638475
LocStab,Cora,AE,Ld,0.2,0.2,4,0.11824305807321481,0.6435282958668906,0.9368238000315614,1233.0,1.0,123.0,0.45752749007588767
LocStab,Cora,AE,P,0.2,0.2,4,0.12372454575518503,0.6343627576902329,1.499162299965974,3357.0,1.0,50.0,0.0030736642048235087
LocStab,Cora,B,Ld,0.25,0.35,4,0.037177383952393506,0.3798587651258464,1.1466560999979265,1620.0,1.0,123.0,0.08317033021973076
LocStab,Cora,B,P,0.25,0.35,4,0.03893168460514605,0.38555485165029013,1.2839746999670751,3162.0,1.0,50.0,0.00013930043292458444
LocStab,Cora,AF,Ld,0.25,0.35,4,0.044960281681208865,0.3902854815279192,1.4207538000191562,1497.0,1.0,123.0,0.09219652759084138
LocStab,Cora,AF,P,0.25,0.35,4,0.0479940387081479,0.3399913107106925,0.992215100035537,2487.0,1.0,50.0,0.007799703096301919
LocStab,Cora,AE,Ld,0.25,0.35,4,0.11819953863770546,0.49747215126930533,0.9841817999840714,1557.0,1.0,123.0,0.17859606158560593
LocStab,Cora,AE,P,0.25,0.35,4,0.12537952679542871,0.45358296594887,0.9474920000066049,2935.0,1.0,50.0,0.00466608282803769
LocStab,Cora,B,Ld,0.4,0.4,4,-0.0015388511582339428,0.14567236705487877,1.5100826999987476,2099.0,1.0,118.0,0.021977601178848213
LocStab,Cora,B,P,0.4,0.4,4,-0.0013893841871407148,0.145652892794574,0.74823369999649,2454.0,1.0,50.0,3.1882045041376686e-05
LocStab,Cora,AF,Ld,0.4,0.4,4,-0.0014405789359704824,0.14551183453491015,1.3955415000091307,2094.0,1.0,114.0,0.022191581340408002
LocStab,Cora,AF,P,0.4,0.4,4,-0.0017343137191946315,0.13413263834335037,0.7091228000354022,2340.0,1.0,50.0,0.0004447698528182528
LocStab,Cora,AE,Ld,0.4,0.4,4,0.1032188125602543,0.4075100070775026,1.1820368000189774,1709.0,1.0,123.0,0.1290923336014374
LocStab,Cora,AE,P,0.4,0.4,4,0.05836762100396939,0.29838418562269026,0.6763207000331022,2217.0,1.0,50.0,0.030379916675825548
Louvain,Cora,-,-,,,5,0.22042361763619517,0.8153692764879735,2.317224400001578,,,,
Leiden,Cora,-,-,,,5,0.14635278937239943,0.7999869980145946,4.265606399974786,,,,
LocStab,Cora,B,Ld,0.2,0.2,5,0.16295116179523442,0.6369754316321721,0.9616550000500865,1357.0,1.0,130.0,0.40892492723776663
LocStab,Cora,B,P,0.2,0.2,5,0.17603965643257233,0.6565652631462565,1.2335720999981277,3533.0,1.0,50.0,-0.00041625683876080343
LocStab,Cora,AF,Ld,0.2,0.2,5,0.19715031388416454,0.7088922595612694,0.46838779997779056,591.0,1.0,130.0,0.5990658492864502
LocStab,Cora,AF,P,0.2,0.2,5,0.1821001411024694,0.643180271989186,1.209521799988579,2966.0,1.0,50.0,0.0019436502325104043
LocStab,Cora,AE,Ld,0.2,0.2,5,0.1270717449275991,0.6457899305617877,0.7863216000259854,1134.0,1.0,130.0,0.529148850177676
LocStab,Cora,AE,P,0.2,0.2,5,0.1305633634752584,0.6371677691192006,1.2691902000224218,3409.0,1.0,50.0,0.002474167223861963
LocStab,Cora,B,Ld,0.25,0.35,5,0.03758361023242122,0.38279849894914375,0.9613881999976002,1604.0,1.0,130.0,0.07558691975873458
LocStab,Cora,B,P,0.25,0.35,5,0.03906107298223687,0.38456823357223197,1.002404699975159,3170.0,1.0,50.0,0.00018837073761898446
LocStab,Cora,AF,Ld,0.25,0.35,5,0.044086380859175246,0.3859676521228703,0.9610673999995925,1498.0,1.0,130.0,0.08494863441125587
LocStab,Cora,AF,P,0.25,0.35,5,0.034105477013627324,0.34483295284637216,0.8023028000025079,2479.0,1.0,50.0,0.011982349628696634
LocStab,Cora,AE,Ld,0.25,0.35,5,0.11298886674683112,0.4870331041604774,0.9188500000163913,1547.0,1.0,130.0,0.1929512038291529
LocStab,Cora,AE,P,0.25,0.35,5,0.11542842657594743,0.4406649801179469,0.9271940999897197,2827.0,1.0,50.0,0.01169940765776134
LocStab,Cora,B,Ld,0.4,0.4,5,-0.0015372290483509198,0.14548288339954468,1.400960800005123,2050.0,1.0,119.0,0.020459998245036585
LocStab,Cora,B,P,0.4,0.4,5,-0.0013939666049513604,0.14565156459617534,0.7393685000133701,2430.0,1.0,50.0,0.00013766290525105894
LocStab,Cora,AF,Ld,0.4,0.4,5,-0.0014269889070053804,0.1458919146604529,1.3271033999626525,2046.0,1.0,113.0,0.02074853752795736
LocStab,Cora,AF,P,0.4,0.4,5,-0.0020547135394751756,0.12936395737646214,0.6762992999865673,2318.0,1.0,50.0,0.0008258971493272033
LocStab,Cora,AE,Ld,0.4,0.4,5,0.1219543834307357,0.44449047868413877,1.1462252999772318,1594.0,1.0,123.0,0.14295182482059252
LocStab,Cora,AE,P,0.4,0.4,5,0.03320671164756546,0.28500007394834326,0.631410899979528,2248.0,1.0,50.0,0.031247618475473048
Louvain,Cora,-,-,,,6,0.23206778020550053,0.8150371371451718,2.077306499995757,,,,
Leiden,Cora,-,-,,,6,0.16444685877037585,0.8021360589208912,4.014564100012649,,,,
LocStab,Cora,B,Ld,0.2,0.2,6,0.16483451230432938,0.6354984570642278,0.9456546999863349,1369.0,1.0,125.0,0.3873730711872053
LocStab,Cora,B,P,0.2,0.2,6,0.17309369405897898,0.653539716937229,1.257819099992048,3529.0,1.0,50.0,0.00041112334897071653
LocStab,Cora,AF,Ld,0.2,0.2,6,0.20245059361173023,0.7040928505449419,0.49975540000014007,607.0,1.0,125.0,0.597878816715971
LocStab,Cora,AF,P,0.2,0.2,6,0.1718421219583017,0.6039642988885779,1.1432472000014968,2996.0,1.0,50.0,0.0031518073673657606
LocStab,Cora,AE,Ld,0.2,0.2,6,0.13389199388863374,0.6505220501754586,0.8294194999616593,1216.0,1.0,125.0,0.48341666009612666
LocStab,Cora,AE,P,0.2,0.2,6,0.12464188936606718,0.629308047403329,1.2034208999830298,3393.0,1.0,50.0,0.0037070674714080923
LocStab,Cora,B,Ld,0.25,0.35,6,0.038055409924561454,0.3832303967608615,0.941782100009732,1565.0,1.0,125.0,0.09204164333529968
LocStab,Cora,B,P,0.25,0.35,6,0.039582720553719884,0.3811065357268857,1.0039251999696717,3143.0,1.0,50.0,-6.69944829795683e-05
LocStab,Cora,AF,Ld,0.25,0.35,6,0.047246329761523244,0.3906582206650153,0.8261546000139788,1447.0,1.0,125.0,0.10384364895902058
LocStab,Cora,AF,P,0.25,0.35,6,0.03409162707191548,0.33919580961302614,0.8423441999475472,2512.0,1.0,50.0,0.009350222401273967
LocStab,Cora,AE,Ld,0.25,0.35,6,0.12315532031401684,0.49548410749590666,0.9203261999646202,1632.0,1.0,125.0,0.20511263931279913
LocStab,Cora,AE,P,0.25,0.35,6,0.12965140465782352,0.47626240232177697,1.0211822999990545,2923.0,1.0,50.0,0.0035434905698793545
LocStab,Cora,B,Ld,0.4,0.4,6,-0.0015617499386915569,0.14548437313558643,1.401754999998957,2045.0,1.0,117.0,0.026525348817303725
LocStab,Cora,B,P,0.4,0.4,6,-0.0014615158324921074,0.14564935691505324,0.6882188000017777,2460.0,1.0,50.0,-4.312195222710558e-05
LocStab,Cora,AF,Ld,0.4,0.4,6,-0.0014724590776557956,0.14572395140890257,1.2180049000307918,2044.0,1.0,112.0,0.026875408120619695
LocStab,Cora,AF,P,0.4,0.4,6,-0.0016278048359950577,0.12918226342525002,0.6692006000084803,2319.0,1.0,50.0,0.0006939297016051224
LocStab,Cora,AE,Ld,0.4,0.4,6,0.11973037484792248,0.45503330475433285,0.880117800028529,1445.0,1.0,123.0,0.18056261663173842
LocStab,Cora,AE,P,0.4,0.4,6,0.08765431855821709,0.2916723503985528,0.6168789999792352,2228.0,1.0,50.0,0.03697433776241642
Louvain,Cora,-,-,,,7,0.2554750043223963,0.8141048136638159,2.188593099999707,,,,
Leiden,Cora,-,-,,,7,0.1235378193126901,0.7917711755388644,4.248009399976581,,,,
LocStab,Cora,B,Ld,0.2,0.2,7,0.16194286769225416,0.6405756390321469,0.9307509000063874,1450.0,1.0,126.0,0.3213121719393589
LocStab,Cora,B,P,0.2,0.2,7,0.17462526463919617,0.6532520363435287,1.270206999965012,3646.0,1.0,50.0,-6.497673899754627e-05
LocStab,Cora,AF,Ld,0.2,0.2,7,0.20069980092719492,0.6972611364410113,0.5959224999533035,788.0,1.0,126.0,0.4748055194638953
LocStab,Cora,AF,P,0.2,0.2,7,0.17889704680442794,0.61374592368732,1.138819899992086,3039.0,1.0,50.0,0.001577022123191293
LocStab,Cora,AE,Ld,0.2,0.2,7,0.10549252255954011,0.6353768192189877,0.8059662999585271,1193.0,1.0,126.0,0.42320543433742885
LocStab,Cora,AE,P,0.2,0.2,7,0.12536089088576685,0.6309310520006186,1.167695400014054,3400.0,1.0,50.0,0.0022426440517023523
LocStab,Cora,B,Ld,0.25,0.35,7,0.037255580327006335,0.3809717415380479,0.9725820000167005,1630.0,1.0,126.0,0.06186979227195782
LocStab,Cora,B,P,0.25,0.35,7,0.03941176632304366,0.3846774689162088,0.9705161000019871,3149.0,1.0,50.0,-0.00016785051954292066
LocStab,Cora,AF,Ld,0.25,0.35,7,0.04368702998263735,0.3889964470333863,0.9486862000194378,1523.0,1.0,126.0,0.06914640511549194
LocStab,Cora,AF,P,0.25,0.35,7,0.03466482024382039,0.33372031171452327,0.9404543000273407,2457.0,1.0,50.0,0.007364342516459105
LocStab,Cora,AE,Ld,0.25,0.35,7,0.11834572234987972,0.4877335134322499,1.1589230000390671,1791.0,1.0,126.0,0.14087037328915394
LocStab,Cora,AE,P,0.25,0.35,7,0.12270865381198562,0.47987806348960654,0.9045623000129126,2914.0,1.0,50.0,0.003286278006550098
LocStab,Cora,B,Ld,0.4,0.4,7,-0.0015373882744715186,0.14548286545091765,1.33843830000842,2108.0,1.0,118.0,0.017923908468978796
LocStab,Cora,B,P,0.4,0.4,7,-0.0013778075033188866,0.1454624040161274,0.6885637999512255,2446.0,1.0,50.0,0.00011124673982546838
LocStab,Cora,AF,Ld,0.4,0.4,7,-0.0014258755654585032,0.14589213004397703,1.3869036000105552,2102.0,1.0,114.0,0.018130685620021708
LocStab,Cora,AF,P,0.4,0.4,7,-0.002381640654167498,0.12831033707377934,0.7285037999972701,2324.0,1.0,50.0,0.000994424154200327
LocStab,Cora,AE,Ld,0.4,0.4,7,0.1238670342843572,0.43744228618985254,1.2523924000561237,1787.0,1.0,125.0,0.11387137097009807
LocStab,Cora,AE,P,0.4,0.4,7,0.07897847672776735,0.3030748259593433,0.6657381000113674,2163.0,1.0,50.0,0.037845158268242404
Louvain,Cora,-,-,,,8,0.24902741940643774,0.8141719594774566,2.0614040999789722,,,,
Leiden,Cora,-,-,,,8,0.13356247520505896,0.7991933815227644,4.127784099953715,,,,
LocStab,Cora,B,Ld,0.2,0.2,8,0.1641894426591595,0.6410476520252297,0.931598600000143,1393.0,1.0,129.0,0.3627035936580686
LocStab,Cora,B,P,0.2,0.2,8,0.17537610969360373,0.6538342539064469,1.2960902000195347,3585.0,1.0,50.0,-0.0002203237883165097
LocStab,Cora,AF,Ld,0.2,0.2,8,0.20191479216576472,0.7005650838035754,0.6388939000316896,695.0,1.0,129.0,0.5386852553071484
LocStab,Cora,AF,P,0.2,0.2,8,0.18496438315160546,0.6349972775522553,1.3406152999959886,3035.0,1.0,50.0,0.001164292976467273
LocStab,Cora,AE,Ld,0.2,0.2,8,0.11493309098895763,0.6478539329246885,0.8250149000086822,1191.0,1.0,129.0,0.474464555858568
LocStab,Cora,AE,P,0.2,0.2,8,0.12874786593694826,0.630569243577371,1.2032283000298776,3445.0,1.0,50.0,0.002736491917334228
LocStab,Cora,B,Ld,0.25,0.35,8,0.03728278487158738,0.3809256315152618,0.991826499986928,1611.0,1.0,129.0,0.07182426600096392
LocStab,Cora,B,P,0.25,0.35,8,0.039354210090180454,0.386058651661806,1.004549000004772,3192.0,1.0,50.0,-6.726889378918022e-05
LocStab,Cora,AF,Ld,0.25,0.35,8,0.04249061760043585,0.3887888891106542,0.978654499980621,1508.0,1.0,129.0,0.07827439873659382
LocStab,Cora,AF,P,0.25,0.35,8,0.04077420606753665,0.3595291809495857,0.9586276999907568,2505.0,1.0,50.0,0.0066134707313150925
LocStab,Cora,AE,Ld,0.25,0.35,8,0.11970071772462439,0.49476815471314434,1.148394800024107,1634.0,1.0,129.0,0.1698166589334366
LocStab,Cora,AE,P,0.25,0.35,8,0.15088874429057736,0.47853801899711396,1.0659447999787517,3239.0,1.0,50.0,8.77789874897571e-05
LocStab,Cora,B,Ld,0.4,0.4,8,-0.0015337957673561369,0.1454825244270045,1.390558399958536,2106.0,1.0,118.0,0.0197816061740333
LocStab,Cora,B,P,0.4,0.4,8,-0.0013797477752761922,0.14565262356516886,0.6815626999596134,2495.0,1.0,50.0,6.838756754653129e-05
LocStab,Cora,AF,Ld,0.4,0.4,8,-0.0014761537020973776,0.14570488996701905,1.2519789999932982,2105.0,1.0,113.0,0.019947570841618086
LocStab,Cora,AF,P,0.4,0.4,8,-0.0034218306351655172,0.12388451078001714,0.6064565000124276,2318.0,1.0,50.0,0.0006441027473406888
LocStab,Cora,AE,Ld,0.4,0.4,8,0.10778699945018698,0.43003093912529305,1.018572899978608,1679.0,1.0,124.0,0.1215699395746101
LocStab,Cora,AE,P,0.4,0.4,8,0.07945692753351262,0.34604220569385014,0.5697328999522142,2131.0,1.0,50.0,0.04031850030066867
Louvain,Cora,-,-,,,9,0.2543386001268511,0.8157477591857124,2.348971600004006,,,,
Leiden,Cora,-,-,,,9,0.1287299334095844,0.7949950002304603,3.900330699980259,,,,
LocStab,Cora,B,Ld,0.2,0.2,9,0.1666844514004506,0.6378657732749539,0.9277455999981612,1395.0,1.0,128.0,0.36487833571028827
LocStab,Cora,B,P,0.2,0.2,9,0.17367140684037102,0.6502655104496189,1.2008486000122502,3513.0,1.0,50.0,0.0008762404753977035
LocStab,Cora,AF,Ld,0.2,0.2,9,0.20042412437138282,0.6904422017595111,0.5307429999811575,671.0,1.0,128.0,0.5315490165568587
LocStab,Cora,AF,P,0.2,0.2,9,0.1798958061361108,0.6177006523679767,1.1838031000224873,3003.0,1.0,50.0,0.0026584285144708427
LocStab,Cora,AE,Ld,0.2,0.2,9,0.11338161036345144,0.6297430323788924,0.756929500028491,1182.0,1.0,128.0,0.4750309208140165
LocStab,Cora,AE,P,0.2,0.2,9,0.1308874018919981,0.629740411879349,1.1791751999990083,3369.0,1.0,50.0,0.003081252575717592
LocStab,Cora,B,Ld,0.25,0.35,9,0.03730446144687162,0.37927392706338486,1.057115099974908,1650.0,1.0,128.0,0.06888178464167928
LocStab,Cora,B,P,0.25,0.35,9,0.039308058417994396,0.3851139077305598,0.882318599964492,3161.0,1.0,50.0,0.0008288451246837645
LocStab,Cora,AF,Ld,0.25,0.35,9,0.04341747254612677,0.3863729321207337,0.8975882999948226,1559.0,1.0,128.0,0.07636621662150954
LocStab,Cora,AF,P,0.25,0.35,9,0.03218310174353291,0.3594386121776983,0.7506568999961019,2473.0,1.0,50.0,0.010580205088881505
LocStab,Cora,AE,Ld,0.25,0.35,9,0.12399888007940145,0.4959684691443717,0.9752509000245482,1750.0,1.0,128.0,0.16868392571917334
LocStab,Cora,AE,P,0.25,0.35,9,0.1413439814134308,0.4838899405986599,0.9071722999797203,2886.0,1.0,50.0,0.005903453107288625
LocStab,Cora,B,Ld,0.4,0.4,9,-0.0015388511582339428,0.14567236705487877,1.2477295999997295,2125.0,1.0,118.0,0.018456758639736993
LocStab,Cora,B,P,0.4,0.4,9,-0.0013914836960710337,0.14565161844205635,0.6076360999722965,2427.0,1.0,50.0,0.00021216615928844763
LocStab,Cora,AF,Ld,0.4,0.4,9,-0.0014383875579059408,0.14551170889452109,1.2406348999938928,2118.0,1.0,114.0,0.018657683893548608
LocStab,Cora,AF,P,0.4,0.4,9,-0.0017387953310551416,0.13060289725301297,0.6000729000079446,2317.0,1.0,50.0,0.0010163986207922208
LocStab,Cora,AE,Ld,0.4,0.4,9,0.10419617726484921,0.4046393216223089,1.1408345000236295,1857.0,1.0,126.0,0.11449082048412253
LocStab,Cora,AE,P,0.4,0.4,9,0.050738007880344355,0.2910645201448928,0.5606741000083275,2180.0,1.0,50.0,0.030965036529389187
Louvain,Jazz,-,-,,,0,,0.4426313987617848,0.16950249997898936,,,,
Leiden,Jazz,-,-,,,0,,0.4322897297941468,0.39161990000866354,,,,
LocStab,Jazz,B,Ld,0.2,0.2,0,,0.3158743478142901,0.010211899993009865,123.0,1.0,37.0,0.25360515135777284
LocStab,Jazz,B,S,0.2,0.2,0,,0.32693330800934856,0.01706659997580573,197.0,1.0,38.0,0.0
LocStab,Jazz,AF,Ld,0.2,0.2,0,,0.4418652285197014,0.00429230002919212,11.0,1.0,4.0,0.8458442040599177
LocStab,Jazz,AF,S,0.2,0.2,0,,0.3290320465450583,0.016665400005877018,180.0,1.0,35.0,0.0
LocStab,Jazz,AE,Ld,0.2,0.2,0,,0.3131980388808288,0.011120000039227307,127.0,1.0,38.0,0.2519892532138842
LocStab,Jazz,AE,S,0.2,0.2,0,,0.2353426797989616,0.01607519999379292,174.0,1.0,47.0,0.0
LocStab,Jazz,B,Ld,0.25,0.35,0,,0.43047954370010016,0.005282999947667122,30.0,1.0,14.0,0.7394815532525759
LocStab,Jazz,B,S,0.25,0.35,0,,0.2736327708323026,0.022994200000539422,227.0,1.0,19.0,0.0
LocStab,Jazz,AF,Ld,0.25,0.35,0,,0.43827092513942817,0.003851099987514317,8.0,1.0,4.0,0.887457970333473
LocStab,Jazz,AF,S,0.25,0.35,0,,0.2945640949521744,0.02033219998702407,199.0,1.0,19.0,0.0
LocStab,Jazz,AE,Ld,0.25,0.35,0,,0.4301125188267334,0.00566720002098009,33.0,1.0,14.0,0.7301690448925853
LocStab,Jazz,AE,S,0.25,0.35,0,,0.31681262538963556,0.01968610001495108,185.0,1.0,23.0,0.0
LocStab,Jazz,B,Ld,0.4,0.4,0,,0.03421803684852579,0.009172099991701543,95.0,1.0,10.0,0.10167833384738162
LocStab,Jazz,B,S,0.4,0.4,0,,0.03421803684852579,0.018175699980929494,191.0,1.0,10.0,0.0
LocStab,Jazz,AF,Ld,0.4,0.4,0,,0.03656981572544968,0.00796960003208369,85.0,1.0,3.0,0.13047812069440043
LocStab,Jazz,AF,S,0.4,0.4,0,,0.026194895727428783,0.019074800016824156,188.0,1.0,10.0,0.0
LocStab,Jazz,AE,Ld,0.4,0.4,0,,0.39361598837224765,0.004850300028920174,22.0,1.0,7.0,0.7320765861189582
LocStab,Jazz,AE,S,0.4,0.4,0,,0.12326536024698333,0.018790600006468594,185.0,1.0,16.0,0.0
Louvain,Jazz,-,-,,,1,,0.4355706754640913,0.20019820000743493,,,,
Leiden,Jazz,-,-,,,1,,0.44075351356987846,0.3668982000090182,,,,
LocStab,Jazz,B,Ld,0.2,0.2,1,,0.322159856589636,0.01079339999705553,104.0,1.0,37.0,0.32421625406521637
LocStab,Jazz,B,S,0.2,0.2,1,,0.3291248169198267,0.018283700046595186,192.0,1.0,38.0,0.0
LocStab,Jazz,AF,Ld,0.2,0.2,1,,0.44340189163781807,0.004133499984163791,5.0,1.0,4.0,0.926973996922775
LocStab,Jazz,AF,S,0.2,0.2,1,,0.325857304666157,0.01718250004341826,181.0,1.0,36.0,0.0
LocStab,Jazz,AE,Ld,0.2,0.2,1,,0.31146519468345285,0.010598199965897948,112.0,1.0,39.0,0.30245161949200483
LocStab,Jazz,AE,S,0.2,0.2,1,,0.23789655843855287,0.017047700006514788,182.0,1.0,44.0,0.0
LocStab,Jazz,B,Ld,0.25,0.35,1,,0.42911704947912926,0.005412400001659989,37.0,1.0,13.0,0.7078412465969072
LocStab,Jazz,B,S,0.25,0.35,1,,0.27165247246681673,0.02030679996823892,187.0,1.0,20.0,0.0
LocStab,Jazz,AF,Ld,0.25,0.35,1,,0.43744583407150617,0.004740100004710257,18.0,1.0,4.0,0.8368876920700308
LocStab,Jazz,AF,S,0.25,0.35,1,,0.2689613335738048,0.02044609998119995,180.0,1.0,21.0,0.0
LocStab,Jazz,AE,Ld,0.25,0.35,1,,0.4222551008410648,0.005931599996984005,35.0,1.0,13.0,0.7231368874780365
LocStab,Jazz,AE,S,0.25,0.35,1,,0.2663954845632756,0.019969700020737946,178.0,1.0,22.0,0.0
LocStab,Jazz,B,Ld,0.4,0.4,1,,0.03421803684852579,0.00928070000372827,116.0,1.0,10.0,0.04445587426965145
LocStab,Jazz,B,S,0.4,0.4,1,,0.03421803684852579,0.019747800019104034,210.0,1.0,10.0,0.0
LocStab,Jazz,AF,Ld,0.4,0.4,1,,0.03656981572544968,0.007730499957688153,106.0,1.0,3.0,0.06898930872652674
LocStab,Jazz,AF,S,0.4,0.4,1,,0.0058636197018472926,0.018128399970009923,191.0,1.0,10.0,0.0
LocStab,Jazz,AE,Ld,0.4,0.4,1,,0.38322437635697454,0.0050820999895222485,24.0,1.0,8.0,0.7507577823259051
LocStab,Jazz,AE,S,0.4,0.4,1,,0.1909650566251747,0.019744999997783452,217.0,1.0,17.0,0.0
Louvain,Jazz,-,-,,,2,,0.44307955614928596,0.18128090002574027,,,,
Leiden,Jazz,-,-,,,2,,0.4330981288448166,0.46625560004031286,,,,
LocStab,Jazz,B,Ld,0.2,0.2,2,,0.3187874705861385,0.011802100052591413,125.0,1.0,35.0,0.25692391607193943
LocStab,Jazz,B,S,0.2,0.2,2,,0.3229796274926967,0.023975699965376407,212.0,1.0,39.0,0.0
LocStab,Jazz,AF,Ld,0.2,0.2,2,,0.4419713658086837,0.005787599948234856,7.0,1.0,3.0,0.8944005122270876
LocStab,Jazz,AF,S,0.2,0.2,2,,0.3332698238653019,0.022541899990756065,189.0,1.0,34.0,0.0
LocStab,Jazz,AE,Ld,0.2,0.2,2,,0.3125915400866442,0.012924599985126406,139.0,1.0,38.0,0.24168098237577146
LocStab,Jazz,AE,S,0.2,0.2,2,,0.16629485364492474,0.017283199995290488,168.0,1.0,50.0,0.0
LocStab,Jazz,B,Ld,0.25,0.35,2,,0.4203493512856976,0.005127399985212833,27.0,1.0,14.0,0.7840682287361488
LocStab,Jazz,B,S,0.25,0.35,2,,0.27360922910279145,0.020614299981389195,183.0,1.0,19.0,0.0
LocStab,Jazz,AF,Ld,0.25,0.35,2,,0.4383938209477235,0.004105200001504272,4.0,1.0,3.0,0.9384494197412631
LocStab,Jazz,AF,S,0.25,0.35,2,,0.2748214286664315,0.021043799992185086,182.0,1.0,19.0,0.0
LocStab,Jazz,AE,Ld,0.25,0.35,2,,0.4193083280264689,0.005785399989690632,30.0,1.0,15.0,0.7752701228384453
LocStab,Jazz,AE,S,0.25,0.35,2,,0.32727805469235877,0.0229041000129655,184.0,1.0,22.0,0.0
LocStab,Jazz,B,Ld,0.4,0.4,2,,0.03421803684852579,0.008753000001888722,95.0,1.0,10.0,0.10831334830356294
LocStab,Jazz,B,S,0.4,0.4,2,,0.03421803684852579,0.020136900013312697,190.0,1.0,10.0,0.0
LocStab,Jazz,AF,Ld,0.4,0.4,2,,0.03656981572544968,0.010133200034033507,85.0,1.0,3.0,0.13656878495742245
LocStab,Jazz,AF,S,0.4,0.4,2,,0.025544306066956384,0.01870370004326105,188.0,1.0,10.0,0.0
LocStab,Jazz,AE,Ld,0.4,0.4,2,,0.39069641490050494,0.006357999984174967,14.0,1.0,7.0,0.8419328539909539
LocStab,Jazz,AE,S,0.4,0.4,2,,0.21831781973259787,0.021755399997346103,189.0,1.0,15.0,0.0
Louvain,Jazz,-,-,,,3,,0.4446760046200311,0.23396590002812445,,,,
Leiden,Jazz,-,-,,,3,,0.44451792922159067,0.4798356000101194,,,,
LocStab,Jazz,B,Ld,0.2,0.2,3,,0.32118699794269223,0.009158799948636442,103.0,1.0,37.0,0.3457333339933871
LocStab,Jazz,B,S,0.2,0.2,3,,0.31180548572839173,0.01651559997117147,195.0,1.0,39.0,0.0
LocStab,Jazz,AF,Ld,0.2,0.2,3,,0.4441100055808529,0.0036657999735325575,1.0,1.0,4.0,0.9856494226731027
LocStab,Jazz,AF,S,0.2,0.2,3,,0.3363936916677174,0.01641179999569431,188.0,1.0,35.0,0.0
LocStab,Jazz,AE,Ld,0.2,0.2,3,,0.3115558369922767,0.008912999997846782,111.0,1.0,39.0,0.32013473044305635
LocStab,Jazz,AE,S,0.2,0.2,3,,0.17417435031476755,0.015846800000872463,166.0,1.0,49.0,0.0
LocStab,Jazz,B,Ld,0.25,0.35,3,,0.43021566352298124,0.006355300021823496,55.0,1.0,15.0,0.6177540377475328
LocStab,Jazz,B,S,0.25,0.35,3,,0.2725204573639328,0.02055160002782941,182.0,1.0,19.0,0.0
LocStab,Jazz,AF,Ld,0.25,0.35,3,,0.442273750678986,0.005101499962620437,27.0,1.0,5.0,0.808862491862834
LocStab,Jazz,AF,S,0.25,0.35,3,,0.2742461858408068,0.02154079999309033,181.0,1.0,19.0,0.0
LocStab,Jazz,AE,Ld,0.25,0.35,3,,0.42487940516300715,0.006070600007660687,43.0,1.0,15.0,0.6946353355482249
LocStab,Jazz,AE,S,0.25,0.35,3,,0.3158316534912784,0.018645400006789714,185.0,1.0,23.0,0.0
LocStab,Jazz,B,Ld,0.4,0.4,3,,0.03421803684852579,0.01003929995931685,118.0,1.0,10.0,0.035726601965200284
LocStab,Jazz,B,S,0.4,0.4,3,,0.03421803684852579,0.019273200014140457,202.0,1.0,10.0,0.0
LocStab,Jazz,AF,Ld,0.4,0.4,3,,0.03435097446799667,0.007972999999765307,106.0,1.0,5.0,0.06479883242270888
LocStab,Jazz,AF,S,0.4,0.4,3,,0.010835978785310486,0.018735299992840737,188.0,1.0,11.0,0.0
LocStab,Jazz,AE,Ld,0.4,0.4,3,,0.3820000069162143,0.005523600033484399,32.0,1.0,8.0,0.6678799943034961
LocStab,Jazz,AE,S,0.4,0.4,3,,0.23824097261125923,0.02082399994833395,232.0,1.0,15.0,0.0
Louvain,Jazz,-,-,,,4,,0.44514384661751893,0.170200000051409,,,,
Leiden,Jazz,-,-,,,4,,0.44514384661751893,0.35137359995860606,,,,
LocStab,Jazz,B,Ld,0.2,0.2,4,,0.32118699794269223,0.010813300032168627,102.0,1.0,37.0,0.3401648254677304
LocStab,Jazz,B,S,0.2,0.2,4,,0.3189186126499688,0.019015299971215427,174.0,1.0,40.0,0.0
LocStab,Jazz,AF,Ld,0.2,0.2,4,,0.4444898653519475,0.004491900035645813,1.0,1.0,4.0,0.9854071928023282
LocStab,Jazz,AF,S,0.2,0.2,4,,0.3247271021434412,0.01732599997194484,173.0,1.0,35.0,0.0
LocStab,Jazz,AE,Ld,0.2,0.2,4,,0.31128344455137974,0.010373299999628216,111.0,1.0,39.0,0.3148280909992016
LocStab,Jazz,AE,S,0.2,0.2,4,,0.24488299893437096,0.01701750000938773,171.0,1.0,42.0,0.0
LocStab,Jazz,B,Ld,0.25,0.35,4,,0.4291197095615599,0.0062482000212185085,47.0,1.0,14.0,0.6325110132806767
LocStab,Jazz,B,S,0.25,0.35,4,,0.27231603002913846,0.021130799956154078,184.0,1.0,19.0,0.0
LocStab,Jazz,AF,Ld,0.25,0.35,4,,0.442273750678986,0.004933199961669743,22.0,1.0,5.0,0.8251107464717811
LocStab,Jazz,AF,S,0.25,0.35,4,,0.2741993683900277,0.019331499992404133,185.0,1.0,18.0,0.0
LocStab,Jazz,AE,Ld,0.25,0.35,4,,0.423781123629459,0.006039600004442036,38.0,1.0,14.0,0.7121416238195885
LocStab,Jazz,AE,S,0.25,0.35,4,,0.2751504143610402,0.020565900020301342,178.0,1.0,23.0,0.0
LocStab,Jazz,B,Ld,0.4,0.4,4,,0.03421803684852579,0.01139349996810779,118.0,1.0,10.0,0.03907575755683471
LocStab,Jazz,B,S,0.4,0.4,4,,0.03421803684852579,0.017887900001369417,191.0,1.0,10.0,0.0
LocStab,Jazz,AF,Ld,0.4,0.4,4,,0.03435097446799667,0.009334999951533973,106.0,1.0,5.0,0.06743973229584425
LocStab,Jazz,AF,S,0.4,0.4,4,,0.025544306066956384,0.01733459997922182,189.0,1.0,10.0,0.0
LocStab,Jazz,AE,Ld,0.4,0.4,4,,0.3831044066393529,0.0056443000212311745,30.0,1.0,8.0,0.6821386277321995
LocStab,Jazz,AE,S,0.4,0.4,4,,0.26330732836749143,0.01933500001905486,185.0,1.0,15.0,0.0
Louvain,Jazz,-,-,,,5,,0.4410392064229286,0.19856069999514148,,,,
Leiden,Jazz,-,-,,,5,,0.4446668938377062,0.39786030002869666,,,,
LocStab,Jazz,B,Ld,0.2,0.2,5,,0.32118699794269223,0.008583599992562085,101.0,1.0,37.0,0.3416056475991303
LocStab,Jazz,B,S,0.2,0.2,5,,0.321287881568874,0.016688000003341585,189.0,1.0,38.0,0.0
LocStab,Jazz,AF,Ld,0.2,0.2,5,,0.4442589701969684,0.00393960002111271,1.0,1.0,4.0,0.9857821066102159
LocStab,Jazz,AF,S,0.2,0.2,5,,0.32063177223735806,0.017548699979670346,183.0,1.0,34.0,0.0
LocStab,Jazz,AE,Ld,0.2,0.2,5,,0.3115558369922767,0.008908199961297214,109.0,1.0,39.0,0.31635589035558165
LocStab,Jazz,AE,S,0.2,0.2,5,,0.23784708090534307,0.016535200004000217,175.0,1.0,47.0,0.0
LocStab,Jazz,B,Ld,0.25,0.35,5,,0.42921095038893065,0.0063260000315494835,51.0,1.0,13.0,0.6438574592415277
LocStab,Jazz,B,S,0.25,0.35,5,,0.2705770011401113,0.021005599992349744,180.0,1.0,21.0,0.0
LocStab,Jazz,AF,Ld,0.25,0.35,5,,0.442273750678986,0.004628200025763363,26.0,1.0,5.0,0.8294980506971603
LocStab,Jazz,AF,S,0.25,0.35,5,,0.27231270492610027,0.019421399978455156,181.0,1.0,20.0,0.0
LocStab,Jazz,AE,Ld,0.25,0.35,5,,0.4207837427466202,0.005885699996724725,45.0,1.0,13.0,0.6405971477676302
LocStab,Jazz,AE,S,0.25,0.35,5,,0.27353906942868345,0.021161000011488795,175.0,1.0,24.0,0.0
LocStab,Jazz,B,Ld,0.4,0.4,5,,0.03421803684852579,0.01045559998601675,116.0,1.0,10.0,0.038544986640895285
LocStab,Jazz,B,S,0.4,0.4,5,,0.03421803684852579,0.01777159998891875,190.0,1.0,10.0,0.0
LocStab,Jazz,AF,Ld,0.4,0.4,5,,0.03435097446799667,0.008468300045933574,104.0,1.0,5.0,0.06867590246954453
LocStab,Jazz,AF,S,0.4,0.4,5,,0.025544306066956384,0.017410900036338717,188.0,1.0,10.0,0.0
LocStab,Jazz,AE,Ld,0.4,0.4,5,,0.3821425873344963,0.005272699985653162,31.0,1.0,8.0,0.6789169684690791
LocStab,Jazz,AE,S,0.4,0.4,5,,0.24882730266045486,0.017888200003653765,182.0,1.0,16.0,0.0
Louvain,Jazz,-,-,,,6,,0.4367580697590657,0.1600845999782905,,,,
Leiden,Jazz,-,-,,,6,,0.441564838711222,0.4062382999691181,,,,
LocStab,Jazz,B,Ld,0.2,0.2,6,,0.31880176852920317,0.01027639996027574,121.0,1.0,36.0,0.2640368270588746
LocStab,Jazz,B,S,0.2,0.2,6,,0.31651635870892364,0.017744300013873726,191.0,1.0,38.0,0.0
LocStab,Jazz,AF,Ld,0.2,0.2,6,,0.4440312671409062,0.0048105999594554305,2.0,1.0,3.0,0.9688100587955751
LocStab,Jazz,AF,S,0.2,0.2,6,,0.33076183164763906,0.01654649997362867,176.0,1.0,36.0,0.0
LocStab,Jazz,AE,Ld,0.2,0.2,6,,0.31287856298090966,0.010120699997060001,125.0,1.0,38.0,0.2559069639538781
LocStab,Jazz,AE,S,0.2,0.2,6,,0.23823425590312192,0.014409700001124293,165.0,1.0,47.0,0.0
LocStab,Jazz,B,Ld,0.25,0.35,6,,0.43047954370010016,0.005398600012995303,30.0,1.0,14.0,0.74074791391912
LocStab,Jazz,B,S,0.25,0.35,6,,0.2725370828791242,0.0208178999600932,182.0,1.0,19.0,0.0
LocStab,Jazz,AF,Ld,0.25,0.35,6,,0.44277358016770224,0.004523799987509847,3.0,1.0,3.0,0.9533558831649768
LocStab,Jazz,AF,S,0.25,0.35,6,,0.2761611126805598,0.019390399975236505,181.0,1.0,18.0,0.0
LocStab,Jazz,AE,Ld,0.25,0.35,6,,0.4301125188267334,0.005841399950440973,33.0,1.0,14.0,0.7327877876712525
LocStab,Jazz,AE,S,0.25,0.35,6,,0.34407461318411336,0.019618600024841726,187.0,1.0,22.0,0.0
LocStab,Jazz,B,Ld,0.4,0.4,6,,0.03421803684852579,0.008356400008779019,100.0,1.0,10.0,0.09712766706325573
LocStab,Jazz,B,S,0.4,0.4,6,,0.03421803684852579,0.018642300041392446,190.0,1.0,10.0,0.0
LocStab,Jazz,AF,Ld,0.4,0.4,6,,0.03656981572544968,0.008063499990385026,90.0,1.0,3.0,0.12322313072383659
LocStab,Jazz,AF,S,0.4,0.4,6,,0.025544306066956384,0.017510600038804114,188.0,1.0,10.0,0.0
LocStab,Jazz,AE,Ld,0.4,0.4,6,,0.39288220463375717,0.005175099999178201,18.0,1.0,7.0,0.7842899934911154
LocStab,Jazz,AE,S,0.4,0.4,6,,0.15804500699867688,0.017781400005333126,186.0,1.0,16.0,0.0
Louvain,Jazz,-,-,,,7,,0.44514384661751893,0.18136729998514056,,,,
Leiden,Jazz,-,-,,,7,,0.43916843695152424,0.345832499966491,,,,
LocStab,Jazz,B,Ld,0.2,0.2,7,,0.322159856589636,0.009968500002287328,106.0,1.0,37.0,0.33112546452629404
LocStab,Jazz,B,S,0.2,0.2,7,,0.3092714247029087,0.01961199997458607,204.0,1.0,41.0,0.0
LocStab,Jazz,AF,Ld,0.2,0.2,7,,0.4437778277873275,0.004224199976306409,5.0,1.0,4.0,0.9278797599795559
LocStab,Jazz,AF,S,0.2,0.2,7,,0.3044280131152704,0.018318200018256903,186.0,1.0,36.0,0.0
LocStab,Jazz,AE,Ld,0.2,0.2,7,,0.31146519468345285,0.01120980002451688,114.0,1.0,39.0,0.3094312362960622
LocStab,Jazz,AE,S,0.2,0.2,7,,0.25376062503424857,0.01772760000312701,182.0,1.0,44.0,0.0
LocStab,Jazz,B,Ld,0.25,0.35,7,,0.43021300344055063,0.005991099984385073,42.0,1.0,14.0,0.6751431753274855
LocStab,Jazz,B,S,0.25,0.35,7,,0.27427278666511323,0.02137070003664121,185.0,1.0,18.0,0.0
LocStab,Jazz,AF,Ld,0.25,0.35,7,,0.43745075522400284,0.005378599977120757,22.0,1.0,5.0,0.8058739972114858
LocStab,Jazz,AF,S,0.25,0.35,7,,0.2764212687422757,0.022676899970974773,184.0,1.0,18.0,0.0
LocStab,Jazz,AE,Ld,0.25,0.35,7,,0.4215780433604076,0.005798299971502274,39.0,1.0,15.0,0.6966212499473938
LocStab,Jazz,AE,S,0.25,0.35,7,,0.33506604452658784,0.020462799991946667,187.0,1.0,24.0,0.0
LocStab,Jazz,B,Ld,0.4,0.4,7,,0.03421803684852579,0.009008599969092757,117.0,1.0,10.0,0.0464594715306845
LocStab,Jazz,B,S,0.4,0.4,7,,0.03421803684852579,0.017986199993174523,190.0,1.0,10.0,0.0
LocStab,Jazz,AF,Ld,0.4,0.4,7,,0.03656981572544968,0.008774899994023144,107.0,1.0,3.0,0.0717960165874223
LocStab,Jazz,AF,S,0.4,0.4,7,,0.025544306066956384,0.018191499984823167,188.0,1.0,10.0,0.0
LocStab,Jazz,AE,Ld,0.4,0.4,7,,0.39690065815759495,0.004773200023919344,15.0,1.0,8.0,0.8492656430733729
LocStab,Jazz,AE,S,0.4,0.4,7,,0.2220090166154069,0.017989000014495105,187.0,1.0,15.0,0.0
Louvain,Jazz,-,-,,,8,,0.4402112557663937,0.17569669999647886,,,,
Leiden,Jazz,-,-,,,8,,0.4446760046200311,0.3979952000081539,,,,
LocStab,Jazz,B,Ld,0.2,0.2,8,,0.32219197708498587,0.009262599982321262,102.0,1.0,36.0,0.342648433734282
LocStab,Jazz,B,S,0.2,0.2,8,,0.32748480959927984,0.016944400034844875,183.0,1.0,36.0,0.0
LocStab,Jazz,AF,Ld,0.2,0.2,8,,0.44424101464056165,0.004320999956689775,1.0,1.0,4.0,0.9856317183742916
LocStab,Jazz,AF,S,0.2,0.2,8,,0.32023794703350267,0.017486400029156357,173.0,1.0,38.0,0.0
LocStab,Jazz,AE,Ld,0.2,0.2,8,,0.3118694607108485,0.009576400043442845,109.0,1.0,39.0,0.3177015849190587
LocStab,Jazz,AE,S,0.2,0.2,8,,0.23325830570837727,0.0176159999682568,184.0,1.0,47.0,0.0
LocStab,Jazz,B,Ld,0.25,0.35,8,,0.42911704947912926,0.0063729999819770455,48.0,1.0,13.0,0.6501278427865114
LocStab,Jazz,B,S,0.25,0.35,8,,0.27427278666511323,0.025580400018952787,228.0,1.0,18.0,0.0
LocStab,Jazz,AF,Ld,0.25,0.35,8,,0.44230081701771773,0.005660400027409196,23.0,1.0,5.0,0.8430799358941076
LocStab,Jazz,AF,S,0.25,0.35,8,,0.29448256342567547,0.021641500003170222,199.0,1.0,18.0,0.0
LocStab,Jazz,AE,Ld,0.25,0.35,8,,0.42188634691411814,0.006146500003524125,46.0,1.0,14.0,0.6523425043217517
LocStab,Jazz,AE,S,0.25,0.35,8,,0.4163378804782402,0.020957499975338578,204.0,1.0,23.0,0.0
LocStab,Jazz,B,Ld,0.4,0.4,8,,0.03421803684852579,0.010215199959930032,117.0,1.0,10.0,0.038133329152769874
LocStab,Jazz,B,S,0.4,0.4,8,,0.03421803684852579,0.01993820001371205,193.0,1.0,10.0,0.0
LocStab,Jazz,AF,Ld,0.4,0.4,8,,0.03435097446799667,0.008410499955061823,105.0,1.0,5.0,0.06751671050815673
LocStab,Jazz,AF,S,0.4,0.4,8,,0.02556438968930768,0.018891300016548485,190.0,1.0,9.0,0.0
LocStab,Jazz,AE,Ld,0.4,0.4,8,,0.3821425873344963,0.00535150000359863,30.0,1.0,8.0,0.6908625174735625
LocStab,Jazz,AE,S,0.4,0.4,8,,0.25483310376821955,0.019372599956113845,207.0,1.0,15.0,0.0
Louvain,Jazz,-,-,,,9,,0.4422084456553139,0.15830249997088686,,,,
Leiden,Jazz,-,-,,,9,,0.4446152882385519,0.4028961999574676,,,,
LocStab,Jazz,B,Ld,0.2,0.2,9,,0.32118699794269223,0.0094202000182122,105.0,1.0,37.0,0.3235925671313354
LocStab,Jazz,B,S,0.2,0.2,9,,0.31678516003853924,0.018069100042339414,192.0,1.0,41.0,0.0
LocStab,Jazz,AF,Ld,0.2,0.2,9,,0.44140071162525185,0.004555199993774295,4.0,1.0,5.0,0.9479249806015703
LocStab,Jazz,AF,S,0.2,0.2,9,,0.3146134022401086,0.015941700024995953,170.0,1.0,35.0,0.0
LocStab,Jazz,AE,Ld,0.2,0.2,9,,0.3087097482976802,0.010072999983094633,116.0,1.0,39.0,0.30186816585590137
LocStab,Jazz,AE,S,0.2,0.2,9,,0.23388960977122758,0.01666209998074919,178.0,1.0,45.0,0.0
LocStab,Jazz,B,Ld,0.25,0.35,9,,0.4291197095615599,0.007642499986104667,47.0,1.0,14.0,0.6255050105845877
LocStab,Jazz,B,S,0.25,0.35,9,,0.27427278666511323,0.024550599977374077,226.0,1.0,18.0,0.0
LocStab,Jazz,AF,Ld,0.25,0.35,9,,0.44238135101330517,0.005031900014728308,21.0,1.0,4.0,0.8114685850721264
LocStab,Jazz,AF,S,0.25,0.35,9,,0.27248554378203066,0.019963799975812435,195.0,1.0,19.0,0.0
LocStab,Jazz,AE,Ld,0.25,0.35,9,,0.423781123629459,0.005603300000075251,37.0,1.0,14.0,0.706185705742386
LocStab,Jazz,AE,S,0.25,0.35,9,,0.2709313906219326,0.02005359996110201,180.0,1.0,25.0,0.0
LocStab,Jazz,B,Ld,0.4,0.4,9,,0.03421803684852579,0.012097100028768182,118.0,1.0,10.0,0.03509432488466428
LocStab,Jazz,B,S,0.4,0.4,9,,0.03421803684852579,0.018294100009370595,191.0,1.0,10.0,0.0
LocStab,Jazz,AF,Ld,0.4,0.4,9,,0.03435097446799667,0.008970800030510873,106.0,1.0,5.0,0.0627917646217598
LocStab,Jazz,AF,S,0.4,0.4,9,,0.025544306066956384,0.018592000007629395,189.0,1.0,10.0,0.0
LocStab,Jazz,AE,Ld,0.4,0.4,9,,0.3838262200069056,0.0056102999951690435,30.0,1.0,8.0,0.6793608395968809
LocStab,Jazz,AE,S,0.4,0.4,9,,0.08433591840143942,0.019707500003278255,183.0,1.0,16.0,0.0
Louvain,Random-25,-,-,,,0,0.9070120781473012,0.8531858732333188,0.06745929998578504,,,,
Leiden,Random-25,-,-,,,0,0.9150460593654043,0.853208148172898,0.11008219997165725,,,,
LocStab,Random-25,B,Ld,0.2,0.2,0,0.9396577879292678,0.8363200314819146,0.007490799995139241,36.0,1.0,32.0,0.8581462195638844
LocStab,Random-25,B,S,0.2,0.2,0,0.8987326254093719,0.8232149420294697,0.030428900034166873,243.0,1.0,36.0,0.0
LocStab,Random-25,B,P,0.2,0.2,0,0.9158122308454713,0.8230775799020644,0.024923000019043684,239.0,1.0,35.0,-0.003037135355385409
LocStab,Random-25,AF,Ld,0.2,0.2,0,0.887124668353339,0.8453636569510805,0.005433899990748614,4.0,1.0,23.0,0.9664135796728922
LocStab,Random-25,AF,S,0.2,0.2,0,0.9090084660639977,0.822830699321728,0.03094039997085929,246.0,1.0,32.0,0.0
LocStab,Random-25,AF,P,0.2,0.2,0,0.9214196647115873,0.823003330103467,0.025551100028678775,242.0,1.0,34.0,-0.0023784233131667666
LocStab,Random-25,AE,Ld,0.2,0.2,0,0.9278676202891402,0.8216853961783628,0.008820299990475178,38.0,1.0,37.0,0.846356179008612
LocStab,Random-25,AE,S,0.2,0.2,0,0.7250570497420215,0.6712126105857937,0.02807159995427355,209.0,1.0,55.0,0.0
LocStab,Random-25,AE,P,0.2,0.2,0,0.8907143365519204,0.8145017281640623,0.025338200037367642,238.0,1.0,38.0,-0.0022775260373419375
LocStab,Random-25,B,Ld,0.25,0.35,0,0.5627617772788117,0.7389395643764316,0.011672399996314198,78.0,1.0,22.0,0.5908563044614022
LocStab,Random-25,B,S,0.25,0.35,0,0.47462189081975165,0.7100433990072802,0.03643290000036359,273.0,1.0,19.0,0.0
LocStab,Random-25,B,P,0.25,0.35,0,0.4850746563360147,0.7014322786149443,0.025838200002908707,244.0,1.0,20.0,0.0019429207785899608
LocStab,Random-25,AF,Ld,0.25,0.35,0,0.539967121087263,0.7323146260965767,0.010800800053402781,84.0,1.0,21.0,0.5696868511987947
LocStab,Random-25,AF,S,0.25,0.35,0,0.44465054653858893,0.642873318706123,0.037920799979474396,251.0,1.0,23.0,0.0
LocStab,Random-25,AF,P,0.25,0.35,0,0.4594144287423699,0.6927580458938005,0.028617999982088804,249.0,1.0,19.0,0.001802456794050378
LocStab,Random-25,AE,Ld,0.25,0.35,0,0.6327503520724699,0.7274661142481651,0.00856510002631694,52.0,1.0,24.0,0.6498137077022924
LocStab,Random-25,AE,S,0.25,0.35,0,0.5342804783586178,0.6379913944483425,0.03581329999724403,245.0,1.0,27.0,0.0
LocStab,Random-25,AE,P,0.25,0.35,0,0.5061188624759533,0.6771971443527459,0.024625400023069233,245.0,1.0,24.0,0.0012625885624832046
LocStab,Random-25,B,Ld,0.4,0.4,0,0.22196200616972717,0.6181184358537428,0.020624700002372265,190.0,1.0,14.0,0.23275409197147037
LocStab,Random-25,B,S,0.4,0.4,0,0.19955403108134417,0.5959957083616411,0.04697260004468262,373.0,1.0,14.0,0.0
LocStab,Random-25,B,P,0.4,0.4,0,0.19663322043518688,0.6014474998236568,0.025610700016841292,243.0,1.0,12.0,-0.005758178891905315
LocStab,Random-25,AF,Ld,0.4,0.4,0,0.20681456779831103,0.6154435868592707,0.022323499957565218,182.0,1.0,11.0,0.224453355195092
LocStab,Random-25,AF,S,0.4,0.4,0,0.13572720424399812,0.5120377485976069,0.03856319998158142,247.0,1.0,13.0,0.0
LocStab,Random-25,AF,P,0.4,0.4,0,0.15611738668992242,0.5504675881066672,0.026386199984699488,229.0,1.0,11.0,-0.000941199700527368
LocStab,Random-25,AE,Ld,0.4,0.4,0,0.4278975841666791,0.6689071543393438,0.014216800045687705,118.0,1.0,17.0,0.4601224185881471
LocStab,Random-25,AE,S,0.4,0.4,0,0.3238850212323033,0.5454390204966568,0.03701910004019737,246.0,1.0,22.0,0.0
LocStab,Random-25,AE,P,0.4,0.4,0,0.29082378669786013,0.5723230163238182,0.025452100031543523,242.0,1.0,19.0,0.004831593535836438
Louvain,Random-25,-,-,,,1,0.9150460593654043,0.853208148172898,0.0638269999762997,,,,
Leiden,Random-25,-,-,,,1,0.9076675868320218,0.8533640727499526,0.10141220001969486,,,,
LocStab,Random-25,B,Ld,0.2,0.2,1,0.9396577879292678,0.8363200314819146,0.006915000034496188,31.0,1.0,32.0,0.8642460732831317
LocStab,Random-25,B,S,0.2,0.2,1,0.9150540086905159,0.8175849510508202,0.03080680000130087,236.0,1.0,37.0,0.0
LocStab,Random-25,B,P,0.2,0.2,1,0.9278694452707156,0.8253292050445312,0.025519999966491014,251.0,1.0,36.0,-0.006439082430753617
LocStab,Random-25,AF,Ld,0.2,0.2,1,0.8782063580128487,0.8418739164170017,0.005856600007973611,7.0,1.0,23.0,0.9345992646035602
LocStab,Random-25,AF,S,0.2,0.2,1,0.9280642846893385,0.8226487873151643,0.0289860000484623,238.0,1.0,34.0,0.0
LocStab,Random-25,AF,P,0.2,0.2,1,0.889585438683635,0.8123540527396319,0.025947999965865165,248.0,1.0,33.0,-0.007947518969563057
LocStab,Random-25,AE,Ld,0.2,0.2,1,0.9252138502404719,0.8234989475091048,0.007415200001560152,35.0,1.0,37.0,0.849415055677984
LocStab,Random-25,AE,S,0.2,0.2,1,0.7123552642183596,0.6395116590746247,0.026758900028653443,210.0,1.0,53.0,0.0
LocStab,Random-25,AE,P,0.2,0.2,1,0.8855881513508261,0.7905598806063238,0.026818200014531612,240.0,1.0,42.0,-0.0034977562136788987
LocStab,Random-25,B,Ld,0.25,0.35,1,0.5871372846612651,0.6980557690237265,0.009149099991191179,55.0,1.0,23.0,0.639210130868018
LocStab,Random-25,B,S,0.25,0.35,1,0.44741667995535,0.6895077609601984,0.04036370001267642,276.0,1.0,21.0,0.0
LocStab,Random-25,B,P,0.25,0.35,1,0.4537850513591175,0.6595386860013143,0.02676799998153001,244.0,1.0,21.0,-0.006762559038213826
LocStab,Random-25,AF,Ld,0.25,0.35,1,0.5003221451171418,0.7107729032784998,0.010649000003468245,84.0,1.0,20.0,0.5714948835744973
LocStab,Random-25,AF,S,0.25,0.35,1,0.42487246616393515,0.6893351301784594,0.036854300007689744,264.0,1.0,19.0,0.0
LocStab,Random-25,AF,P,0.25,0.35,1,0.4453163009929045,0.6782811914122683,0.02547479997156188,239.0,1.0,19.0,-0.006959283520743569
LocStab,Random-25,AE,Ld,0.25,0.35,1,0.6712822098742032,0.7170340175452274,0.008241300005465746,37.0,1.0,23.0,0.725125778239681
LocStab,Random-25,AE,S,0.25,0.35,1,0.49400670499878263,0.6155735240068161,0.034434900037012994,250.0,1.0,27.0,0.0
LocStab,Random-25,AE,P,0.25,0.35,1,0.4296522523773166,0.6132996239247701,0.02672239998355508,243.0,1.0,25.0,-0.007470326924411744
LocStab,Random-25,B,Ld,0.4,0.4,1,0.21906687911100217,0.609212172511982,0.020111899997573346,191.0,1.0,13.0,0.24699913783140107
LocStab,Random-25,B,S,0.4,0.4,1,0.2177188232313636,0.6219738566459138,0.04107480001403019,301.0,1.0,11.0,0.0
LocStab,Random-25,B,P,0.4,0.4,1,0.22190315649764147,0.6209714843648486,0.030748800025321543,291.0,1.0,11.0,0.00022120676483058225
LocStab,Random-25,AF,Ld,0.4,0.4,1,0.20593093867290335,0.6098785644543939,0.019360499980393797,184.0,1.0,11.0,0.245355099543233
LocStab,Random-25,AF,S,0.4,0.4,1,0.1305368079844271,0.5204057008995363,0.03577319998294115,247.0,1.0,11.0,0.0
LocStab,Random-25,AF,P,0.4,0.4,1,0.1747529957681245,0.5824562575874013,0.02581379999173805,239.0,1.0,11.0,-0.002961443877684026
LocStab,Random-25,AE,Ld,0.4,0.4,1,0.40768614660826774,0.6474786624641281,0.014331200043670833,113.0,1.0,16.0,0.47013403967543216
LocStab,Random-25,AE,S,0.4,0.4,1,0.36570477863018763,0.5833027052914119,0.03666709997924045,247.0,1.0,24.0,0.0
LocStab,Random-25,AE,P,0.4,0.4,1,0.3082372179151168,0.5995652674292121,0.024890700005926192,225.0,1.0,19.0,0.0008466990049670854
Louvain,Random-25,-,-,,,2,0.9150460593654043,0.853208148172898,0.05580360000021756,,,,
Leiden,Random-25,-,-,,,2,0.9076675868320218,0.8533640727499526,0.10059539997018874,,,,
LocStab,Random-25,B,Ld,0.2,0.2,2,0.9396577879292678,0.8363200314819146,0.0076898999977856874,31.0,1.0,32.0,0.8642460732831317
LocStab,Random-25,B,S,0.2,0.2,2,0.9105222980414552,0.8232409294589789,0.03063090000068769,236.0,1.0,36.0,0.0
LocStab,Random-25,B,P,0.2,0.2,2,0.902957857080534,0.8193706587070883,0.027696099947206676,247.0,1.0,35.0,0.0010935636797254457
LocStab,Random-25,AF,Ld,0.2,0.2,2,0.8782063580128487,0.8477303692813734,0.005681199952960014,7.0,1.0,23.0,0.9345992646035602
LocStab,Random-25,AF,S,0.2,0.2,2,0.9069383671521473,0.8245254509747142,0.03008850000333041,233.0,1.0,34.0,0.0
LocStab,Random-25,AF,P,0.2,0.2,2,0.8793653164513331,0.8050126039033119,0.027020500041544437,242.0,1.0,33.0,0.002975797232163887
LocStab,Random-25,AE,Ld,0.2,0.2,2,0.9252138502404719,0.8234989475091048,0.0076228000107221305,35.0,1.0,37.0,0.849415055677984
LocStab,Random-25,AE,S,0.2,0.2,2,0.7119467808738731,0.6479594299100463,0.02813260001130402,209.0,1.0,56.0,0.0
LocStab,Random-25,AE,P,0.2,0.2,2,0.8864140436977962,0.804665486094869,0.02615749998949468,246.0,1.0,38.0,0.002206125241847954
LocStab,Random-25,B,Ld,0.25,0.35,2,0.5927192137746099,0.7038324033546058,0.009915800008457154,60.0,1.0,22.0,0.632003190481645
LocStab,Random-25,B,S,0.25,0.35,2,0.5053956105431284,0.7262205738766934,0.03677770000649616,268.0,1.0,19.0,0.0
LocStab,Random-25,B,P,0.25,0.35,2,0.48066298342541436,0.6895968607185152,0.02652690000832081,262.0,1.0,21.0,-0.004834254143646409
LocStab,Random-25,AF,Ld,0.25,0.35,2,0.5140135841986103,0.7278670631605911,0.012064500013366342,82.0,1.0,21.0,0.5839191640224587
LocStab,Random-25,AF,S,0.25,0.35,2,0.4434832064937728,0.6757028671559728,0.03759319998789579,257.0,1.0,20.0,0.0
LocStab,Random-25,AF,P,0.25,0.35,2,0.44441105650425633,0.67491953178077,0.02674579998711124,245.0,1.0,20.0,-0.0018978408106943329
LocStab,Random-25,AE,Ld,0.25,0.35,2,0.6760871076333377,0.7202434650896009,0.007981200003996491,36.0,1.0,23.0,0.7286034499812517
LocStab,Random-25,AE,S,0.25,0.35,2,0.5240879635752206,0.6401279324029834,0.0337085000355728,234.0,1.0,28.0,0.0
LocStab,Random-25,AE,P,0.25,0.35,2,0.47701614353000393,0.6509516967935224,0.026487399998586625,255.0,1.0,24.0,-0.007172904756768418
LocStab,Random-25,B,Ld,0.4,0.4,2,0.20315908251526796,0.6102052635682226,0.021154100017156452,194.0,1.0,14.0,0.23967085372198596
LocStab,Random-25,B,S,0.4,0.4,2,0.19600568222783862,0.5894431636354186,0.04307899996638298,320.0,1.0,12.0,0.0
LocStab,Random-25,B,P,0.4,0.4,2,0.23482610023992803,0.6271008052390658,0.02930009999545291,305.0,1.0,11.0,0.0018160181345434423
LocStab,Random-25,AF,Ld,0.4,0.4,2,0.19595403585700735,0.6234941212721961,0.022806000022683293,191.0,1.0,10.0,0.23361690076281097
LocStab,Random-25,AF,S,0.4,0.4,2,0.13446482760219125,0.491216248825925,0.036375600029714406,239.0,1.0,12.0,0.0
LocStab,Random-25,AF,P,0.4,0.4,2,0.18312960632752112,0.5603650862597036,0.02688370004761964,238.0,1.0,9.0,0.005811059334338141
LocStab,Random-25,AE,Ld,0.4,0.4,2,0.447839434006381,0.6803750357327156,0.014166500011924654,106.0,1.0,16.0,0.5107902262164647
LocStab,Random-25,AE,S,0.4,0.4,2,0.35616540875090275,0.5960959455897475,0.037676400039345026,242.0,1.0,21.0,0.0
LocStab,Random-25,AE,P,0.4,0.4,2,0.3052320936526829,0.5644061315483682,0.025121800019405782,227.0,1.0,19.0,0.014008771786803188
Louvain,Random-25,-,-,,,3,0.910907157934743,0.8532935354412851,0.06766100000822917,,,,
Leiden,Random-25,-,-,,,3,0.9150460593654043,0.853208148172898,0.11276300001190975,,,,
LocStab,Random-25,B,Ld,0.2,0.2,3,0.9396577879292678,0.8363200314819146,0.008568899997044355,35.0,1.0,32.0,0.8581462195638844
LocStab,Random-25,B,S,0.2,0.2,3,0.9031425739903477,0.8156822999617613,0.031204400002025068,241.0,1.0,37.0,0.0
LocStab,Random-25,B,P,0.2,0.2,3,0.9244040678280745,0.8290973823233504,0.02574900002218783,240.0,1.0,34.0,0.00569681570047048
LocStab,Random-25,AF,Ld,0.2,0.2,3,0.887124668353339,0.8453636569510805,0.005306799954269081,4.0,1.0,23.0,0.9664135796728922
LocStab,Random-25,AF,S,0.2,0.2,3,0.9307654332196542,0.8321193491262655,0.03135350003140047,238.0,1.0,30.0,0.0
LocStab,Random-25,AF,P,0.2,0.2,3,0.9185363753766681,0.8266731263991446,0.02766730001894757,241.0,1.0,32.0,0.008621036016645142
LocStab,Random-25,AE,Ld,0.2,0.2,3,0.9215671313279531,0.8236103222070009,0.008300899993628263,36.0,1.0,37.0,0.8406149984311264
LocStab,Random-25,AE,S,0.2,0.2,3,0.7411868055229576,0.6732544800472229,0.026493100041989237,215.0,1.0,54.0,0.0
LocStab,Random-25,AE,P,0.2,0.2,3,0.8809899630089285,0.7941164459591403,0.02500339999096468,233.0,1.0,41.0,0.006916245948453484
LocStab,Random-25,B,Ld,0.25,0.35,3,0.5793974569879906,0.7301149758131281,0.009526200010441244,68.0,1.0,22.0,0.6071539292060757
LocStab,Random-25,B,S,0.25,0.35,3,0.44762123825953615,0.685227260071057,0.0347944000386633,258.0,1.0,22.0,0.0
LocStab,Random-25,B,P,0.25,0.35,3,0.5071927222224505,0.6873192481465394,0.0246111000305973,247.0,1.0,19.0,0.008587711765165118
LocStab,Random-25,AF,Ld,0.25,0.35,3,0.5778743751358401,0.7391790199769083,0.010201500030234456,73.0,1.0,22.0,0.6066297138654718
LocStab,Random-25,AF,S,0.25,0.35,3,0.42869226229187735,0.6636706872932607,0.03452759998617694,247.0,1.0,20.0,0.0
LocStab,Random-25,AF,P,0.25,0.35,3,0.4664543889157454,0.6715318847197627,0.025482499971985817,247.0,1.0,17.0,0.009508551703748687
LocStab,Random-25,AE,Ld,0.25,0.35,3,0.6240991996050246,0.7124138238275028,0.009137800021562725,53.0,1.0,24.0,0.6416918957475086
LocStab,Random-25,AE,S,0.25,0.35,3,0.4984464643751823,0.6267091375514644,0.03287930000806227,240.0,1.0,27.0,0.0
LocStab,Random-25,AE,P,0.25,0.35,3,0.4503122884877355,0.6509776842230315,0.025623800000175834,244.0,1.0,25.0,0.005868795997224102
LocStab,Random-25,B,Ld,0.4,0.4,3,0.2094167196281605,0.6082487813751805,0.019996100047137588,189.0,1.0,14.0,0.21980749390464957
LocStab,Random-25,B,S,0.4,0.4,3,0.19575929491609897,0.5889419774948861,0.04550850001396611,323.0,1.0,12.0,0.0
LocStab,Random-25,B,P,0.4,0.4,3,0.2332798725552458,0.6339317867100286,0.027841900009661913,267.0,1.0,11.0,0.0031387576289247927
LocStab,Random-25,AF,Ld,0.4,0.4,3,0.21234865959913468,0.6240806946811156,0.018528199987486005,177.0,1.0,11.0,0.23076413208846344
LocStab,Random-25,AF,S,0.4,0.4,3,0.13897427162907083,0.5218702781768705,0.0382433999911882,241.0,1.0,11.0,0.0
LocStab,Random-25,AF,P,0.4,0.4,3,0.15657560186719177,0.5511636799685181,0.024082199961412698,234.0,1.0,11.0,0.008096429227491464
LocStab,Random-25,AE,Ld,0.4,0.4,3,0.40258503591883604,0.6616863614257447,0.01499679998960346,129.0,1.0,17.0,0.42649811692259487
LocStab,Random-25,AE,S,0.4,0.4,3,0.3810118956297873,0.6019783858836283,0.03591059998143464,236.0,1.0,21.0,0.0
LocStab,Random-25,AE,P,0.4,0.4,3,0.3498553994994099,0.6326101402949945,0.024957299989182502,231.0,1.0,17.0,0.007022526553320624
Louvain,Random-25,-,-,,,4,0.910907157934743,0.8532935354412851,0.06796479999320582,,,,
Leiden,Random-25,-,-,,,4,0.9044099799100341,0.85343832254855,0.10283340001478791,,,,
LocStab,Random-25,B,Ld,0.2,0.2,4,0.9356297143119762,0.8325704166527448,0.007499999948777258,35.0,1.0,33.0,0.8559002361408385
LocStab,Random-25,B,S,0.2,0.2,4,0.9233726041237234,0.8211860662827952,0.02836810000007972,231.0,1.0,36.0,0.0
LocStab,Random-25,B,P,0.2,0.2,4,0.8973019251857456,0.8100318902884975,0.026902500016149133,240.0,1.0,37.0,-0.00021110778811815
LocStab,Random-25,AF,Ld,0.2,0.2,4,0.8782063580128487,0.8476783944223552,0.004818800021894276,6.0,1.0,23.0,0.9452916166207093
LocStab,Random-25,AF,S,0.2,0.2,4,0.9002570191528143,0.812868232594919,0.03058199997758493,232.0,1.0,34.0,0.0
LocStab,Random-25,AF,P,0.2,0.2,4,0.8808534284159711,0.8111010873883004,0.026287700049579144,245.0,1.0,35.0,-0.001215545085146039
LocStab,Random-25,AE,Ld,0.2,0.2,4,0.9278676202891402,0.8216853961783628,0.007834399992134422,35.0,1.0,37.0,0.855237233589891
LocStab,Random-25,AE,S,0.2,0.2,4,0.7073860589812332,0.6389510730952142,0.02602460002526641,209.0,1.0,53.0,0.0
LocStab,Random-25,AE,P,0.2,0.2,4,0.8551816893046249,0.7773137165365438,0.025515899993479252,240.0,1.0,42.0,-0.0026656650228399025
LocStab,Random-25,B,Ld,0.25,0.35,4,0.5544861927262505,0.7017422715240885,0.009365600009914488,65.0,1.0,22.0,0.6130080817139687
LocStab,Random-25,B,S,0.25,0.35,4,0.49182714978214537,0.7517346609197323,0.0388385999831371,284.0,1.0,19.0,0.0
LocStab,Random-25,B,P,0.25,0.35,4,0.5025984671829113,0.7281157999858925,0.024294600007124245,234.0,1.0,18.0,0.005196934365822795
LocStab,Random-25,AF,Ld,0.25,0.35,4,0.5251325307278059,0.723005557597425,0.010259400005452335,76.0,1.0,21.0,0.596864589311015
LocStab,Random-25,AF,S,0.25,0.35,4,0.43612894742609193,0.6998618953746087,0.03501300001516938,270.0,1.0,19.0,0.0
LocStab,Random-25,AF,P,0.25,0.35,4,0.4652596325130932,0.7006972056088298,0.02550749998772517,236.0,1.0,19.0,0.0036542708814116622
LocStab,Random-25,AE,Ld,0.25,0.35,4,0.6520349171101497,0.7260646492996388,0.008924899972043931,46.0,1.0,23.0,0.7224942875285516
LocStab,Random-25,AE,S,0.25,0.35,4,0.5299387525480541,0.6393965718867988,0.03453659999649972,252.0,1.0,26.0,0.0
LocStab,Random-25,AE,P,0.25,0.35,4,0.4966740001469578,0.6779674860131941,0.02405989996623248,229.0,1.0,24.0,0.0037517451233796827
LocStab,Random-25,B,Ld,0.4,0.4,4,0.21906687911100217,0.609212172511982,0.019577400002162904,191.0,1.0,13.0,0.2432547365490226
LocStab,Random-25,B,S,0.4,0.4,4,0.2177188232313636,0.6219738566459138,0.043069499952252954,307.0,1.0,11.0,0.0
LocStab,Random-25,B,P,0.4,0.4,4,0.19468179352913587,0.5794157283348369,0.026560100028291345,260.0,1.0,14.0,-0.00011966640095578713
LocStab,Random-25,AF,Ld,0.4,0.4,4,0.20593093867290335,0.6098785644543939,0.01874379999935627,180.0,1.0,11.0,0.24179899089613213
LocStab,Random-25,AF,S,0.4,0.4,4,0.16533386713170456,0.5363174327389636,0.037717900006100535,254.0,1.0,10.0,0.0
LocStab,Random-25,AF,P,0.4,0.4,4,0.16654448302776137,0.5687163323569484,0.024506699992343783,228.0,1.0,12.0,0.0038161929158321214
LocStab,Random-25,AE,Ld,0.4,0.4,4,0.40136347636186004,0.6517517383734097,0.01494640001328662,118.0,1.0,16.0,0.45918311573847864
LocStab,Random-25,AE,S,0.4,0.4,4,0.32561077846690534,0.512785815318476,0.03643000003648922,252.0,1.0,21.0,0.0
LocStab,Random-25,AE,P,0.4,0.4,4,0.2950760513445498,0.56363578988792,0.02330119995167479,226.0,1.0,17.0,0.0002848957756287491
Louvain,Random-25,-,-,,,5,0.8774002954209749,0.8525955873344693,0.0658739999635145,,,,
Leiden,Random-25,-,-,,,5,0.8995855749182733,0.8533417978103734,0.11255130002973601,,,,
LocStab,Random-25,B,Ld,0.2,0.2,5,0.9396577879292678,0.8363200314819146,0.007840399979613721,33.0,1.0,32.0,0.8726455565521454
LocStab,Random-25,B,S,0.2,0.2,5,0.9205928099779898,0.8235954722472815,0.029406599991489202,241.0,1.0,37.0,0.0
LocStab,Random-25,B,P,0.2,0.2,5,0.9289015016869941,0.8271965874792564,0.029164200008381158,244.0,1.0,36.0,0.0012353808411078803
LocStab,Random-25,AF,Ld,0.2,0.2,5,0.8782063580128487,0.8476783944223552,0.005396599997766316,6.0,1.0,23.0,0.9414417450224678
LocStab,Random-25,AF,S,0.2,0.2,5,0.9194314439244237,0.82881894557861,0.029678399965632707,240.0,1.0,34.0,0.0
LocStab,Random-25,AF,P,0.2,0.2,5,0.9437070051351614,0.8381651389770605,0.026708100049290806,245.0,1.0,31.0,0.0013906541203827717
LocStab,Random-25,AE,Ld,0.2,0.2,5,0.9215671313279531,0.8235991847372114,0.008145399973727763,36.0,1.0,37.0,0.853537340093463
LocStab,Random-25,AE,S,0.2,0.2,5,0.6804324294698766,0.5956708654927774,0.025155799987260252,200.0,1.0,56.0,0.0
LocStab,Random-25,AE,P,0.2,0.2,5,0.9155505310445363,0.8033995270287829,0.026854600000660866,235.0,1.0,39.0,0.00290363847320977
LocStab,Random-25,B,Ld,0.25,0.35,5,0.6063789868667917,0.7346052323833071,0.010151099995709956,51.0,1.0,21.0,0.6756489376737175
LocStab,Random-25,B,S,0.25,0.35,5,0.5134771696148183,0.7252943076391906,0.03990829997928813,283.0,1.0,20.0,0.0
LocStab,Random-25,B,P,0.25,0.35,5,0.47168382488384947,0.6846443991520673,0.02814190002391115,255.0,1.0,20.0,0.0028244540412206555
LocStab,Random-25,AF,Ld,0.25,0.35,5,0.566707619355534,0.7274995266575339,0.010666300018783659,62.0,1.0,21.0,0.6430601822816977
LocStab,Random-25,AF,S,0.25,0.35,5,0.4368528278974839,0.6952714015763232,0.03800339996814728,255.0,1.0,17.0,0.0
LocStab,Random-25,AF,P,0.25,0.35,5,0.46764498472077637,0.7306031682389061,0.02730740001425147,250.0,1.0,18.0,0.003111812574857002
LocStab,Random-25,AE,Ld,0.25,0.35,5,0.6234350472835867,0.7203047211734438,0.010166000050958246,49.0,1.0,24.0,0.6785429181787332
LocStab,Random-25,AE,S,0.25,0.35,5,0.5687762224052072,0.6527615356343346,0.03573910001432523,249.0,1.0,27.0,0.0
LocStab,Random-25,AE,P,0.25,0.35,5,0.514238838488306,0.6724562947123006,0.026352799963206053,241.0,1.0,25.0,0.0032195608166217544
LocStab,Random-25,B,Ld,0.4,0.4,5,0.22608760444500559,0.6108400993462305,0.021466500009410083,188.0,1.0,12.0,0.2589848727530051
LocStab,Random-25,B,S,0.4,0.4,5,0.25013804171975274,0.663228900991606,0.04753179999534041,366.0,1.0,11.0,0.0
LocStab,Random-25,B,P,0.4,0.4,5,0.2199554539642211,0.6164589528550903,0.028760500019416213,270.0,1.0,12.0,0.0004053438527724266
LocStab,Random-25,AF,Ld,0.4,0.4,5,0.20593093867290335,0.6098785644543939,0.02072309999493882,182.0,1.0,11.0,0.24590796081561553
LocStab,Random-25,AF,S,0.4,0.4,5,0.1418197687963695,0.5212298736639677,0.03885630000149831,242.0,1.0,12.0,0.0
LocStab,Random-25,AF,P,0.4,0.4,5,0.19006252312966246,0.5339414391838462,0.025860499998088926,216.0,1.0,12.0,0.0018854326951169632
LocStab,Random-25,AE,Ld,0.4,0.4,5,0.4633518699421855,0.6773642063995902,0.015061900019645691,108.0,1.0,17.0,0.5343212086398323
LocStab,Random-25,AE,S,0.4,0.4,5,0.3394373662767978,0.5298502752811283,0.03802989999530837,256.0,1.0,22.0,0.0
LocStab,Random-25,AE,P,0.4,0.4,5,0.3353483698899463,0.5987169634802365,0.025063599983695894,233.0,1.0,16.0,0.0028840280258093805
Louvain,Random-25,-,-,,,6,0.9150460593654043,0.853208148172898,0.06578950001858175,,,,
Leiden,Random-25,-,-,,,6,0.9044099799100341,0.85343832254855,0.11068539996631444,,,,
LocStab,Random-25,B,Ld,0.2,0.2,6,0.9356297143119762,0.8325704166527448,0.0085131999803707,34.0,1.0,33.0,0.8559002361408385
LocStab,Random-25,B,S,0.2,0.2,6,0.8887103728949716,0.8064827499155408,0.033914800034835935,227.0,1.0,38.0,0.0
LocStab,Random-25,B,P,0.2,0.2,6,0.9071529174467198,0.8212324724069185,0.030279200000222772,244.0,1.0,34.0,-0.0011128434889961804
LocStab,Random-25,AF,Ld,0.2,0.2,6,0.8782063580128487,0.8477303692813734,0.0056934000458568335,6.0,1.0,23.0,0.9452916166207093
LocStab,Random-25,AF,S,0.2,0.2,6,0.8859626841546206,0.8110973748983705,0.03129930002614856,228.0,1.0,34.0,0.0
LocStab,Random-25,AF,P,0.2,0.2,6,0.8996349203594096,0.8171097523397968,0.028836699959356338,241.0,1.0,34.0,0.0035524389749998554
LocStab,Random-25,AE,Ld,0.2,0.2,6,0.9246942992443089,0.8234711038346308,0.008662700012791902,35.0,1.0,37.0,0.8525070677850297
LocStab,Random-25,AE,S,0.2,0.2,6,0.7473272008082783,0.6802803672395038,0.029232400003820658,202.0,1.0,53.0,0.0
LocStab,Random-25,AE,P,0.2,0.2,6,0.8581987374441119,0.7804878954265836,0.028985799988731742,238.0,1.0,43.0,-0.0026656650228399025
LocStab,Random-25,B,Ld,0.25,0.35,6,0.6282843894899537,0.7200893967575113,0.010280400048941374,49.0,1.0,21.0,0.6865744664121404
LocStab,Random-25,B,S,0.25,0.35,6,0.45864334718330274,0.67722498802722,0.03768030001083389,260.0,1.0,23.0,0.0
LocStab,Random-25,B,P,0.25,0.35,6,0.47818107908643503,0.7187269129532486,0.028215099999215454,262.0,1.0,20.0,0.004514939952087962
LocStab,Random-25,AF,Ld,0.25,0.35,6,0.5235947685621746,0.7335508852432238,0.012622400012332946,84.0,1.0,19.0,0.5943027194589966
LocStab,Random-25,AF,S,0.25,0.35,6,0.42767596142717945,0.6674778457163435,0.03622219996759668,250.0,1.0,20.0,0.0
LocStab,Random-25,AF,P,0.25,0.35,6,0.4081613299729001,0.6701322760162013,0.02630859997589141,238.0,1.0,17.0,0.0049239343329527925
LocStab,Random-25,AE,Ld,0.25,0.35,6,0.6705259675818723,0.7200355656535281,0.008506799989845604,40.0,1.0,23.0,0.7410037204382216
LocStab,Random-25,AE,S,0.25,0.35,6,0.5229306435509606,0.6288883691402987,0.035720699990633875,248.0,1.0,28.0,0.0
LocStab,Random-25,AE,P,0.25,0.35,6,0.4972510903862458,0.6779229361340358,0.024960000009741634,239.0,1.0,23.0,0.008286061411252611
LocStab,Random-25,B,Ld,0.4,0.4,6,0.2094167196281605,0.6082487813751805,0.020534300012513995,187.0,1.0,14.0,0.23557198611116845
LocStab,Random-25,B,S,0.4,0.4,6,0.19645307564586942,0.6253522224820964,0.046045899973250926,334.0,1.0,12.0,0.0
LocStab,Random-25,B,P,0.4,0.4,6,0.1897383596244579,0.5996283797580199,0.0278632000554353,266.0,1.0,14.0,-0.0029776485726540534
LocStab,Random-25,AF,Ld,0.4,0.4,6,0.21234865959913468,0.6240806946811156,0.020461700041778386,180.0,1.0,11.0,0.24687781705793319
LocStab,Random-25,AF,S,0.4,0.4,6,0.12284159425920135,0.491015774369712,0.038120699988212436,239.0,1.0,13.0,0.0
LocStab,Random-25,AF,P,0.4,0.4,6,0.18313511515259145,0.5790593293015693,0.02975819999119267,239.0,1.0,11.0,0.005653884417930787
LocStab,Random-25,AE,Ld,0.4,0.4,6,0.47227768686260907,0.7059559475944922,0.01423820003401488,99.0,1.0,16.0,0.5376143550191806
LocStab,Random-25,AE,S,0.4,0.4,6,0.38116738452398635,0.6049669402771745,0.03764340002089739,242.0,1.0,20.0,0.0
LocStab,Random-25,AE,P,0.4,0.4,6,0.31289917847257687,0.5994446115064913,0.026182000001426786,233.0,1.0,18.0,0.013568127510135114
Louvain,Random-25,-,-,,,7,0.8732899553869184,0.8526809746028563,0.06091030000243336,,,,
Leiden,Random-25,-,-,,,7,0.9044099799100341,0.85343832254855,0.11618429998634383,,,,
LocStab,Random-25,B,Ld,0.2,0.2,7,0.9356297143119762,0.8325704166527448,0.0076425999868661165,34.0,1.0,33.0,0.8559002361408385
LocStab,Random-25,B,S,0.2,0.2,7,0.91610038271641,0.819578558143161,0.029637100000400096,238.0,1.0,36.0,0.0
LocStab,Random-25,B,P,0.2,0.2,7,0.9105222980414552,0.8174717201079592,0.025739000004250556,243.0,1.0,36.0,-0.0016665986818719515
LocStab,Random-25,AF,Ld,0.2,0.2,7,0.8782063580128487,0.8476783944223552,0.0054564999882131815,6.0,1.0,23.0,0.9452916166207093
LocStab,Random-25,AF,S,0.2,0.2,7,0.902427218034714,0.8167719157561785,0.029197299969382584,232.0,1.0,34.0,0.0
LocStab,Random-25,AF,P,0.2,0.2,7,0.919179322479799,0.8263260085907017,0.02445079997414723,245.0,1.0,32.0,0.00037583067119941236
LocStab,Random-25,AE,Ld,0.2,0.2,7,0.9278676202891402,0.8216853961783628,0.008232399995904416,34.0,1.0,37.0,0.855237233589891
LocStab,Random-25,AE,S,0.2,0.2,7,0.7069864582631543,0.6624195781868941,0.02789849997498095,218.0,1.0,53.0,0.0
LocStab,Random-25,AE,P,0.2,0.2,7,0.8498731442028722,0.779153255296795,0.026605499966535717,243.0,1.0,42.0,0.0015052745305121574
LocStab,Random-25,B,Ld,0.25,0.35,7,0.5679091331364318,0.7243624726667929,0.010165799991227686,68.0,1.0,22.0,0.6150017474709921
LocStab,Random-25,B,S,0.25,0.35,7,0.441614114207129,0.6494240071873805,0.04464629996800795,293.0,1.0,22.0,0.0
LocStab,Random-25,B,P,0.25,0.35,7,0.435532951300591,0.6814108204231496,0.025844099989626557,240.0,1.0,23.0,-0.00021875085449552537
LocStab,Random-25,AF,Ld,0.25,0.35,7,0.5556760602484904,0.7214017619477207,0.011120699986349791,68.0,1.0,21.0,0.6281522894531271
LocStab,Random-25,AF,S,0.25,0.35,7,0.4308895360660581,0.6662768552240302,0.03818189998855814,255.0,1.0,21.0,0.0
LocStab,Random-25,AF,P,0.25,0.35,7,0.39882169468029804,0.6225121676857451,0.02510129997972399,228.0,1.0,21.0,0.006345905774081134
LocStab,Random-25,AE,Ld,0.25,0.35,7,0.6110350413669412,0.692427634290042,0.009242700005415827,47.0,1.0,24.0,0.6694364823811644
LocStab,Random-25,AE,S,0.25,0.35,7,0.4753457231905806,0.6162417721941928,0.03558620001422241,249.0,1.0,27.0,0.0
LocStab,Random-25,AE,P,0.25,0.35,7,0.4568611126688264,0.6294192552002703,0.02532670000800863,244.0,1.0,24.0,0.007885394334421817
LocStab,Random-25,B,Ld,0.4,0.4,7,0.21906687911100217,0.609212172511982,0.020021700009237975,191.0,1.0,13.0,0.2432547365490226
LocStab,Random-25,B,S,0.4,0.4,7,0.203530925919406,0.6026466340710052,0.043912500026635826,321.0,1.0,13.0,0.0
LocStab,Random-25,B,P,0.4,0.4,7,0.22950623535167725,0.6326175652748542,0.029493500012904406,286.0,1.0,12.0,-0.004213162072140786
LocStab,Random-25,AF,Ld,0.4,0.4,7,0.20681456779831103,0.6154435868592707,0.019530199992004782,179.0,1.0,11.0,0.2423042631633296
LocStab,Random-25,AF,S,0.4,0.4,7,0.15614704323813725,0.5454018955973582,0.03550819994416088,253.0,1.0,12.0,0.0
LocStab,Random-25,AF,P,0.4,0.4,7,0.21356420781095192,0.6320811104799878,0.02802889997838065,261.0,1.0,11.0,0.0021051414491586413
LocStab,Random-25,AE,Ld,0.4,0.4,7,0.4603647803453054,0.6750420439484558,0.012587999983225018,95.0,1.0,18.0,0.5318169598216247
LocStab,Random-25,AE,S,0.4,0.4,7,0.3460928324105005,0.5354932599745323,0.036607999994885176,247.0,1.0,22.0,0.0
LocStab,Random-25,AE,P,0.4,0.4,7,0.3334874463473576,0.5908761847483489,0.02686169999651611,239.0,1.0,19.0,0.001455876132484728
Louvain,Random-25,-,-,,,8,0.910907157934743,0.8532935354412851,0.06256940000457689,,,,
Leiden,Random-25,-,-,,,8,0.9044099799100341,0.85343832254855,0.10064069996587932,,,,
LocStab,Random-25,B,Ld,0.2,0.2,8,0.9356297143119762,0.8325704166527448,0.007987999997567385,34.0,1.0,33.0,0.8559002361408385
LocStab,Random-25,B,S,0.2,0.2,8,0.9181874916157781,0.8213419908598497,0.029579300025943667,240.0,1.0,36.0,0.0
LocStab,Random-25,B,P,0.2,0.2,8,0.9050591384426006,0.8211879225277601,0.02522589999716729,231.0,1.0,35.0,-1.1612850780673894e-05
LocStab,Random-25,AF,Ld,0.2,0.2,8,0.8782063580128487,0.8418739164170017,0.005508899979759008,6.0,1.0,23.0,0.9452916166207093
LocStab,Random-25,AF,S,0.2,0.2,8,0.9133896399642558,0.8209744543567925,0.029861400020308793,241.0,1.0,34.0,0.0
LocStab,Random-25,AF,P,0.2,0.2,8,0.9084106348494776,0.8227954306673942,0.025890199991408736,233.0,1.0,33.0,-0.0017586813338390979
LocStab,Random-25,AE,Ld,0.2,0.2,8,0.9246942992443089,0.8234711038346308,0.007902499986812472,35.0,1.0,37.0,0.8525070677850297
LocStab,Random-25,AE,S,0.2,0.2,8,0.7110795069754842,0.6447035762415494,0.0257772000040859,212.0,1.0,56.0,0.0
LocStab,Random-25,AE,P,0.2,0.2,8,0.8796596968426098,0.7974855305704983,0.025980499980505556,232.0,1.0,40.0,-0.0015097956982805104
LocStab,Random-25,B,Ld,0.25,0.35,8,0.5435498380313833,0.6927747520984849,0.009547299996484071,71.0,1.0,22.0,0.6022623161288412
LocStab,Random-25,B,S,0.25,0.35,8,0.4877944376404561,0.7240320610630344,0.03622469998663291,272.0,1.0,19.0,0.0
LocStab,Random-25,B,P,0.25,0.35,8,0.5011356647943914,0.7118718002977417,0.02576960000442341,256.0,1.0,22.0,0.000910171784674675
LocStab,Random-25,AF,Ld,0.25,0.35,8,0.49477667187628527,0.7045878950553347,0.011385300022084266,83.0,1.0,21.0,0.5691047306719993
LocStab,Random-25,AF,S,0.25,0.35,8,0.46690955528846156,0.7191724117448332,0.035154599987436086,262.0,1.0,18.0,0.0
LocStab,Random-25,AF,P,0.25,0.35,8,0.452073565408174,0.6735292043020333,0.026724199997261167,240.0,1.0,21.0,0.002326734412636198
LocStab,Random-25,AE,Ld,0.25,0.35,8,0.6520349171101497,0.7260646492996388,0.0096750000375323,48.0,1.0,23.0,0.7224942875285516
LocStab,Random-25,AE,S,0.25,0.35,8,0.4899992020015678,0.6097152148974796,0.03294529998674989,233.0,1.0,30.0,0.0
LocStab,Random-25,AE,P,0.25,0.35,8,0.5287671958606318,0.6963183237365469,0.02990190003765747,251.0,1.0,24.0,-0.0025606159605841734
LocStab,Random-25,B,Ld,0.4,0.4,8,0.21906687911100217,0.609212172511982,0.020289400010369718,191.0,1.0,13.0,0.2432547365490226
LocStab,Random-25,B,S,0.4,0.4,8,0.1952370214906423,0.5930851162566222,0.04143559996737167,312.0,1.0,12.0,0.0
LocStab,Random-25,B,P,0.4,0.4,8,0.2367357715923134,0.6425094946929957,0.02794899995205924,262.0,1.0,12.0,0.002852498966564297
LocStab,Random-25,AF,Ld,0.4,0.4,8,0.20465698333980084,0.6049112529282265,0.020834999973885715,184.0,1.0,11.0,0.23457590383699084
LocStab,Random-25,AF,S,0.4,0.4,8,0.15522586694493595,0.5466585734386196,0.03413939999882132,241.0,1.0,12.0,0.0
LocStab,Random-25,AF,P,0.4,0.4,8,0.17747305185437273,0.5609739346082024,0.02449079998768866,228.0,1.0,12.0,0.007686787455517989
LocStab,Random-25,AE,Ld,0.4,0.4,8,0.465274856649472,0.679066383032436,0.013291299983393401,103.0,1.0,18.0,0.5360057034670593
LocStab,Random-25,AE,S,0.4,0.4,8,0.39160610252713207,0.574344467090633,0.036153200024273247,233.0,1.0,21.0,0.0
LocStab,Random-25,AE,P,0.4,0.4,8,0.3305594674177442,0.6040276803249172,0.023645600012969226,221.0,1.0,16.0,0.010184355396236078
Louvain,Random-25,-,-,,,9,0.9150460593654043,0.853208148172898,0.05759019998367876,,,,
Leiden,Random-25,-,-,,,9,0.9076675868320218,0.8533640727499526,0.10681369999656454,,,,
LocStab,Random-25,B,Ld,0.2,0.2,9,0.9396577879292678,0.8363200314819146,0.007264000014401972,35.0,1.0,32.0,0.8642460732831317
LocStab,Random-25,B,S,0.2,0.2,9,0.9031425739903477,0.8157342748207795,0.02734430000418797,238.0,1.0,37.0,0.0
LocStab,Random-25,B,P,0.2,0.2,9,0.9073709427678285,0.8233690103615594,0.02532670000800863,243.0,1.0,36.0,0.00047912588740541646
LocStab,Random-25,AF,Ld,0.2,0.2,9,0.8782063580128487,0.8418739164170017,0.005751100019551814,7.0,1.0,23.0,0.9345992646035602
LocStab,Random-25,AF,S,0.2,0.2,9,0.8935227077486971,0.8145592717579753,0.029164800012949854,234.0,1.0,33.0,0.0
LocStab,Random-25,AF,P,0.2,0.2,9,0.885917186873604,0.8126696143836709,0.025889099983032793,241.0,1.0,33.0,0.0008246950346486456
LocStab,Random-25,AE,Ld,0.2,0.2,9,0.9247391601309498,0.8218134770809433,0.007277199998497963,37.0,1.0,37.0,0.8566583764513163
LocStab,Random-25,AE,S,0.2,0.2,9,0.776077172110652,0.6972872836082432,0.026420400012284517,208.0,1.0,52.0,0.0
LocStab,Random-25,AE,P,0.2,0.2,9,0.8911020992366412,0.8166159911791239,0.027188700041733682,240.0,1.0,38.0,0.0011092557251908396
LocStab,Random-25,B,Ld,0.25,0.35,9,0.5544861927262505,0.7017422715240885,0.009694300009869039,63.0,1.0,22.0,0.6204843565402516
LocStab,Random-25,B,S,0.25,0.35,9,0.4772048600616575,0.7047345384075645,0.043054900015704334,286.0,1.0,21.0,0.0
LocStab,Random-25,B,P,0.25,0.35,9,0.49339028024574294,0.7208597384179595,0.025517400004900992,249.0,1.0,22.0,-0.006605735595273194
LocStab,Random-25,AF,Ld,0.25,0.35,9,0.5167409639814989,0.7048440568604958,0.010856100008822978,78.0,1.0,21.0,0.5884905605640532
LocStab,Random-25,AF,S,0.25,0.35,9,0.43205371364923334,0.6714149412869718,0.03706200001761317,254.0,1.0,19.0,0.0
LocStab,Random-25,AF,P,0.25,0.35,9,0.44275479933043577,0.7195603669425047,0.024002599995583296,238.0,1.0,20.0,-0.0062962277099378
LocStab,Random-25,AE,Ld,0.25,0.35,9,0.6406469898358093,0.7095310753969579,0.00835319998441264,43.0,1.0,23.0,0.7029391748898276
LocStab,Random-25,AE,S,0.25,0.35,9,0.4733856311394327,0.6069531223896555,0.033951900026295334,250.0,1.0,27.0,0.0
LocStab,Random-25,AE,P,0.25,0.35,9,0.46810572260369,0.6765233274304743,0.02726289996644482,245.0,1.0,26.0,-0.010050782437116544
LocStab,Random-25,B,Ld,0.4,0.4,9,0.21264768891197092,0.625049654552812,0.02107139996951446,202.0,1.0,14.0,0.24870583616349295
LocStab,Random-25,B,S,0.4,0.4,9,0.1769392925877477,0.5742757860269304,0.041410100006032735,276.0,1.0,15.0,0.0
LocStab,Random-25,B,P,0.4,0.4,9,0.21867418597508817,0.6311399942827656,0.026301800040528178,249.0,1.0,12.0,0.0037967560615148684
LocStab,Random-25,AF,Ld,0.4,0.4,9,0.19363910620238278,0.6058263816959397,0.019480800023302436,193.0,1.0,10.0,0.23189597992863653
LocStab,Random-25,AF,S,0.4,0.4,9,0.11757332664828278,0.49032153875282614,0.03676170000107959,243.0,1.0,13.0,0.0
LocStab,Random-25,AF,P,0.4,0.4,9,0.19775722569419651,0.6111259610708306,0.023115399992093444,226.0,1.0,11.0,0.0043705538164367395
LocStab,Random-25,AE,Ld,0.4,0.4,9,0.45381101835880927,0.6678416697294709,0.013332700007595122,98.0,1.0,18.0,0.5213443698196867
LocStab,Random-25,AE,S,0.4,0.4,9,0.3492555418309307,0.5680239529850275,0.03719750000163913,244.0,1.0,19.0,0.0
LocStab,Random-25,AE,P,0.4,0.4,9,0.2852503061369315,0.5554126246932555,0.025204300007317215,224.0,1.0,20.0,0.011294884955226443
