Method,Dataset,Preference,Initialization,Beta Friend,Beta Enemy,Repetition,Adjusted Rand Index,Silhouette Score,Seconds,Moves,Converged,Final Coalitions,Initial Adjusted Rand Index
KMeans,Moons,-,-,,,0,0.4789688417784687,0.4879604640613249,2.284565999987535,,,,
DBSCAN,Moons,-,-,,,0,0.9933554078979533,0.01750248885427213,0.007580099976621568,,,,
LocPop,Moons,B,S,0.2,0.2,0,0.2287764943366603,0.46156555457510573,0.5710624000057578,375.0,1.0,10.0,0.0
LocPop,Moons,B,P,0.2,0.2,0,0.23608261650532836,0.46633722421439433,0.041250200010836124,288.0,1.0,10.0,-0.0017613865491372272
LocPop,Moons,B,KM,0.2,0.2,0,0.23563439840559888,0.4647770835817577,0.03291050001280382,241.0,1.0,10.0,0.1861204301954155
LocPop,Moons,B,D,0.2,0.2,0,0.23563439840559888,0.4647770835817577,0.035065800009761006,239.0,1.0,10.0,0.23814133686340075
LocPop,Moons,AF,S,0.2,0.2,0,0.24137285002503722,0.29177141660874034,0.06570490001467988,323.0,1.0,12.0,0.0
LocPop,Moons,AF,P,0.2,0.2,0,0.24746690685205677,0.4696951832295325,0.03888469998491928,300.0,1.0,9.0,0.000243714010131625
LocPop,Moons,AF,KM,0.2,0.2,0,0.2411922081056192,0.44544465888432955,0.031410600000526756,221.0,1.0,10.0,0.1848830942260222
LocPop,Moons,AF,D,0.2,0.2,0,0.2411922081056192,0.44544465888432955,0.03544599999440834,219.0,1.0,10.0,0.24375559340715255
LocPop,Moons,AE,S,0.2,0.2,0,0.21806319271848673,0.42091429515456125,0.0731221999740228,394.0,1.0,12.0,0.0
LocPop,Moons,AE,P,0.2,0.2,0,0.22846272651326463,0.4440689044773284,0.0355318000074476,295.0,1.0,11.0,-0.0014291817134719441
LocPop,Moons,AE,KM,0.2,0.2,0,0.21855629035687657,0.4613602145911641,0.029632799967657775,248.0,1.0,11.0,0.18263434274065937
LocPop,Moons,AE,D,0.2,0.2,0,0.21855629035687657,0.4613602145911641,0.03429219999816269,246.0,1.0,11.0,0.2204377249941739
LocPop,Moons,B,S,0.25,0.35,0,0.2993108640043106,0.46929190992122843,0.06969780003419146,316.0,1.0,5.0,0.0
LocPop,Moons,B,P,0.25,0.35,0,0.34086636038368073,0.49358565966992796,0.052747200010344386,371.0,1.0,6.0,-0.002240628428122637
LocPop,Moons,B,KM,0.25,0.35,0,0.30264266427180664,0.47045469082195446,0.025173300004098564,147.0,1.0,5.0,0.33532736296515675
LocPop,Moons,B,D,0.25,0.35,0,0.30264266427180664,0.47045469082195446,0.026838399993721396,157.0,1.0,5.0,0.3065415089088243
LocPop,Moons,AF,S,0.25,0.35,0,0.2993108640043106,0.46929190992122843,0.07156429998576641,314.0,1.0,5.0,0.0
LocPop,Moons,AF,P,0.25,0.35,0,0.34086636038368073,0.49358565966992796,0.04888239997671917,339.0,1.0,6.0,-0.002240628428122637
LocPop,Moons,AF,KM,0.25,0.35,0,0.31414958010993754,0.46484400637973217,0.024761500011663884,140.0,1.0,5.0,0.34870698053604005
LocPop,Moons,AF,D,0.25,0.35,0,0.31414958010993754,0.46484400637973217,0.02449989999877289,150.0,1.0,5.0,0.31814090196384853
LocPop,Moons,AE,S,0.25,0.35,0,0.2993108640043106,0.46929190992122843,0.06717539997771382,312.0,1.0,5.0,0.0
LocPop,Moons,AE,P,0.25,0.35,0,0.33307028454406024,0.4949412456348404,0.055590500007383525,365.0,1.0,6.0,-0.0022714860791890443
LocPop,Moons,AE,KM,0.25,0.35,0,0.30264266427180664,0.47045469082195446,0.023013299971353263,147.0,1.0,5.0,0.33532736296515675
LocPop,Moons,AE,D,0.25,0.35,0,0.30264266427180664,0.47045469082195446,0.026566099957562983,157.0,1.0,5.0,0.3065415089088243
LocPop,Moons,B,S,0.4,0.4,0,0.3064669498783942,0.3907772806593846,0.06451180001022294,344.0,1.0,4.0,0.0
LocPop,Moons,B,P,0.4,0.4,0,0.3064669498783942,0.3907772806593846,0.034294000011868775,263.0,1.0,4.0,-0.0022760485467415094
LocPop,Moons,B,KM,0.4,0.4,0,0.3064669498783942,0.3907772806593846,0.013758799992501736,86.0,1.0,4.0,0.5787134291187066
LocPop,Moons,B,D,0.4,0.4,0,0.3064669498783942,0.3907772806593846,0.01819849997991696,123.0,1.0,4.0,0.3102430193656576
LocPop,Moons,AF,S,0.4,0.4,0,0.3064669498783942,0.3907772806593846,0.06457650003721938,342.0,1.0,4.0,0.0
LocPop,Moons,AF,P,0.4,0.4,0,0.3064669498783942,0.3907772806593846,0.03246960003161803,263.0,1.0,4.0,-0.0022760485467415094
LocPop,Moons,AF,KM,0.4,0.4,0,0.3064669498783942,0.3907772806593846,0.014013400010298938,86.0,1.0,4.0,0.5787134291187066
LocPop,Moons,AF,D,0.4,0.4,0,0.3064669498783942,0.3907772806593846,0.019799100002273917,123.0,1.0,4.0,0.3102430193656576
LocPop,Moons,AE,S,0.4,0.4,0,0.3064669498783942,0.3907772806593846,0.060850299953017384,343.0,1.0,4.0,0.0
LocPop,Moons,AE,P,0.4,0.4,0,0.3064669498783942,0.3907772806593846,0.05111509998096153,261.0,1.0,4.0,-0.0022760485467415094
LocPop,Moons,AE,KM,0.4,0.4,0,0.3064669498783942,0.3907772806593846,0.027795900008641183,86.0,1.0,4.0,0.5787134291187066
LocPop,Moons,AE,D,0.4,0.4,0,0.3064669498783942,0.3907772806593846,0.028601899975910783,123.0,1.0,4.0,0.3102430193656576
KMeans,Moons,-,-,,,1,0.4789688417784687,0.487960464061325,0.074047599977348,,,,
DBSCAN,Moons,-,-,,,1,0.9933554078979533,0.01750248885427209,0.0037678999942727387,,,,
LocPop,Moons,B,S,0.2,0.2,1,0.2322727199323906,0.48051199937923306,0.07886060001328588,356.0,1.0,10.0,0.0
LocPop,Moons,B,P,0.2,0.2,1,0.2320037823973186,0.3119089867930222,0.03716619999613613,282.0,1.0,12.0,-0.001640892954387841
LocPop,Moons,B,KM,0.2,0.2,1,0.23608261650532836,0.46633722421439433,0.028093000000808388,241.0,1.0,10.0,0.18817784654632974
LocPop,Moons,B,D,0.2,0.2,1,0.23608261650532836,0.46633722421439433,0.028592199960257858,239.0,1.0,10.0,0.23859412265604218
LocPop,Moons,AF,S,0.2,0.2,1,0.2467498117192629,0.3627978016960834,0.054169500013813376,325.0,1.0,11.0,0.0
LocPop,Moons,AF,P,0.2,0.2,1,0.24746690685205677,0.4696951832295325,0.03632409998681396,279.0,1.0,9.0,-0.0012762839205420558
LocPop,Moons,AF,KM,0.2,0.2,1,0.2411922081056192,0.4454446588843295,0.03365900000790134,221.0,1.0,10.0,0.1848830942260222
LocPop,Moons,AF,D,0.2,0.2,1,0.2411922081056192,0.4454446588843295,0.028416300017852336,219.0,1.0,10.0,0.24375559340715255
LocPop,Moons,AE,S,0.2,0.2,1,0.21757009345794392,0.457373444744197,0.06833049998385832,372.0,1.0,11.0,0.0
LocPop,Moons,AE,P,0.2,0.2,1,0.22514571220555324,0.2990754700225243,0.05133559997193515,303.0,1.0,13.0,-0.00018840645372849644
LocPop,Moons,AE,KM,0.2,0.2,1,0.21855629035687657,0.4613602145911642,0.0370515999966301,248.0,1.0,11.0,0.18263434274065937
LocPop,Moons,AE,D,0.2,0.2,1,0.21855629035687657,0.4613602145911642,0.035492599999997765,246.0,1.0,11.0,0.2204377249941739
LocPop,Moons,B,S,0.25,0.35,1,0.3351321120410065,0.49466597844514837,0.06816190003883094,328.0,1.0,6.0,0.0
LocPop,Moons,B,P,0.25,0.35,1,0.3351321120410065,0.49466597844514837,0.054250999994110316,376.0,1.0,6.0,0.0016703443336527752
LocPop,Moons,B,KM,0.25,0.35,1,0.2993108640043106,0.4692919099212285,0.021839499997440726,148.0,1.0,5.0,0.32690123637959145
LocPop,Moons,B,D,0.25,0.35,1,0.2993108640043106,0.4692919099212285,0.027004099974874407,158.0,1.0,5.0,0.30323472686274633
LocPop,Moons,AF,S,0.25,0.35,1,0.2993108640043106,0.4692919099212285,0.06748560001142323,321.0,1.0,5.0,0.0
LocPop,Moons,AF,P,0.25,0.35,1,0.34086636038368073,0.493585659669928,0.04885169997578487,343.0,1.0,6.0,0.0016918298963679462
LocPop,Moons,AF,KM,0.25,0.35,1,0.31414958010993754,0.46484400637973217,0.02059559995541349,140.0,1.0,5.0,0.34870698053604005
LocPop,Moons,AF,D,0.25,0.35,1,0.31414958010993754,0.46484400637973217,0.024475199985317886,150.0,1.0,5.0,0.31814090196384853
LocPop,Moons,AE,S,0.25,0.35,1,0.3351321120410065,0.49466597844514837,0.07004000002052635,317.0,1.0,6.0,0.0
LocPop,Moons,AE,P,0.25,0.35,1,0.3303821749154723,0.49534649778887513,0.05906390002928674,378.0,1.0,6.0,0.002187213128181092
LocPop,Moons,AE,KM,0.25,0.35,1,0.2993108640043106,0.4692919099212285,0.0338313999818638,148.0,1.0,5.0,0.32690123637959145
LocPop,Moons,AE,D,0.25,0.35,1,0.2993108640043106,0.4692919099212285,0.03144079999765381,158.0,1.0,5.0,0.30323472686274633
LocPop,Moons,B,S,0.4,0.4,1,0.3064669498783942,0.3907772806593846,0.10438809997867793,344.0,1.0,4.0,0.0
LocPop,Moons,B,P,0.4,0.4,1,0.3064669498783942,0.3907772806593846,0.04301369999302551,257.0,1.0,4.0,0.0019214987271900434
LocPop,Moons,B,KM,0.4,0.4,1,0.3064669498783942,0.3907772806593846,0.019215699983760715,88.0,1.0,4.0,0.5787134291187066
LocPop,Moons,B,D,0.4,0.4,1,0.3064669498783942,0.3907772806593846,0.032509199983906,123.0,1.0,4.0,0.3102430193656576
LocPop,Moons,AF,S,0.4,0.4,1,0.3064669498783942,0.3907772806593846,0.0982240000157617,344.0,1.0,4.0,0.0
LocPop,Moons,AF,P,0.4,0.4,1,0.3064669498783942,0.3907772806593846,0.04231140000047162,257.0,1.0,4.0,0.0019214987271900434
LocPop,Moons,AF,KM,0.4,0.4,1,0.3064669498783942,0.3907772806593846,0.02149650000501424,92.0,1.0,4.0,0.5787134291187066
LocPop,Moons,AF,D,0.4,0.4,1,0.3064669498783942,0.3907772806593846,0.03352569998241961,123.0,1.0,4.0,0.3102430193656576
LocPop,Moons,AE,S,0.4,0.4,1,0.3064669498783942,0.3907772806593846,0.08627480000723153,343.0,1.0,4.0,0.0
LocPop,Moons,AE,P,0.4,0.4,1,0.3064669498783942,0.3907772806593846,0.04388109996216372,257.0,1.0,4.0,0.0019214987271900434
LocPop,Moons,AE,KM,0.4,0.4,1,0.3064669498783942,0.3907772806593846,0.015044900006614625,88.0,1.0,4.0,0.5787134291187066
LocPop,Moons,AE,D,0.4,0.4,1,0.3064669498783942,0.3907772806593846,0.02263890003086999,123.0,1.0,4.0,0.3102430193656576
KMeans,Moons,-,-,,,2,0.4789688417784687,0.487960464061325,0.15250909997848794,,,,
DBSCAN,Moons,-,-,,,2,0.9933554078979533,0.017502488854272108,0.0036690999986603856,,,,
LocPop,Moons,B,S,0.2,0.2,2,0.22554913678559285,0.44454522916997236,0.08096799999475479,355.0,1.0,11.0,0.0
LocPop,Moons,B,P,0.2,0.2,2,0.22519053721251198,0.48209073322549284,0.04630409996025264,315.0,1.0,10.0,0.0024495825900500475
LocPop,Moons,B,KM,0.2,0.2,2,0.23608261650532836,0.46633722421439433,0.034040500002447516,231.0,1.0,10.0,0.18817784654632974
LocPop,Moons,B,D,0.2,0.2,2,0.23608261650532836,0.46633722421439433,0.03951239999150857,231.0,1.0,10.0,0.23859412265604218
LocPop,Moons,AF,S,0.2,0.2,2,0.23303470699455506,0.42651848158141764,0.07162930001504719,342.0,1.0,11.0,0.0
LocPop,Moons,AF,P,0.2,0.2,2,0.24235752916431733,0.4459331625457181,0.037080799986142665,289.0,1.0,10.0,0.0021937625195254883
LocPop,Moons,AF,KM,0.2,0.2,2,0.23778583306008072,0.4595866400230598,0.030348400003276765,227.0,1.0,10.0,0.18827161492354275
LocPop,Moons,AF,D,0.2,0.2,2,0.23778583306008072,0.4595866400230598,0.032361800025682896,227.0,1.0,10.0,0.24031467159778258
LocPop,Moons,AE,S,0.2,0.2,2,0.21559768019408276,0.45828349033753585,0.07537999999476597,384.0,1.0,11.0,0.0
LocPop,Moons,AE,P,0.2,0.2,2,0.21757009345794392,0.457373444744197,0.08448999997926876,327.0,1.0,11.0,0.0026030654205607476
LocPop,Moons,AE,KM,0.2,0.2,2,0.22846272651326463,0.4440689044773283,0.03769949998240918,238.0,1.0,11.0,0.18654902444513446
LocPop,Moons,AE,D,0.2,0.2,2,0.22846272651326463,0.4440689044773283,0.03518110001459718,238.0,1.0,11.0,0.230446810959502
LocPop,Moons,B,S,0.25,0.35,2,0.34086636038368073,0.49358565966992796,0.07256320002488792,381.0,1.0,6.0,0.0
LocPop,Moons,B,P,0.25,0.35,2,0.30264266427180664,0.47045469082195446,0.040190799976699054,298.0,1.0,5.0,0.0013242460150834341
LocPop,Moons,B,KM,0.25,0.35,2,0.34086636038368073,0.49358565966992796,0.022503399988636374,169.0,1.0,6.0,0.30921618136993256
LocPop,Moons,B,D,0.25,0.35,2,0.2993108640043106,0.4692919099212285,0.0224195999908261,158.0,1.0,5.0,0.30323472686274633
LocPop,Moons,AF,S,0.25,0.35,2,0.34086636038368073,0.49358565966992796,0.07128490001196042,381.0,1.0,6.0,0.0
LocPop,Moons,AF,P,0.25,0.35,2,0.30581646338046586,0.4694762804432498,0.039353500003926456,290.0,1.0,5.0,0.00047757625567364627
LocPop,Moons,AF,KM,0.25,0.35,2,0.34086636038368073,0.49358565966992796,0.027226299978792667,169.0,1.0,6.0,0.30921618136993256
LocPop,Moons,AF,D,0.25,0.35,2,0.31414958010993754,0.46484400637973217,0.028606500010937452,150.0,1.0,5.0,0.31814090196384853
LocPop,Moons,AE,S,0.25,0.35,2,0.3378201211674835,0.49423947141311003,0.10007660003611818,383.0,1.0,6.0,0.0
LocPop,Moons,AE,P,0.25,0.35,2,0.30264266427180664,0.47045469082195446,0.047706999990623444,298.0,1.0,5.0,0.0013242460150834341
LocPop,Moons,AE,KM,0.25,0.35,2,0.3378201211674835,0.49423947141311003,0.0240215000230819,171.0,1.0,6.0,0.305812885279101
LocPop,Moons,AE,D,0.25,0.35,2,0.2993108640043106,0.4692919099212285,0.024308199994266033,158.0,1.0,5.0,0.30323472686274633
LocPop,Moons,B,S,0.4,0.4,2,0.3064669498783942,0.3907772806593846,0.07752890000119805,394.0,1.0,4.0,0.0
LocPop,Moons,B,P,0.4,0.4,2,0.3064669498783942,0.3907772806593846,0.03942370001459494,259.0,1.0,4.0,0.004511474704722278
LocPop,Moons,B,KM,0.4,0.4,2,0.3064669498783942,0.3907772806593846,0.01808880001772195,86.0,1.0,4.0,0.5787134291187066
LocPop,Moons,B,D,0.4,0.4,2,0.3064669498783942,0.3907772806593846,0.021244100003968924,123.0,1.0,4.0,0.3102430193656576
LocPop,Moons,AF,S,0.4,0.4,2,0.3064669498783942,0.3907772806593846,0.08032359997741878,394.0,1.0,4.0,0.0
LocPop,Moons,AF,P,0.4,0.4,2,0.29681396075088307,0.38673669188592613,0.03355570003623143,252.0,1.0,4.0,0.002982492010222017
LocPop,Moons,AF,KM,0.4,0.4,2,0.3064669498783942,0.3907772806593846,0.013950499997008592,86.0,1.0,4.0,0.5787134291187066
LocPop,Moons,AF,D,0.4,0.4,2,0.3064669498783942,0.3907772806593846,0.02014699997380376,123.0,1.0,4.0,0.3102430193656576
LocPop,Moons,AE,S,0.4,0.4,2,0.3064669498783942,0.3907772806593846,0.13189319998491555,393.0,1.0,4.0,0.0
LocPop,Moons,AE,P,0.4,0.4,2,0.3064669498783942,0.3907772806593846,0.042574900027830154,259.0,1.0,4.0,0.004511474704722278
LocPop,Moons,AE,KM,0.4,0.4,2,0.3064669498783942,0.3907772806593846,0.013004199950955808,86.0,1.0,4.0,0.5787134291187066
LocPop,Moons,AE,D,0.4,0.4,2,0.3064669498783942,0.3907772806593846,0.02574140002252534,123.0,1.0,4.0,0.3102430193656576
KMeans,Moons,-,-,,,3,0.4789688417784687,0.4879604640613249,0.07037370000034571,,,,
DBSCAN,Moons,-,-,,,3,0.9933554078979533,0.017502488854272115,0.0030606999644078314,,,,
LocPop,Moons,B,S,0.2,0.2,3,0.2153735406808962,0.4944517307065099,0.0811587999924086,366.0,1.0,10.0,0.0
LocPop,Moons,B,P,0.2,0.2,3,0.23267612533020765,0.355917565042309,0.03904509998392314,278.0,1.0,12.0,0.0034133607024214255
LocPop,Moons,B,KM,0.2,0.2,3,0.23608261650532836,0.46633722421439433,0.038418699987232685,239.0,1.0,10.0,0.18817784654632974
LocPop,Moons,B,D,0.2,0.2,3,0.23608261650532836,0.46633722421439433,0.03711989999283105,239.0,1.0,10.0,0.23859412265604218
LocPop,Moons,AF,S,0.2,0.2,3,0.22034935900407354,0.49130566308669,0.05646710004657507,356.0,1.0,10.0,0.0
LocPop,Moons,AF,P,0.2,0.2,3,0.2300329406276214,0.31903794742180197,0.03859020001254976,306.0,1.0,12.0,0.005775899063816298
LocPop,Moons,AF,KM,0.2,0.2,3,0.2411922081056192,0.4454446588843295,0.030563199950847775,219.0,1.0,10.0,0.1848830942260222
LocPop,Moons,AF,D,0.2,0.2,3,0.2411922081056192,0.4454446588843295,0.03231330000562593,219.0,1.0,10.0,0.24375559340715255
LocPop,Moons,AE,S,0.2,0.2,3,0.2153735406808962,0.4944517307065099,0.05866539996350184,360.0,1.0,10.0,0.0
LocPop,Moons,AE,P,0.2,0.2,3,0.2300763826077387,0.3674681346885623,0.03626520000398159,280.0,1.0,12.0,0.003404717769531559
LocPop,Moons,AE,KM,0.2,0.2,3,0.22846272651326463,0.4440689044773284,0.03322749998187646,246.0,1.0,11.0,0.18654902444513446
LocPop,Moons,AE,D,0.2,0.2,3,0.22846272651326463,0.4440689044773284,0.031585699995048344,246.0,1.0,11.0,0.230446810959502
LocPop,Moons,B,S,0.25,0.35,3,0.2993108640043106,0.4692919099212285,0.0761647000326775,330.0,1.0,5.0,0.0
LocPop,Moons,B,P,0.25,0.35,3,0.3351321120410065,0.49466597844514837,0.039380100031849,312.0,1.0,6.0,0.0014915923809819878
LocPop,Moons,B,KM,0.25,0.35,3,0.2993108640043106,0.4692919099212285,0.02624049998121336,148.0,1.0,5.0,0.32690123637959145
LocPop,Moons,B,D,0.25,0.35,3,0.2993108640043106,0.4692919099212285,0.027389899943955243,158.0,1.0,5.0,0.30323472686274633
LocPop,Moons,AF,S,0.25,0.35,3,0.2993108640043106,0.4692919099212285,0.06914360000519082,328.0,1.0,5.0,0.0
LocPop,Moons,AF,P,0.25,0.35,3,0.34086636038368073,0.493585659669928,0.04534859996056184,321.0,1.0,6.0,-0.0013468878998293226
LocPop,Moons,AF,KM,0.25,0.35,3,0.31414958010993754,0.46484400637973217,0.02263149997452274,140.0,1.0,5.0,0.34870698053604005
LocPop,Moons,AF,D,0.25,0.35,3,0.31414958010993754,0.46484400637973217,0.025592899997718632,150.0,1.0,5.0,0.31814090196384853
LocPop,Moons,AE,S,0.25,0.35,3,0.2993108640043106,0.4692919099212285,0.06858729996019974,323.0,1.0,5.0,0.0
LocPop,Moons,AE,P,0.25,0.35,3,0.3351321120410065,0.49466597844514837,0.040183199977036566,312.0,1.0,6.0,0.0014915923809819878
LocPop,Moons,AE,KM,0.25,0.35,3,0.2993108640043106,0.4692919099212285,0.02381809998769313,148.0,1.0,5.0,0.32690123637959145
LocPop,Moons,AE,D,0.25,0.35,3,0.2993108640043106,0.4692919099212285,0.023193400003947318,158.0,1.0,5.0,0.30323472686274633
LocPop,Moons,B,S,0.4,0.4,3,0.29403922078174227,0.38809028365425574,0.07912350003607571,379.0,1.0,4.0,0.0
LocPop,Moons,B,P,0.4,0.4,3,0.29403922078174227,0.38809028365425574,0.03578849998302758,253.0,1.0,4.0,0.0046707693088907255
LocPop,Moons,B,KM,0.4,0.4,3,0.3064669498783942,0.3907772806593846,0.014843299984931946,86.0,1.0,4.0,0.5787134291187066
LocPop,Moons,B,D,0.4,0.4,3,0.3064669498783942,0.3907772806593846,0.020819999976083636,123.0,1.0,4.0,0.3102430193656576
LocPop,Moons,AF,S,0.4,0.4,3,0.3064669498783942,0.3907772806593846,0.07704059995012358,390.0,1.0,4.0,0.0
LocPop,Moons,AF,P,0.4,0.4,3,0.3064669498783942,0.3907772806593846,0.03711550001753494,260.0,1.0,4.0,0.0026359748589230734
LocPop,Moons,AF,KM,0.4,0.4,3,0.3064669498783942,0.3907772806593846,0.015603999956510961,86.0,1.0,4.0,0.5787134291187066
LocPop,Moons,AF,D,0.4,0.4,3,0.3064669498783942,0.3907772806593846,0.019022899970877916,123.0,1.0,4.0,0.3102430193656576
LocPop,Moons,AE,S,0.4,0.4,3,0.29117427380500593,0.3899809912909297,0.07249059999594465,346.0,1.0,4.0,0.0
LocPop,Moons,AE,P,0.4,0.4,3,0.29117427380500593,0.3899809912909297,0.032852500036824495,254.0,1.0,4.0,0.00519683094274032
LocPop,Moons,AE,KM,0.4,0.4,3,0.3064669498783942,0.3907772806593846,0.014138700033072382,86.0,1.0,4.0,0.5787134291187066
LocPop,Moons,AE,D,0.4,0.4,3,0.3064669498783942,0.3907772806593846,0.01822969998465851,123.0,1.0,4.0,0.3102430193656576
KMeans,Moons,-,-,,,4,0.4789688417784687,0.4879604640613249,0.07299289997899905,,,,
DBSCAN,Moons,-,-,,,4,0.9933554078979533,0.017502488854272115,0.004591899982187897,,,,
LocPop,Moons,B,S,0.2,0.2,4,0.2461671693975214,0.359054496019068,0.08008410001639277,370.0,1.0,11.0,0.0
LocPop,Moons,B,P,0.2,0.2,4,0.2205734910767997,0.45669829936807343,0.04293649998726323,318.0,1.0,11.0,0.00015401714853847446
LocPop,Moons,B,KM,0.2,0.2,4,0.23608261650532836,0.46633722421439433,0.03221740003209561,231.0,1.0,10.0,0.18817784654632974
LocPop,Moons,B,D,0.2,0.2,4,0.23608261650532836,0.46633722421439433,0.030806099995970726,231.0,1.0,10.0,0.23859412265604218
LocPop,Moons,AF,S,0.2,0.2,4,0.25141086875425656,0.2685345799749988,0.06073120003566146,350.0,1.0,12.0,0.0
LocPop,Moons,AF,P,0.2,0.2,4,0.24406067441367052,0.36210497902177735,0.04170120001072064,289.0,1.0,11.0,-0.001645312541351486
LocPop,Moons,AF,KM,0.2,0.2,4,0.23778583306008072,0.4595866400230598,0.028944200021214783,227.0,1.0,10.0,0.18827161492354275
LocPop,Moons,AF,D,0.2,0.2,4,0.23778583306008072,0.4595866400230598,0.030396999965887517,227.0,1.0,10.0,0.24031467159778258
LocPop,Moons,AE,S,0.2,0.2,4,0.23738244141471324,0.335604818794727,0.06622709997463971,376.0,1.0,12.0,0.0
LocPop,Moons,AE,P,0.2,0.2,4,0.2204390118733817,0.458027234273268,0.03863010002532974,323.0,1.0,11.0,-0.0008747579836245306
LocPop,Moons,AE,KM,0.2,0.2,4,0.22846272651326463,0.4440689044773284,0.036037599958945066,238.0,1.0,11.0,0.18654902444513446
LocPop,Moons,AE,D,0.2,0.2,4,0.22846272651326463,0.4440689044773284,0.03259269997943193,238.0,1.0,11.0,0.230446810959502
LocPop,Moons,B,S,0.25,0.35,4,0.2993108640043106,0.4692919099212285,0.0727875999873504,337.0,1.0,5.0,0.0
LocPop,Moons,B,P,0.25,0.35,4,0.3351321120410065,0.49466597844514837,0.03782249998766929,331.0,1.0,6.0,-0.0012790628854152156
LocPop,Moons,B,KM,0.25,0.35,4,0.30264266427180664,0.47045469082195446,0.02058549999492243,147.0,1.0,5.0,0.33532736296515675
LocPop,Moons,B,D,0.25,0.35,4,0.30264266427180664,0.47045469082195446,0.027318999986164272,157.0,1.0,5.0,0.3065415089088243
LocPop,Moons,AF,S,0.25,0.35,4,0.2993108640043106,0.4692919099212285,0.07513000001199543,337.0,1.0,5.0,0.0
LocPop,Moons,AF,P,0.25,0.35,4,0.30581646338046586,0.46947628044324974,0.046075599966570735,295.0,1.0,5.0,-0.0027393391486261838
LocPop,Moons,AF,KM,0.25,0.35,4,0.31414958010993754,0.46484400637973217,0.023602700035553426,140.0,1.0,5.0,0.34870698053604005
LocPop,Moons,AF,D,0.25,0.35,4,0.31414958010993754,0.46484400637973217,0.0248213000013493,150.0,1.0,5.0,0.31814090196384853
LocPop,Moons,AE,S,0.25,0.35,4,0.2993108640043106,0.4692919099212285,0.06914919998962432,331.0,1.0,5.0,0.0
LocPop,Moons,AE,P,0.25,0.35,4,0.3303821749154723,0.495346497788875,0.04150590003700927,325.0,1.0,6.0,-0.0018347839525455162
LocPop,Moons,AE,KM,0.25,0.35,4,0.30264266427180664,0.47045469082195446,0.026429300021845847,147.0,1.0,5.0,0.33532736296515675
LocPop,Moons,AE,D,0.25,0.35,4,0.30264266427180664,0.47045469082195446,0.023735700000543147,157.0,1.0,5.0,0.3065415089088243
LocPop,Moons,B,S,0.4,0.4,4,0.29403922078174227,0.38809028365425574,0.06580219999887049,345.0,1.0,4.0,0.0
LocPop,Moons,B,P,0.4,0.4,4,0.3064669498783942,0.3907772806593846,0.032367900013923645,254.0,1.0,4.0,0.005493879385855194
LocPop,Moons,B,KM,0.4,0.4,4,0.3064669498783942,0.3907772806593846,0.0166544999810867,86.0,1.0,4.0,0.5787134291187066
LocPop,Moons,B,D,0.4,0.4,4,0.3064669498783942,0.3907772806593846,0.022908899991307408,123.0,1.0,4.0,0.3102430193656576
LocPop,Moons,AF,S,0.4,0.4,4,0.3064669498783942,0.3907772806593846,0.07087549997959286,351.0,1.0,4.0,0.0
LocPop,Moons,AF,P,0.4,0.4,4,0.3064669498783942,0.3907772806593846,0.03746050002519041,255.0,1.0,4.0,0.005493879385855194
LocPop,Moons,AF,KM,0.4,0.4,4,0.3064669498783942,0.3907772806593846,0.015779800014570355,86.0,1.0,4.0,0.5787134291187066
LocPop,Moons,AF,D,0.4,0.4,4,0.3064669498783942,0.3907772806593846,0.019367100030649453,123.0,1.0,4.0,0.3102430193656576
LocPop,Moons,AE,S,0.4,0.4,4,0.3064669498783942,0.3907772806593846,0.06785140000283718,340.0,1.0,4.0,0.0
LocPop,Moons,AE,P,0.4,0.4,4,0.3064669498783942,0.3907772806593846,0.03503299999283627,254.0,1.0,4.0,0.005493879385855194
LocPop,Moons,AE,KM,0.4,0.4,4,0.3064669498783942,0.3907772806593846,0.016293600026983768,86.0,1.0,4.0,0.5787134291187066
LocPop,Moons,AE,D,0.4,0.4,4,0.3064669498783942,0.3907772806593846,0.01876619999529794,123.0,1.0,4.0,0.3102430193656576
KMeans,Moons,-,-,,,5,0.4789688417784687,0.4879604640613249,0.08172590000322089,,,,
DBSCAN,Moons,-,-,,,5,0.9933554078979533,0.01750248885427212,0.003320600022561848,,,,
LocPop,Moons,B,S,0.2,0.2,5,0.22689387754369658,0.47971577572099494,0.0812704999698326,368.0,1.0,10.0,0.0
LocPop,Moons,B,P,0.2,0.2,5,0.23576886397625804,0.46218151738056795,0.03737510001519695,297.0,1.0,10.0,0.0006070659485943731
LocPop,Moons,B,KM,0.2,0.2,5,0.23608261650532836,0.46633722421439433,0.03265909996116534,241.0,1.0,10.0,0.18817784654632974
LocPop,Moons,B,D,0.2,0.2,5,0.23608261650532836,0.46633722421439433,0.031351399957202375,239.0,1.0,10.0,0.23859412265604218
LocPop,Moons,AF,S,0.2,0.2,5,0.2468394487984949,0.36243615793697137,0.07983729999978095,332.0,1.0,11.0,0.0
LocPop,Moons,AF,P,0.2,0.2,5,0.24428477103199475,0.3636248694956605,0.042144900013227016,269.0,1.0,11.0,-0.0003480811280220858
LocPop,Moons,AF,KM,0.2,0.2,5,0.2411922081056192,0.4454446588843295,0.03589180001290515,221.0,1.0,10.0,0.1848830942260222
LocPop,Moons,AF,D,0.2,0.2,5,0.2411922081056192,0.4454446588843295,0.029497799987439066,219.0,1.0,10.0,0.24375559340715255
LocPop,Moons,AE,S,0.2,0.2,5,0.21559768019408276,0.45828349033753585,0.07394450000720099,377.0,1.0,11.0,0.0
LocPop,Moons,AE,P,0.2,0.2,5,0.22846272651326463,0.4440689044773285,0.046240299998316914,309.0,1.0,11.0,-0.00035617397379055985
LocPop,Moons,AE,KM,0.2,0.2,5,0.22846272651326463,0.4440689044773285,0.035765299980994314,248.0,1.0,11.0,0.18654902444513446
LocPop,Moons,AE,D,0.2,0.2,5,0.22846272651326463,0.4440689044773285,0.032619800011161715,246.0,1.0,11.0,0.230446810959502
LocPop,Moons,B,S,0.25,0.35,5,0.2993108640043106,0.46929190992122843,0.0777276000007987,363.0,1.0,5.0,0.0
LocPop,Moons,B,P,0.25,0.35,5,0.2993108640043106,0.46929190992122843,0.043385200027842075,319.0,1.0,5.0,-0.0018206016981025786
LocPop,Moons,B,KM,0.25,0.35,5,0.30264266427180664,0.47045469082195446,0.02493270003469661,147.0,1.0,5.0,0.33532736296515675
LocPop,Moons,B,D,0.25,0.35,5,0.30264266427180664,0.47045469082195446,0.028477300016675144,157.0,1.0,5.0,0.3065415089088243
LocPop,Moons,AF,S,0.25,0.35,5,0.2993108640043106,0.46929190992122843,0.0792733000125736,363.0,1.0,5.0,0.0
LocPop,Moons,AF,P,0.25,0.35,5,0.34086636038368073,0.49358565966992796,0.04903630004264414,372.0,1.0,6.0,-0.0010787657413413281
LocPop,Moons,AF,KM,0.25,0.35,5,0.31414958010993754,0.46484400637973217,0.021387499989941716,140.0,1.0,5.0,0.34870698053604005
LocPop,Moons,AF,D,0.25,0.35,5,0.31414958010993754,0.46484400637973217,0.027112800045870245,150.0,1.0,5.0,0.31814090196384853
LocPop,Moons,AE,S,0.25,0.35,5,0.3351321120410065,0.49466597844514826,0.07760620000772178,363.0,1.0,6.0,0.0
LocPop,Moons,AE,P,0.25,0.35,5,0.2950399892887702,0.47187709537858447,0.0425134000252001,313.0,1.0,5.0,-0.00243901637198332
LocPop,Moons,AE,KM,0.25,0.35,5,0.30264266427180664,0.47045469082195446,0.021348000038415194,147.0,1.0,5.0,0.33532736296515675
LocPop,Moons,AE,D,0.25,0.35,5,0.30264266427180664,0.47045469082195446,0.02639469999121502,157.0,1.0,5.0,0.3065415089088243
LocPop,Moons,B,S,0.4,0.4,5,0.29403922078174227,0.38809028365425574,0.08270249998895451,379.0,1.0,4.0,0.0
LocPop,Moons,B,P,0.4,0.4,5,0.3064669498783942,0.3907772806593846,0.037227599998004735,268.0,1.0,4.0,0.0014749511448568994
LocPop,Moons,B,KM,0.4,0.4,5,0.3064669498783942,0.3907772806593846,0.015471699996851385,86.0,1.0,4.0,0.5787134291187066
LocPop,Moons,B,D,0.4,0.4,5,0.3064669498783942,0.3907772806593846,0.01992600003723055,123.0,1.0,4.0,0.3102430193656576
LocPop,Moons,AF,S,0.4,0.4,5,0.3064669498783942,0.3907772806593846,0.07987660000799224,389.0,1.0,4.0,0.0
LocPop,Moons,AF,P,0.4,0.4,5,0.3064669498783942,0.3907772806593846,0.03728039999259636,268.0,1.0,4.0,0.0014749511448568994
LocPop,Moons,AF,KM,0.4,0.4,5,0.3064669498783942,0.3907772806593846,0.018437500053551048,86.0,1.0,4.0,0.5787134291187066
LocPop,Moons,AF,D,0.4,0.4,5,0.3064669498783942,0.3907772806593846,0.017977200041059405,123.0,1.0,4.0,0.3102430193656576
LocPop,Moons,AE,S,0.4,0.4,5,0.29117427380500593,0.3899809912909297,0.0725034000352025,371.0,1.0,4.0,0.0
LocPop,Moons,AE,P,0.4,0.4,5,0.29117427380500593,0.3899809912909297,0.0355629000114277,265.0,1.0,4.0,0.002070906364295818
LocPop,Moons,AE,KM,0.4,0.4,5,0.3064669498783942,0.3907772806593846,0.016907199984416366,86.0,1.0,4.0,0.5787134291187066
LocPop,Moons,AE,D,0.4,0.4,5,0.3064669498783942,0.3907772806593846,0.018369799945503473,123.0,1.0,4.0,0.3102430193656576
KMeans,Moons,-,-,,,6,0.4789688417784687,0.487960464061325,0.08858899999177083,,,,
DBSCAN,Moons,-,-,,,6,0.9933554078979533,0.01750248885427209,0.005927500023972243,,,,
LocPop,Moons,B,S,0.2,0.2,6,0.22626633335795568,0.48218088728278785,0.08795640000607818,382.0,1.0,10.0,0.0
LocPop,Moons,B,P,0.2,0.2,6,0.23805476022049782,0.4266408212465906,0.03706669999519363,315.0,1.0,11.0,0.0011958808945691487
LocPop,Moons,B,KM,0.2,0.2,6,0.23608261650532836,0.46633722421439444,0.033483700011856854,241.0,1.0,10.0,0.18817784654632974
LocPop,Moons,B,D,0.2,0.2,6,0.23608261650532836,0.46633722421439444,0.029084399982821196,239.0,1.0,10.0,0.23859412265604218
LocPop,Moons,AF,S,0.2,0.2,6,0.23464831386802487,0.4640354543449181,0.06653429998550564,349.0,1.0,10.0,0.0
LocPop,Moons,AF,P,0.2,0.2,6,0.2457189814549004,0.47317552707940524,0.03793499997118488,293.0,1.0,9.0,0.0002825902853533904
LocPop,Moons,AF,KM,0.2,0.2,6,0.2411922081056192,0.4454446588843295,0.05448940000496805,221.0,1.0,10.0,0.1848830942260222
LocPop,Moons,AF,D,0.2,0.2,6,0.2411922081056192,0.4454446588843295,0.03512299997964874,219.0,1.0,10.0,0.24375559340715255
LocPop,Moons,AE,S,0.2,0.2,6,0.21658389007036732,0.4623694760521005,0.05783150001661852,377.0,1.0,11.0,0.0
LocPop,Moons,AE,P,0.2,0.2,6,0.23805476022049782,0.4266408212465906,0.036334300006274134,315.0,1.0,11.0,0.0011958808945691487
LocPop,Moons,AE,KM,0.2,0.2,6,0.22846272651326463,0.4440689044773284,0.037076300010085106,248.0,1.0,11.0,0.18654902444513446
LocPop,Moons,AE,D,0.2,0.2,6,0.22846272651326463,0.4440689044773284,0.03252720000455156,246.0,1.0,11.0,0.230446810959502
LocPop,Moons,B,S,0.25,0.35,6,0.3351321120410065,0.49466597844514837,0.06056509999325499,325.0,1.0,6.0,0.0
LocPop,Moons,B,P,0.25,0.35,6,0.3351321120410065,0.49466597844514837,0.041335999965667725,310.0,1.0,6.0,0.0009553365229696259
LocPop,Moons,B,KM,0.25,0.35,6,0.34086636038368073,0.49358565966992796,0.02371450001373887,150.0,1.0,6.0,0.30921618136993256
LocPop,Moons,B,D,0.25,0.35,6,0.30264266427180664,0.47045469082195457,0.023678999976255,157.0,1.0,5.0,0.3065415089088243
LocPop,Moons,AF,S,0.25,0.35,6,0.2993108640043106,0.4692919099212285,0.10521990002598614,321.0,1.0,5.0,0.0
LocPop,Moons,AF,P,0.25,0.35,6,0.30581646338046586,0.46947628044324974,0.04927120002685115,278.0,1.0,5.0,0.004230644227356781
LocPop,Moons,AF,KM,0.25,0.35,6,0.34086636038368073,0.49358565966992796,0.026107100013177842,150.0,1.0,6.0,0.30921618136993256
LocPop,Moons,AF,D,0.25,0.35,6,0.31414958010993754,0.46484400637973217,0.02900239999871701,150.0,1.0,5.0,0.31814090196384853
LocPop,Moons,AE,S,0.25,0.35,6,0.3351321120410065,0.49466597844514837,0.07851359999040142,317.0,1.0,6.0,0.0
LocPop,Moons,AE,P,0.25,0.35,6,0.3303821749154723,0.495346497788875,0.03923729999223724,302.0,1.0,6.0,0.0006677920087954844
LocPop,Moons,AE,KM,0.25,0.35,6,0.3378201211674835,0.4942394714131099,0.01975000003585592,152.0,1.0,6.0,0.305812885279101
LocPop,Moons,AE,D,0.25,0.35,6,0.30264266427180664,0.47045469082195457,0.021587700000964105,157.0,1.0,5.0,0.3065415089088243
LocPop,Moons,B,S,0.4,0.4,6,0.29403922078174227,0.3880902836542557,0.06788440002128482,345.0,1.0,4.0,0.0
LocPop,Moons,B,P,0.4,0.4,6,0.3064669498783942,0.3907772806593846,0.04093230003491044,280.0,1.0,4.0,-0.003615691293740941
LocPop,Moons,B,KM,0.4,0.4,6,0.3064669498783942,0.3907772806593846,0.022037099988665432,86.0,1.0,4.0,0.5787134291187066
LocPop,Moons,B,D,0.4,0.4,6,0.3064669498783942,0.3907772806593846,0.02366890001576394,123.0,1.0,4.0,0.3102430193656576
LocPop,Moons,AF,S,0.4,0.4,6,0.3064669498783942,0.3907772806593846,0.0656903000199236,351.0,1.0,4.0,0.0
LocPop,Moons,AF,P,0.4,0.4,6,0.3064669498783942,0.3907772806593846,0.038061900006141514,282.0,1.0,4.0,-0.003615691293740941
LocPop,Moons,AF,KM,0.4,0.4,6,0.3064669498783942,0.3907772806593846,0.04071699996711686,86.0,1.0,4.0,0.5787134291187066
LocPop,Moons,AF,D,0.4,0.4,6,0.3064669498783942,0.3907772806593846,0.03090349998092279,123.0,1.0,4.0,0.3102430193656576
LocPop,Moons,AE,S,0.4,0.4,6,0.3064669498783942,0.3907772806593846,0.05894289998104796,340.0,1.0,4.0,0.0
LocPop,Moons,AE,P,0.4,0.4,6,0.3064669498783942,0.3907772806593846,0.03143370000179857,280.0,1.0,4.0,-0.003615691293740941
LocPop,Moons,AE,KM,0.4,0.4,6,0.3064669498783942,0.3907772806593846,0.014580199960619211,86.0,1.0,4.0,0.5787134291187066
LocPop,Moons,AE,D,0.4,0.4,6,0.3064669498783942,0.3907772806593846,0.016391500015743077,123.0,1.0,4.0,0.3102430193656576
KMeans,Moons,-,-,,,7,0.4789688417784687,0.4879604640613249,0.0884632000233978,,,,
DBSCAN,Moons,-,-,,,7,0.9933554078979533,0.017502488854272098,0.003844899998512119,,,,
LocPop,Moons,B,S,0.2,0.2,7,0.21963213411915222,0.48552324945747877,0.07704740000190213,351.0,1.0,10.0,0.0
LocPop,Moons,B,P,0.2,0.2,7,0.23608261650532836,0.46633722421439433,0.040663399966433644,318.0,1.0,10.0,0.0006528194969043407
LocPop,Moons,B,KM,0.2,0.2,7,0.23563439840559888,0.4647770835817577,0.03789829998277128,237.0,1.0,10.0,0.1861204301954155
LocPop,Moons,B,D,0.2,0.2,7,0.23608261650532836,0.46633722421439433,0.03414190001785755,241.0,1.0,10.0,0.23859412265604218
LocPop,Moons,AF,S,0.2,0.2,7,0.22191827647509263,0.4853332651184551,0.05984810000518337,342.0,1.0,10.0,0.0
LocPop,Moons,AF,P,0.2,0.2,7,0.2411922081056192,0.4454446588843295,0.03787559998454526,304.0,1.0,10.0,0.0015639889013605956
LocPop,Moons,AF,KM,0.2,0.2,7,0.2411922081056192,0.4454446588843295,0.035068699973635375,217.0,1.0,10.0,0.1848830942260222
LocPop,Moons,AF,D,0.2,0.2,7,0.2411922081056192,0.4454446588843295,0.02734750002855435,221.0,1.0,10.0,0.24375559340715255
LocPop,Moons,AE,S,0.2,0.2,7,0.21331144143356054,0.4577031248270818,0.0665381999569945,340.0,1.0,11.0,0.0
LocPop,Moons,AE,P,0.2,0.2,7,0.21855629035687657,0.461360214591164,0.044684400025289506,323.0,1.0,11.0,0.00502069376369902
LocPop,Moons,AE,KM,0.2,0.2,7,0.22846272651326463,0.4440689044773284,0.035471900017000735,243.0,1.0,11.0,0.18654902444513446
LocPop,Moons,AE,D,0.2,0.2,7,0.22846272651326463,0.4440689044773284,0.031339399982243776,248.0,1.0,11.0,0.230446810959502
LocPop,Moons,B,S,0.25,0.35,7,0.2993108640043106,0.4692919099212285,0.07742589997360483,348.0,1.0,5.0,0.0
LocPop,Moons,B,P,0.25,0.35,7,0.30264266427180664,0.47045469082195457,0.042555599997285753,307.0,1.0,5.0,0.002932707322503665
LocPop,Moons,B,KM,0.25,0.35,7,0.30264266427180664,0.47045469082195457,0.025244200020097196,147.0,1.0,5.0,0.33532736296515675
LocPop,Moons,B,D,0.25,0.35,7,0.30264266427180664,0.47045469082195457,0.025469899992458522,157.0,1.0,5.0,0.3065415089088243
LocPop,Moons,AF,S,0.25,0.35,7,0.2993108640043106,0.4692919099212285,0.07558599999174476,348.0,1.0,5.0,0.0
LocPop,Moons,AF,P,0.25,0.35,7,0.30581646338046586,0.46947628044324974,0.04424690001178533,313.0,1.0,5.0,0.002622186525206866
LocPop,Moons,AF,KM,0.25,0.35,7,0.31414958010993754,0.46484400637973217,0.02388629998313263,140.0,1.0,5.0,0.34870698053604005
LocPop,Moons,AF,D,0.25,0.35,7,0.31414958010993754,0.46484400637973217,0.027956100006122142,150.0,1.0,5.0,0.31814090196384853
LocPop,Moons,AE,S,0.25,0.35,7,0.3378201211674835,0.49423947141311003,0.06984800001373515,342.0,1.0,6.0,0.0
LocPop,Moons,AE,P,0.25,0.35,7,0.30264266427180664,0.47045469082195457,0.040981900005135685,307.0,1.0,5.0,0.002932707322503665
LocPop,Moons,AE,KM,0.25,0.35,7,0.30264266427180664,0.47045469082195457,0.025834199972450733,147.0,1.0,5.0,0.33532736296515675
LocPop,Moons,AE,D,0.25,0.35,7,0.30264266427180664,0.47045469082195457,0.02552339999238029,157.0,1.0,5.0,0.3065415089088243
LocPop,Moons,B,S,0.4,0.4,7,0.29403922078174227,0.38809028365425574,0.07552789995679632,365.0,1.0,4.0,0.0
LocPop,Moons,B,P,0.4,0.4,7,0.3064669498783942,0.3907772806593846,0.04019400000106543,309.0,1.0,4.0,-0.0007577867668088201
LocPop,Moons,B,KM,0.4,0.4,7,0.3064669498783942,0.3907772806593846,0.017570999974850565,89.0,1.0,4.0,0.5787134291187066
LocPop,Moons,B,D,0.4,0.4,7,0.3064669498783942,0.3907772806593846,0.024896000046283007,123.0,1.0,4.0,0.3102430193656576
LocPop,Moons,AF,S,0.4,0.4,7,0.3064669498783942,0.3907772806593846,0.07567829999607056,363.0,1.0,4.0,0.0
LocPop,Moons,AF,P,0.4,0.4,7,0.3064669498783942,0.3907772806593846,0.04584089998388663,279.0,1.0,4.0,-0.0007577867668088201
LocPop,Moons,AF,KM,0.4,0.4,7,0.3064669498783942,0.3907772806593846,0.01676420000148937,92.0,1.0,4.0,0.5787134291187066
LocPop,Moons,AF,D,0.4,0.4,7,0.3064669498783942,0.3907772806593846,0.02025190001586452,123.0,1.0,4.0,0.3102430193656576
LocPop,Moons,AE,S,0.4,0.4,7,0.3064669498783942,0.3907772806593846,0.07660119998035952,358.0,1.0,4.0,0.0
LocPop,Moons,AE,P,0.4,0.4,7,0.3064669498783942,0.3907772806593846,0.04871340002864599,309.0,1.0,4.0,-0.0007577867668088201
LocPop,Moons,AE,KM,0.4,0.4,7,0.3064669498783942,0.3907772806593846,0.015458400011993945,89.0,1.0,4.0,0.5787134291187066
LocPop,Moons,AE,D,0.4,0.4,7,0.3064669498783942,0.3907772806593846,0.020194999990053475,123.0,1.0,4.0,0.3102430193656576
KMeans,Moons,-,-,,,8,0.4789688417784687,0.4879604640613249,0.06935970002086833,,,,
DBSCAN,Moons,-,-,,,8,0.9933554078979533,0.017502488854272136,0.003024199977517128,,,,
LocPop,Moons,B,S,0.2,0.2,8,0.22563878654481076,0.4882438770030247,0.08498610003152862,358.0,1.0,10.0,0.0
LocPop,Moons,B,P,0.2,0.2,8,0.22268031617853543,0.4833402004726923,0.03786089998902753,303.0,1.0,10.0,0.004140191105527323
LocPop,Moons,B,KM,0.2,0.2,8,0.23563439840559888,0.4647770835817577,0.029470999957993627,239.0,1.0,10.0,0.1861204301954155
LocPop,Moons,B,D,0.2,0.2,8,0.23563439840559888,0.4647770835817577,0.030906600004527718,239.0,1.0,10.0,0.23814133686340075
LocPop,Moons,AF,S,0.2,0.2,8,0.24235752916431733,0.3687311719052989,0.06073349999496713,340.0,1.0,11.0,0.0
LocPop,Moons,AF,P,0.2,0.2,8,0.2457189814549004,0.47317552707940524,0.04112509998958558,291.0,1.0,9.0,0.0064520296262272495
LocPop,Moons,AF,KM,0.2,0.2,8,0.2411922081056192,0.44544465888432955,0.03188670001691207,219.0,1.0,10.0,0.1848830942260222
LocPop,Moons,AF,D,0.2,0.2,8,0.2411922081056192,0.44544465888432955,0.040405900042969733,219.0,1.0,10.0,0.24375559340715255
LocPop,Moons,AE,S,0.2,0.2,8,0.2153735406808962,0.49445173070651,0.07329759997082874,377.0,1.0,10.0,0.0
LocPop,Moons,AE,P,0.2,0.2,8,0.22097692796313642,0.45634525178927515,0.046889099990949035,298.0,1.0,11.0,0.004045112907875738
LocPop,Moons,AE,KM,0.2,0.2,8,0.22846272651326463,0.4440689044773285,0.03505220002261922,246.0,1.0,11.0,0.18654902444513446
LocPop,Moons,AE,D,0.2,0.2,8,0.22846272651326463,0.4440689044773285,0.03147049999097362,246.0,1.0,11.0,0.230446810959502
LocPop,Moons,B,S,0.25,0.35,8,0.2993108640043106,0.4692919099212285,0.07431090000318363,316.0,1.0,5.0,0.0
LocPop,Moons,B,P,0.25,0.35,8,0.3351321120410065,0.49466597844514837,0.041550999972969294,303.0,1.0,6.0,0.01033981403818596
LocPop,Moons,B,KM,0.25,0.35,8,0.3378201211674835,0.4942394714131099,0.026673800020944327,171.0,1.0,6.0,0.305812885279101
LocPop,Moons,B,D,0.25,0.35,8,0.30264266427180664,0.4704546908219544,0.02342119999229908,157.0,1.0,5.0,0.3065415089088243
LocPop,Moons,AF,S,0.25,0.35,8,0.2993108640043106,0.4692919099212285,0.07302080001682043,314.0,1.0,5.0,0.0
LocPop,Moons,AF,P,0.25,0.35,8,0.34086636038368073,0.493585659669928,0.03620010003214702,293.0,1.0,6.0,0.010539861126471758
LocPop,Moons,AF,KM,0.25,0.35,8,0.3378201211674835,0.4942394714131099,0.02452639996772632,171.0,1.0,6.0,0.305812885279101
LocPop,Moons,AF,D,0.25,0.35,8,0.31414958010993754,0.46484400637973217,0.021141799981705844,150.0,1.0,5.0,0.31814090196384853
LocPop,Moons,AE,S,0.25,0.35,8,0.2993108640043106,0.4692919099212285,0.07109919999493286,312.0,1.0,5.0,0.0
LocPop,Moons,AE,P,0.25,0.35,8,0.3351321120410065,0.49466597844514837,0.042521200026385486,303.0,1.0,6.0,0.01033981403818596
LocPop,Moons,AE,KM,0.25,0.35,8,0.3378201211674835,0.4942394714131099,0.024249599955510348,171.0,1.0,6.0,0.305812885279101
LocPop,Moons,AE,D,0.25,0.35,8,0.30264266427180664,0.4704546908219544,0.022133100021164864,157.0,1.0,5.0,0.3065415089088243
LocPop,Moons,B,S,0.4,0.4,8,0.29403922078174227,0.38809028365425574,0.07216870004776865,393.0,1.0,4.0,0.0
LocPop,Moons,B,P,0.4,0.4,8,0.29681396075088307,0.38673669188592613,0.03309290000470355,283.0,1.0,4.0,0.00021386722877505903
LocPop,Moons,B,KM,0.4,0.4,8,0.3064669498783942,0.3907772806593846,0.01867859996855259,86.0,1.0,4.0,0.5787134291187066
LocPop,Moons,B,D,0.4,0.4,8,0.3064669498783942,0.3907772806593846,0.016581800009589642,123.0,1.0,4.0,0.3102430193656576
LocPop,Moons,AF,S,0.4,0.4,8,0.3064669498783942,0.3907772806593846,0.0775090999668464,403.0,1.0,4.0,0.0
LocPop,Moons,AF,P,0.4,0.4,8,0.3064669498783942,0.3907772806593846,0.03720800002338365,281.0,1.0,4.0,-0.0009364057997420778
LocPop,Moons,AF,KM,0.4,0.4,8,0.3064669498783942,0.3907772806593846,0.019174100016243756,86.0,1.0,4.0,0.5787134291187066
LocPop,Moons,AF,D,0.4,0.4,8,0.3064669498783942,0.3907772806593846,0.02137799997581169,123.0,1.0,4.0,0.3102430193656576
LocPop,Moons,AE,S,0.4,0.4,8,0.29117427380500593,0.3899809912909298,0.08525689999805763,360.0,1.0,4.0,0.0
LocPop,Moons,AE,P,0.4,0.4,8,0.3064669498783942,0.3907772806593846,0.0373319000354968,297.0,1.0,4.0,-0.0009364057997420778
LocPop,Moons,AE,KM,0.4,0.4,8,0.3064669498783942,0.3907772806593846,0.01667540002381429,86.0,1.0,4.0,0.5787134291187066
LocPop,Moons,AE,D,0.4,0.4,8,0.3064669498783942,0.3907772806593846,0.020825000014156103,123.0,1.0,4.0,0.3102430193656576
KMeans,Moons,-,-,,,9,0.4789688417784687,0.487960464061325,0.08399630000349134,,,,
DBSCAN,Moons,-,-,,,9,0.9933554078979533,0.017502488854272125,0.004057399986777455,,,,
LocPop,Moons,B,S,0.2,0.2,9,0.23052461732868665,0.47229148566005696,0.08500989997992292,367.0,1.0,10.0,0.0
LocPop,Moons,B,P,0.2,0.2,9,0.22752141910204998,0.46991021782845377,0.03803090000292286,319.0,1.0,10.0,0.005050449166397766
LocPop,Moons,B,KM,0.2,0.2,9,0.23608261650532836,0.46633722421439433,0.030578500009141862,231.0,1.0,10.0,0.18817784654632974
LocPop,Moons,B,D,0.2,0.2,9,0.23608261650532836,0.46633722421439433,0.03238460002467036,231.0,1.0,10.0,0.23859412265604218
LocPop,Moons,AF,S,0.2,0.2,9,0.23464831386802487,0.4640354543449181,0.11326650000410154,340.0,1.0,10.0,0.0
LocPop,Moons,AF,P,0.2,0.2,9,0.2464360815197759,0.4754480256613137,0.05364180001197383,293.0,1.0,9.0,0.0029673404161154426
LocPop,Moons,AF,KM,0.2,0.2,9,0.23778583306008072,0.45958664002305977,0.033154499949887395,227.0,1.0,10.0,0.18827161492354275
LocPop,Moons,AF,D,0.2,0.2,9,0.23778583306008072,0.45958664002305977,0.03292690002126619,227.0,1.0,10.0,0.24031467159778258
LocPop,Moons,AE,S,0.2,0.2,9,0.21658389007036732,0.4623694760521005,0.059798099973704666,362.0,1.0,11.0,0.0
LocPop,Moons,AE,P,0.2,0.2,9,0.22846272651326463,0.4440689044773284,0.04300029994919896,313.0,1.0,11.0,0.003399353115094285
LocPop,Moons,AE,KM,0.2,0.2,9,0.22846272651326463,0.4440689044773284,0.03439849999267608,238.0,1.0,11.0,0.18654902444513446
LocPop,Moons,AE,D,0.2,0.2,9,0.22846272651326463,0.4440689044773284,0.03098609996959567,238.0,1.0,11.0,0.230446810959502
LocPop,Moons,B,S,0.25,0.35,9,0.3351321120410065,0.49466597844514837,0.12371770001482219,381.0,1.0,6.0,0.0
LocPop,Moons,B,P,0.25,0.35,9,0.3351321120410065,0.49466597844514837,0.061616299964953214,334.0,1.0,6.0,0.0005084566412926576
LocPop,Moons,B,KM,0.25,0.35,9,0.34086636038368073,0.493585659669928,0.029240600008051842,150.0,1.0,6.0,0.30921618136993256
LocPop,Moons,B,D,0.25,0.35,9,0.30264266427180664,0.4704546908219544,0.03127269999822602,157.0,1.0,5.0,0.3065415089088243
LocPop,Moons,AF,S,0.25,0.35,9,0.2993108640043106,0.4692919099212285,0.07970830000704154,379.0,1.0,5.0,0.0
LocPop,Moons,AF,P,0.25,0.35,9,0.3378201211674835,0.4942394714131099,0.044693099975120276,320.0,1.0,6.0,-0.00019638601898936227
LocPop,Moons,AF,KM,0.25,0.35,9,0.34086636038368073,0.493585659669928,0.02363890002015978,150.0,1.0,6.0,0.30921618136993256
LocPop,Moons,AF,D,0.25,0.35,9,0.31414958010993754,0.4648440063797323,0.0283342000329867,150.0,1.0,5.0,0.31814090196384853
LocPop,Moons,AE,S,0.25,0.35,9,0.2993108640043106,0.4692919099212285,0.09016040002461523,366.0,1.0,5.0,0.0
LocPop,Moons,AE,P,0.25,0.35,9,0.3303821749154723,0.495346497788875,0.07748530001845211,327.0,1.0,6.0,0.001114680573320663
LocPop,Moons,AE,KM,0.25,0.35,9,0.3378201211674835,0.4942394714131099,0.03821019997121766,152.0,1.0,6.0,0.305812885279101
LocPop,Moons,AE,D,0.25,0.35,9,0.30264266427180664,0.4704546908219544,0.03160230000503361,157.0,1.0,5.0,0.3065415089088243
LocPop,Moons,B,S,0.4,0.4,9,0.29403922078174227,0.38809028365425574,0.07467810000525787,405.0,1.0,4.0,0.0
LocPop,Moons,B,P,0.4,0.4,9,0.3064669498783942,0.3907772806593846,0.03665039996849373,276.0,1.0,4.0,-0.0035263817772743125
LocPop,Moons,B,KM,0.4,0.4,9,0.3064669498783942,0.3907772806593846,0.015171000035479665,86.0,1.0,4.0,0.5787134291187066
LocPop,Moons,B,D,0.4,0.4,9,0.3064669498783942,0.3907772806593846,0.018621399998664856,123.0,1.0,4.0,0.3102430193656576
LocPop,Moons,AF,S,0.4,0.4,9,0.3064669498783942,0.3907772806593846,0.08754819998284802,415.0,1.0,4.0,0.0
LocPop,Moons,AF,P,0.4,0.4,9,0.3064669498783942,0.3907772806593846,0.042764200014062226,273.0,1.0,4.0,-0.0035263817772743125
LocPop,Moons,AF,KM,0.4,0.4,9,0.3064669498783942,0.3907772806593846,0.01857810001820326,86.0,1.0,4.0,0.5787134291187066
LocPop,Moons,AF,D,0.4,0.4,9,0.3064669498783942,0.3907772806593846,0.0431636999710463,123.0,1.0,4.0,0.3102430193656576
LocPop,Moons,AE,S,0.4,0.4,9,0.29117427380500593,0.3899809912909297,0.10843969997949898,389.0,1.0,4.0,0.0
LocPop,Moons,AE,P,0.4,0.4,9,0.3064669498783942,0.3907772806593846,0.03721669997321442,276.0,1.0,4.0,-0.0035263817772743125
LocPop,Moons,AE,KM,0.4,0.4,9,0.3064669498783942,0.3907772806593846,0.014314600033685565,86.0,1.0,4.0,0.5787134291187066
LocPop,Moons,AE,D,0.4,0.4,9,0.3064669498783942,0.3907772806593846,0.019512999977450818,123.0,1.0,4.0,0.3102430193656576
KMeans,3 Circles,-,-,,,0,0.4447491432816625,0.4086700253321924,0.09034320001956075,,,,
DBSCAN,3 Circles,-,-,,,0,0.18664222491319388,0.12725450269910887,0.0041291999514214694,,,,
LocPop,3 Circles,B,S,0.2,0.2,0,0.28388796206866274,0.26513767125850707,0.08682989998487756,337.0,1.0,9.0,0.0
LocPop,3 Circles,B,P,0.2,0.2,0,0.2888443463577557,0.42632864282771027,0.050476000003982335,290.0,1.0,7.0,0.0033379738269949466
LocPop,3 Circles,B,KM,0.2,0.2,0,0.287725215223464,0.39828850643392244,0.028863799991086125,160.0,1.0,7.0,0.4296927643933338
LocPop,3 Circles,B,D,0.2,0.2,0,0.28213033633123785,0.39560479367757506,0.041782099986448884,161.0,1.0,7.0,0.33513687012802246
LocPop,3 Circles,AF,S,0.2,0.2,0,0.27278059986137043,0.24753631843757057,0.07863579998956993,328.0,1.0,9.0,0.0
LocPop,3 Circles,AF,P,0.2,0.2,0,0.2880792236190825,0.4257776878069933,0.04560650000348687,290.0,1.0,7.0,0.0028006587229989117
LocPop,3 Circles,AF,KM,0.2,0.2,0,0.2954331042592361,0.3107554438643472,0.0302129999618046,168.0,1.0,8.0,0.42909552720273425
LocPop,3 Circles,AF,D,0.2,0.2,0,0.2898588945400404,0.30738141335944447,0.03037289995700121,164.0,1.0,8.0,0.3435083595562639
LocPop,3 Circles,AE,S,0.2,0.2,0,0.28500067974330107,0.27098143971637834,0.07774530001915991,332.0,1.0,9.0,0.0
LocPop,3 Circles,AE,P,0.2,0.2,0,0.287691645572861,0.4249042120057072,0.04774140001973137,295.0,1.0,7.0,0.002257979490439856
LocPop,3 Circles,AE,KM,0.2,0.2,0,0.2766653981758935,0.3992449391549742,0.02598859998397529,159.0,1.0,7.0,0.40397763354664823
LocPop,3 Circles,AE,D,0.2,0.2,0,0.27948846574613867,0.26347339985467155,0.0313861999893561,165.0,1.0,9.0,0.33812310680005486
LocPop,3 Circles,B,S,0.25,0.35,0,0.4255115220339167,0.2886952363410169,0.08096609998028725,327.0,1.0,4.0,0.0
LocPop,3 Circles,B,P,0.25,0.35,0,0.4150338819655981,0.28948886336267493,0.060476900020148605,250.0,1.0,4.0,-0.0002582544327259493
LocPop,3 Circles,B,KM,0.25,0.35,0,0.42430898484829066,0.289110220600377,0.009201800043229014,6.0,1.0,4.0,0.9548413465442873
LocPop,3 Circles,B,D,0.25,0.35,0,0.4171069276537409,0.28881208261549174,0.028589299996383488,158.0,1.0,4.0,0.27894114278861326
LocPop,3 Circles,AF,S,0.25,0.35,0,0.4171069276537409,0.28881208261549174,0.07016579998889938,323.0,1.0,4.0,0.0
LocPop,3 Circles,AF,P,0.25,0.35,0,0.41505136419263683,0.2865104394287029,0.03788159997202456,246.0,1.0,4.0,-0.0017153799166260012
LocPop,3 Circles,AF,KM,0.25,0.35,0,0.4173209984670855,0.2878143628984399,0.009456900006625801,8.0,1.0,4.0,0.9360218641229835
LocPop,3 Circles,AF,D,0.25,0.35,0,0.4171069276537409,0.28881208261549174,0.026382700016256422,158.0,1.0,4.0,0.27894114278861326
LocPop,3 Circles,AE,S,0.25,0.35,0,0.4255115220339167,0.2886952363410169,0.07062869996298105,321.0,1.0,4.0,0.0
LocPop,3 Circles,AE,P,0.25,0.35,0,0.4255115220339167,0.2886952363410169,0.043202899978496134,252.0,1.0,4.0,0.0006524526219967253
LocPop,3 Circles,AE,KM,0.25,0.35,0,0.42430898484829066,0.289110220600377,0.009463800000958145,6.0,1.0,4.0,0.9548413465442873
LocPop,3 Circles,AE,D,0.25,0.35,0,0.4255115220339167,0.2886952363410169,0.029836900008376688,162.0,1.0,4.0,0.27266547276265163
LocPop,3 Circles,B,S,0.4,0.4,0,0.36214404584754967,0.4566495437758118,0.06341979996068403,319.0,1.0,2.0,0.0
LocPop,3 Circles,B,P,0.4,0.4,0,0.4674504149185697,0.47871049780308444,0.04056179994950071,252.0,1.0,2.0,0.000317206965983555
LocPop,3 Circles,B,KM,0.4,0.4,0,0.4674504149185697,0.47871049780308444,0.020944899995811284,103.0,1.0,2.0,0.44316260234437427
LocPop,3 Circles,B,D,0.4,0.4,0,0.36214404584754967,0.4566495437758118,0.035673300037160516,244.0,1.0,2.0,0.1838698951432863
LocPop,3 Circles,AF,S,0.4,0.4,0,0.3656794962335714,0.4565120707353438,0.07701040001120418,318.0,1.0,2.0,0.0
LocPop,3 Circles,AF,P,0.4,0.4,0,0.4674504149185697,0.47871049780308444,0.06556620000628754,252.0,1.0,2.0,0.000317206965983555
LocPop,3 Circles,AF,KM,0.4,0.4,0,0.4674504149185697,0.47871049780308444,0.020409899996593595,103.0,1.0,2.0,0.44316260234437427
LocPop,3 Circles,AF,D,0.4,0.4,0,0.3656794962335714,0.4565120707353438,0.04316220001783222,243.0,1.0,2.0,0.18785143137612398
LocPop,3 Circles,AE,S,0.4,0.4,0,0.36214404584754967,0.4566495437758118,0.06516320002265275,317.0,1.0,2.0,0.0
LocPop,3 Circles,AE,P,0.4,0.4,0,0.4674504149185697,0.47871049780308444,0.03004249994410202,252.0,1.0,2.0,0.000317206965983555
LocPop,3 Circles,AE,KM,0.4,0.4,0,0.4674504149185697,0.47871049780308444,0.019395000010263175,103.0,1.0,2.0,0.44316260234437427
LocPop,3 Circles,AE,D,0.4,0.4,0,0.36214404584754967,0.4566495437758118,0.03685049997875467,243.0,1.0,2.0,0.1838698951432863
KMeans,3 Circles,-,-,,,1,0.4447491432816625,0.40867002533219243,0.0909764000098221,,,,
DBSCAN,3 Circles,-,-,,,1,0.1875163037340018,0.1260733437153401,0.003997199994046241,,,,
LocPop,3 Circles,B,S,0.2,0.2,1,0.2850615735362706,0.26654603032819274,0.09140119998482987,360.0,1.0,9.0,0.0
LocPop,3 Circles,B,P,0.2,0.2,1,0.287691645572861,0.4249042120057072,0.049647899984847754,319.0,1.0,7.0,-0.003077229221381099
LocPop,3 Circles,B,KM,0.2,0.2,1,0.287725215223464,0.39828850643392244,0.032467200013343245,160.0,1.0,7.0,0.4296927643933338
LocPop,3 Circles,B,D,0.2,0.2,1,0.28948251315489837,0.30951724115840873,0.03345619997708127,156.0,1.0,8.0,0.34720040613400116
LocPop,3 Circles,AF,S,0.2,0.2,1,0.307982997149639,0.30831587525820275,0.12754679995123297,335.0,1.0,8.0,0.0
LocPop,3 Circles,AF,P,0.2,0.2,1,0.29400028941154727,0.4257842191586734,0.05602640000870451,305.0,1.0,7.0,-0.0029030264040576506
LocPop,3 Circles,AF,KM,0.2,0.2,1,0.2954331042592361,0.31075544386434717,0.026890699984505773,168.0,1.0,8.0,0.42909552720273425
LocPop,3 Circles,AF,D,0.2,0.2,1,0.2898588945400404,0.30738141335944447,0.03248240001266822,160.0,1.0,8.0,0.34551565234242854
LocPop,3 Circles,AE,S,0.2,0.2,1,0.28500067974330107,0.27098143971637834,0.08461990003706887,363.0,1.0,9.0,0.0
LocPop,3 Circles,AE,P,0.2,0.2,1,0.287691645572861,0.4249042120057072,0.052261399978306144,321.0,1.0,7.0,-0.003077229221381099
LocPop,3 Circles,AE,KM,0.2,0.2,1,0.2781058237814056,0.2667593610639323,0.03111969999736175,165.0,1.0,9.0,0.41400093027972323
LocPop,3 Circles,AE,D,0.2,0.2,1,0.28644861068924266,0.2633313984361903,0.032147300022188574,158.0,1.0,9.0,0.347354308578937
LocPop,3 Circles,B,S,0.25,0.35,1,0.4171069276537409,0.28881208261549174,0.08816149999620393,326.0,1.0,4.0,0.0
LocPop,3 Circles,B,P,0.25,0.35,1,0.4150338819655981,0.2894888633626749,0.033825599995907396,238.0,1.0,4.0,0.0030734899366801427
LocPop,3 Circles,B,KM,0.25,0.35,1,0.42430898484829066,0.289110220600377,0.020458700018934906,6.0,1.0,4.0,0.9548413465442873
LocPop,3 Circles,B,D,0.25,0.35,1,0.4171069276537409,0.28881208261549174,0.043047400016803294,160.0,1.0,4.0,0.27971707944252167
LocPop,3 Circles,AF,S,0.25,0.35,1,0.4171069276537409,0.28881208261549174,0.07106500002555549,323.0,1.0,4.0,0.0
LocPop,3 Circles,AF,P,0.25,0.35,1,0.41505136419263683,0.2865104394287029,0.05606189998798072,243.0,1.0,4.0,0.0030716736373716264
LocPop,3 Circles,AF,KM,0.25,0.35,1,0.4173209984670855,0.2878143628984399,0.020410099998116493,8.0,1.0,4.0,0.9360218641229835
LocPop,3 Circles,AF,D,0.25,0.35,1,0.4171069276537409,0.28881208261549174,0.029283299983944744,160.0,1.0,4.0,0.27971707944252167
LocPop,3 Circles,AE,S,0.25,0.35,1,0.4255115220339167,0.28869523634101696,0.07783500000368804,321.0,1.0,4.0,0.0
LocPop,3 Circles,AE,P,0.25,0.35,1,0.4255115220339167,0.28869523634101696,0.030068900028709322,240.0,1.0,4.0,0.0038956516251411524
LocPop,3 Circles,AE,KM,0.25,0.35,1,0.42430898484829066,0.289110220600377,0.007236699981149286,6.0,1.0,4.0,0.9548413465442873
LocPop,3 Circles,AE,D,0.25,0.35,1,0.4255115220339167,0.28869523634101696,0.022755600046366453,161.0,1.0,4.0,0.273446199220105
LocPop,3 Circles,B,S,0.4,0.4,1,0.36214404584754967,0.4566495437758118,0.08748829999240115,319.0,1.0,2.0,0.0
LocPop,3 Circles,B,P,0.4,0.4,1,0.4674504149185697,0.47871049780308433,0.03298780001932755,258.0,1.0,2.0,0.003153689443115008
LocPop,3 Circles,B,KM,0.4,0.4,1,0.4674504149185697,0.47871049780308433,0.024975100008305162,103.0,1.0,2.0,0.44316260234437427
LocPop,3 Circles,B,D,0.4,0.4,1,0.36214404584754967,0.4566495437758118,0.0402110000140965,242.0,1.0,2.0,0.18428613325215568
LocPop,3 Circles,AF,S,0.4,0.4,1,0.3656794962335714,0.4565120707353438,0.07529449998401105,318.0,1.0,2.0,0.0
LocPop,3 Circles,AF,P,0.4,0.4,1,0.4674504149185697,0.47871049780308433,0.04095449997112155,258.0,1.0,2.0,0.003153689443115008
LocPop,3 Circles,AF,KM,0.4,0.4,1,0.4674504149185697,0.47871049780308433,0.024585500010289252,103.0,1.0,2.0,0.44316260234437427
LocPop,3 Circles,AF,D,0.4,0.4,1,0.3656794962335714,0.4565120707353438,0.04269409994594753,242.0,1.0,2.0,0.18826445918514362
LocPop,3 Circles,AE,S,0.4,0.4,1,0.36214404584754967,0.4566495437758118,0.0623757999856025,317.0,1.0,2.0,0.0
LocPop,3 Circles,AE,P,0.4,0.4,1,0.4674504149185697,0.47871049780308433,0.0378093000035733,255.0,1.0,2.0,0.003153689443115008
LocPop,3 Circles,AE,KM,0.4,0.4,1,0.4674504149185697,0.47871049780308433,0.019557499967049807,103.0,1.0,2.0,0.44316260234437427
LocPop,3 Circles,AE,D,0.4,0.4,1,0.36214404584754967,0.4566495437758118,0.033562099968548864,242.0,1.0,2.0,0.18428613325215568
KMeans,3 Circles,-,-,,,2,0.44004042939528837,0.4206514690306235,0.1320193000137806,,,,
DBSCAN,3 Circles,-,-,,,2,0.18664222491319388,0.12725450269910887,0.0032337000011466444,,,,
LocPop,3 Circles,B,S,0.2,0.2,2,0.2850615735362706,0.2665460303281927,0.08131169999251142,339.0,1.0,9.0,0.0
LocPop,3 Circles,B,P,0.2,0.2,2,0.2888443463577557,0.42632864282771027,0.04286180000053719,282.0,1.0,7.0,-0.00014239641921505816
LocPop,3 Circles,B,KM,0.2,0.2,2,0.287725215223464,0.39828850643392244,0.020824700011871755,146.0,1.0,7.0,0.4660422818098498
LocPop,3 Circles,B,D,0.2,0.2,2,0.28948251315489837,0.30951724115840873,0.02051269996445626,160.0,1.0,8.0,0.34519116991451415
LocPop,3 Circles,AF,S,0.2,0.2,2,0.2954331042592361,0.31075544386434717,0.059853000042494386,335.0,1.0,8.0,0.0
LocPop,3 Circles,AF,P,0.2,0.2,2,0.2880792236190825,0.4257776878069933,0.03875710000284016,274.0,1.0,7.0,0.00013342010811682946
LocPop,3 Circles,AF,KM,0.2,0.2,2,0.2954331042592361,0.31075544386434717,0.02468659996520728,156.0,1.0,8.0,0.46536883911398336
LocPop,3 Circles,AF,D,0.2,0.2,2,0.2898588945400404,0.30738141335944447,0.024509300012141466,161.0,1.0,8.0,0.3435083595562639
LocPop,3 Circles,AE,S,0.2,0.2,2,0.28500067974330107,0.2709814397163784,0.07787520001875237,334.0,1.0,9.0,0.0
LocPop,3 Circles,AE,P,0.2,0.2,2,0.287691645572861,0.42490421200570727,0.04767050000373274,286.0,1.0,7.0,0.00040225472111082817
LocPop,3 Circles,AE,KM,0.2,0.2,2,0.2766653981758935,0.3992449391549743,0.023692900023888797,145.0,1.0,7.0,0.4391499240137233
LocPop,3 Circles,AE,D,0.2,0.2,2,0.28644861068924266,0.26333139843619024,0.023674900003243238,162.0,1.0,9.0,0.3451789454923125
LocPop,3 Circles,B,S,0.25,0.35,2,0.4150338819655981,0.28948886336267493,0.06455690000439063,332.0,1.0,4.0,0.0
LocPop,3 Circles,B,P,0.25,0.35,2,0.4150338819655981,0.28948886336267493,0.028619299991987646,224.0,1.0,4.0,0.0013096252705239763
LocPop,3 Circles,B,KM,0.25,0.35,2,0.42430898484829066,0.28911022060037705,0.007983300019986928,9.0,1.0,4.0,0.9073303495246537
LocPop,3 Circles,B,D,0.25,0.35,2,0.4171069276537409,0.28881208261549174,0.025884200003929436,158.0,1.0,4.0,0.27894114278861326
LocPop,3 Circles,AF,S,0.25,0.35,2,0.41505136419263683,0.2865104394287029,0.07287440000800416,328.0,1.0,4.0,0.0
LocPop,3 Circles,AF,P,0.25,0.35,2,0.41505136419263683,0.2865104394287029,0.03308279998600483,223.0,1.0,4.0,0.00023851949316894874
LocPop,3 Circles,AF,KM,0.25,0.35,2,0.4235757171731801,0.2903017286967157,0.00909249996766448,4.0,1.0,4.0,0.9677238946380922
LocPop,3 Circles,AF,D,0.25,0.35,2,0.4171069276537409,0.28881208261549174,0.02356520004104823,158.0,1.0,4.0,0.27894114278861326
LocPop,3 Circles,AE,S,0.25,0.35,2,0.4255115220339167,0.28869523634101696,0.07174859999213368,331.0,1.0,4.0,0.0
LocPop,3 Circles,AE,P,0.25,0.35,2,0.4255115220339167,0.28869523634101696,0.03228159999707714,220.0,1.0,4.0,-0.0008217287430689235
LocPop,3 Circles,AE,KM,0.25,0.35,2,0.42430898484829066,0.28911022060037705,0.007067299971822649,9.0,1.0,4.0,0.9073303495246537
LocPop,3 Circles,AE,D,0.25,0.35,2,0.4255115220339167,0.28869523634101696,0.025681400031317025,159.0,1.0,4.0,0.27266547276265163
LocPop,3 Circles,B,S,0.4,0.4,2,0.36214404584754967,0.4566495437758118,0.07307039998704568,319.0,1.0,2.0,0.0
LocPop,3 Circles,B,P,0.4,0.4,2,0.4674504149185697,0.47871049780308433,0.03778680000687018,264.0,1.0,2.0,-0.002696555665968614
LocPop,3 Circles,B,KM,0.4,0.4,2,0.4674504149185697,0.47871049780308433,0.017799199966248125,92.0,1.0,2.0,0.4887521029684802
LocPop,3 Circles,B,D,0.4,0.4,2,0.36214404584754967,0.4566495437758118,0.03706389997387305,244.0,1.0,2.0,0.1838698951432863
LocPop,3 Circles,AF,S,0.4,0.4,2,0.3656794962335714,0.4565120707353438,0.06793770001968369,318.0,1.0,2.0,0.0
LocPop,3 Circles,AF,P,0.4,0.4,2,0.4674504149185697,0.47871049780308433,0.03447300003608689,208.0,1.0,2.0,-0.002696555665968614
LocPop,3 Circles,AF,KM,0.4,0.4,2,0.4674504149185697,0.47871049780308433,0.015313200012315065,92.0,1.0,2.0,0.4887521029684802
LocPop,3 Circles,AF,D,0.4,0.4,2,0.3656794962335714,0.4565120707353438,0.03818430000683293,243.0,1.0,2.0,0.18785143137612398
LocPop,3 Circles,AE,S,0.4,0.4,2,0.36214404584754967,0.4566495437758118,0.06991459999699146,317.0,1.0,2.0,0.0
LocPop,3 Circles,AE,P,0.4,0.4,2,0.4674504149185697,0.47871049780308433,0.03541200002655387,256.0,1.0,2.0,-0.002696555665968614
LocPop,3 Circles,AE,KM,0.4,0.4,2,0.4674504149185697,0.47871049780308433,0.022820400015916675,92.0,1.0,2.0,0.4887521029684802
LocPop,3 Circles,AE,D,0.4,0.4,2,0.36214404584754967,0.4566495437758118,0.04468350001843646,243.0,1.0,2.0,0.1838698951432863
KMeans,3 Circles,-,-,,,3,0.4447491432816625,0.4086700253321924,0.07847800001036376,,,,
DBSCAN,3 Circles,-,-,,,3,0.1875163037340018,0.1260733437153401,0.0036909999907948077,,,,
LocPop,3 Circles,B,S,0.2,0.2,3,0.2850615735362706,0.2665460303281927,0.08810309995897114,378.0,1.0,9.0,0.0
LocPop,3 Circles,B,P,0.2,0.2,3,0.28973280891310216,0.4251643631272045,0.03199990000575781,268.0,1.0,7.0,0.0006416013128209582
LocPop,3 Circles,B,KM,0.2,0.2,3,0.287725215223464,0.39828850643392244,0.019793299958109856,160.0,1.0,7.0,0.4296927643933338
LocPop,3 Circles,B,D,0.2,0.2,3,0.28948251315489837,0.30951724115840873,0.02091419999487698,156.0,1.0,8.0,0.34720040613400116
LocPop,3 Circles,AF,S,0.2,0.2,3,0.2954331042592361,0.31075544386434717,0.06915080000180751,375.0,1.0,8.0,0.0
LocPop,3 Circles,AF,P,0.2,0.2,3,0.29400028941154727,0.4257842191586733,0.03742980002425611,264.0,1.0,7.0,0.0014989735963297811
LocPop,3 Circles,AF,KM,0.2,0.2,3,0.2954331042592361,0.31075544386434717,0.04413699998985976,170.0,1.0,8.0,0.42909552720273425
LocPop,3 Circles,AF,D,0.2,0.2,3,0.2898588945400404,0.30738141335944447,0.027175199997145683,160.0,1.0,8.0,0.34551565234242854
LocPop,3 Circles,AE,S,0.2,0.2,3,0.2850615735362706,0.2665460303281927,0.0735397000098601,388.0,1.0,9.0,0.0
LocPop,3 Circles,AE,P,0.2,0.2,3,0.287691645572861,0.4249042120057072,0.038233699975535274,271.0,1.0,7.0,0.0009821687115261495
LocPop,3 Circles,AE,KM,0.2,0.2,3,0.2766653981758935,0.39924493915497417,0.02369089995045215,159.0,1.0,7.0,0.40397763354664823
LocPop,3 Circles,AE,D,0.2,0.2,3,0.28644861068924266,0.26333139843619024,0.0288113999995403,158.0,1.0,9.0,0.347354308578937
LocPop,3 Circles,B,S,0.25,0.35,3,0.4150338819655981,0.2894888633626749,0.08025640004780143,409.0,1.0,4.0,0.0
LocPop,3 Circles,B,P,0.25,0.35,3,0.42020638317425724,0.2888147244972198,0.03186170000117272,224.0,1.0,4.0,0.0039090706192808095
LocPop,3 Circles,B,KM,0.25,0.35,3,0.42430898484829066,0.289110220600377,0.007869999972172081,6.0,1.0,4.0,0.9548413465442873
LocPop,3 Circles,B,D,0.25,0.35,3,0.4171069276537409,0.28881208261549174,0.021314000012353063,157.0,1.0,4.0,0.27971707944252167
LocPop,3 Circles,AF,S,0.25,0.35,3,0.41505136419263683,0.2865104394287029,0.09646909998264164,403.0,1.0,4.0,0.0
LocPop,3 Circles,AF,P,0.25,0.35,3,0.41505136419263683,0.2865104394287029,0.031299600028432906,223.0,1.0,4.0,0.004927878076676829
LocPop,3 Circles,AF,KM,0.25,0.35,3,0.4173209984670855,0.2878143628984399,0.007332099950872362,8.0,1.0,4.0,0.9360218641229835
LocPop,3 Circles,AF,D,0.25,0.35,3,0.4171069276537409,0.28881208261549174,0.02468809997662902,157.0,1.0,4.0,0.27971707944252167
LocPop,3 Circles,AE,S,0.25,0.35,3,0.4255115220339167,0.2886952363410169,0.08760339999571443,411.0,1.0,4.0,0.0
LocPop,3 Circles,AE,P,0.25,0.35,3,0.4255115220339167,0.2886952363410169,0.03174960002070293,224.0,1.0,4.0,0.004288766655825326
LocPop,3 Circles,AE,KM,0.25,0.35,3,0.42430898484829066,0.289110220600377,0.007336500042583793,6.0,1.0,4.0,0.9548413465442873
LocPop,3 Circles,AE,D,0.25,0.35,3,0.4255115220339167,0.2886952363410169,0.027112799987662584,158.0,1.0,4.0,0.273446199220105
LocPop,3 Circles,B,S,0.4,0.4,3,0.36214404584754967,0.4566495437758118,0.07359340001130477,385.0,1.0,2.0,0.0
LocPop,3 Circles,B,P,0.4,0.4,3,0.4674504149185697,0.47871049780308433,0.027687499998137355,204.0,1.0,2.0,0.0029764092882942923
LocPop,3 Circles,B,KM,0.4,0.4,3,0.4674504149185697,0.47871049780308433,0.01604280003812164,103.0,1.0,2.0,0.44316260234437427
LocPop,3 Circles,B,D,0.4,0.4,3,0.36214404584754967,0.4566495437758118,0.03654969995841384,243.0,1.0,2.0,0.18428613325215568
LocPop,3 Circles,AF,S,0.4,0.4,3,0.3656794962335714,0.4565120707353438,0.12964220001595095,384.0,1.0,2.0,0.0
LocPop,3 Circles,AF,P,0.4,0.4,3,0.4674504149185697,0.47871049780308433,0.032704100012779236,201.0,1.0,2.0,0.0029764092882942923
LocPop,3 Circles,AF,KM,0.4,0.4,3,0.4674504149185697,0.47871049780308433,0.0174933000234887,103.0,1.0,2.0,0.44316260234437427
LocPop,3 Circles,AF,D,0.4,0.4,3,0.3656794962335714,0.4565120707353438,0.036492699990049005,242.0,1.0,2.0,0.18826445918514362
LocPop,3 Circles,AE,S,0.4,0.4,3,0.36214404584754967,0.4566495437758118,0.07742819999111816,385.0,1.0,2.0,0.0
LocPop,3 Circles,AE,P,0.4,0.4,3,0.4674504149185697,0.47871049780308433,0.029640100023243576,204.0,1.0,2.0,0.0029764092882942923
LocPop,3 Circles,AE,KM,0.4,0.4,3,0.4674504149185697,0.47871049780308433,0.017884900036733598,103.0,1.0,2.0,0.44316260234437427
LocPop,3 Circles,AE,D,0.4,0.4,3,0.36214404584754967,0.4566495437758118,0.03546479996293783,242.0,1.0,2.0,0.18428613325215568
KMeans,3 Circles,-,-,,,4,0.4447491432816625,0.40867002533219243,0.08003799995640293,,,,
DBSCAN,3 Circles,-,-,,,4,0.18664222491319388,0.12725450269910887,0.005867299973033369,,,,
LocPop,3 Circles,B,S,0.2,0.2,4,0.28644861068924266,0.2633313984361903,0.08665860001929104,338.0,1.0,9.0,0.0
LocPop,3 Circles,B,P,0.2,0.2,4,0.287691645572861,0.4249042120057072,0.04300550004700199,302.0,1.0,7.0,-0.002961246423298035
LocPop,3 Circles,B,KM,0.2,0.2,4,0.287725215223464,0.3982885064339224,0.022514999960549176,160.0,1.0,7.0,0.4296927643933338
LocPop,3 Circles,B,D,0.2,0.2,4,0.2805492102404101,0.3951026098479774,0.02130400005262345,161.0,1.0,7.0,0.33501585056458477
LocPop,3 Circles,AF,S,0.2,0.2,4,0.2898588945400404,0.30738141335944447,0.06348880002042279,338.0,1.0,8.0,0.0
LocPop,3 Circles,AF,P,0.2,0.2,4,0.2880792236190825,0.4257776878069933,0.04329639999195933,299.0,1.0,7.0,-0.0036934874697574626
LocPop,3 Circles,AF,KM,0.2,0.2,4,0.2954331042592361,0.31075544386434717,0.026313600013963878,172.0,1.0,8.0,0.42909552720273425
LocPop,3 Circles,AF,D,0.2,0.2,4,0.2898588945400404,0.30738141335944447,0.025684799998998642,165.0,1.0,8.0,0.3435083595562639
LocPop,3 Circles,AE,S,0.2,0.2,4,0.28510842144963167,0.2599319707018517,0.06576790002873167,328.0,1.0,9.0,0.0
LocPop,3 Circles,AE,P,0.2,0.2,4,0.287691645572861,0.4249042120057072,0.0473206999595277,301.0,1.0,7.0,-0.002961246423298035
LocPop,3 Circles,AE,KM,0.2,0.2,4,0.2781058237814056,0.2667593610639323,0.02580800000578165,165.0,1.0,9.0,0.41400093027972323
LocPop,3 Circles,AE,D,0.2,0.2,4,0.28644861068924266,0.2633313984361903,0.02817979996325448,158.0,1.0,9.0,0.3451789454923125
LocPop,3 Circles,B,S,0.25,0.35,4,0.4150338819655981,0.2894888633626749,0.07673909998266026,341.0,1.0,4.0,0.0
LocPop,3 Circles,B,P,0.25,0.35,4,0.4150338819655981,0.2894888633626749,0.050481999991461635,367.0,1.0,4.0,-0.0034920063206789207
LocPop,3 Circles,B,KM,0.25,0.35,4,0.42430898484829066,0.289110220600377,0.006381399987731129,6.0,1.0,4.0,0.9548413465442873
LocPop,3 Circles,B,D,0.25,0.35,4,0.4171069276537409,0.28881208261549174,0.02727759996196255,158.0,1.0,4.0,0.27894114278861326
LocPop,3 Circles,AF,S,0.25,0.35,4,0.41505136419263683,0.2865104394287029,0.0688481000252068,337.0,1.0,4.0,0.0
LocPop,3 Circles,AF,P,0.25,0.35,4,0.41505136419263683,0.2865104394287029,0.04786190000595525,367.0,1.0,4.0,-0.003669279326420951
LocPop,3 Circles,AF,KM,0.25,0.35,4,0.4173209984670855,0.2878143628984399,0.008283200033474714,8.0,1.0,4.0,0.9360218641229835
LocPop,3 Circles,AF,D,0.25,0.35,4,0.4171069276537409,0.28881208261549174,0.02261700003873557,158.0,1.0,4.0,0.27894114278861326
LocPop,3 Circles,AE,S,0.25,0.35,4,0.4255115220339167,0.288695236341017,0.07613449997734278,343.0,1.0,4.0,0.0
LocPop,3 Circles,AE,P,0.25,0.35,4,0.4255115220339167,0.288695236341017,0.051767800003290176,369.0,1.0,4.0,-0.0038683702308712643
LocPop,3 Circles,AE,KM,0.25,0.35,4,0.42430898484829066,0.289110220600377,0.006487999984528869,6.0,1.0,4.0,0.9548413465442873
LocPop,3 Circles,AE,D,0.25,0.35,4,0.4255115220339167,0.288695236341017,0.025615999998990446,162.0,1.0,4.0,0.27266547276265163
LocPop,3 Circles,B,S,0.4,0.4,4,0.36214404584754967,0.4566495437758118,0.07488979998743162,319.0,1.0,2.0,0.0
LocPop,3 Circles,B,P,0.4,0.4,4,0.4674504149185697,0.47871049780308433,0.03904950001742691,265.0,1.0,2.0,0.00013992681116283922
LocPop,3 Circles,B,KM,0.4,0.4,4,0.4674504149185697,0.47871049780308433,0.021786600002087653,103.0,1.0,2.0,0.44316260234437427
LocPop,3 Circles,B,D,0.4,0.4,4,0.36214404584754967,0.4566495437758118,0.03354619996389374,244.0,1.0,2.0,0.1838698951432863
LocPop,3 Circles,AF,S,0.4,0.4,4,0.3656794962335714,0.4565120707353438,0.06975309998961166,318.0,1.0,2.0,0.0
LocPop,3 Circles,AF,P,0.4,0.4,4,0.3656794962335714,0.4565120707353438,0.03339520003646612,215.0,1.0,2.0,-0.002806841966091084
LocPop,3 Circles,AF,KM,0.4,0.4,4,0.4674504149185697,0.47871049780308433,0.019104700011666864,103.0,1.0,2.0,0.44316260234437427
LocPop,3 Circles,AF,D,0.4,0.4,4,0.3656794962335714,0.4565120707353438,0.035251199966296554,243.0,1.0,2.0,0.18785143137612398
LocPop,3 Circles,AE,S,0.4,0.4,4,0.36214404584754967,0.4566495437758118,0.07120399997802451,317.0,1.0,2.0,0.0
LocPop,3 Circles,AE,P,0.4,0.4,4,0.4674504149185697,0.47871049780308433,0.03528569999616593,256.0,1.0,2.0,0.00013992681116283922
LocPop,3 Circles,AE,KM,0.4,0.4,4,0.4674504149185697,0.47871049780308433,0.02080599998589605,103.0,1.0,2.0,0.44316260234437427
LocPop,3 Circles,AE,D,0.4,0.4,4,0.36214404584754967,0.4566495437758118,0.03284579998580739,243.0,1.0,2.0,0.1838698951432863
KMeans,3 Circles,-,-,,,5,0.4447491432816625,0.4086700253321924,0.15085320000071079,,,,
DBSCAN,3 Circles,-,-,,,5,0.1875163037340018,0.1260733437153401,0.003380900016054511,,,,
LocPop,3 Circles,B,S,0.2,0.2,5,0.2850615735362706,0.2665460303281927,0.09354219998931512,360.0,1.0,9.0,0.0
LocPop,3 Circles,B,P,0.2,0.2,5,0.287691645572861,0.4249042120057072,0.03421280003385618,288.0,1.0,7.0,0.001794048298107599
LocPop,3 Circles,B,KM,0.2,0.2,5,0.287725215223464,0.3982885064339224,0.02327920001698658,160.0,1.0,7.0,0.4296927643933338
LocPop,3 Circles,B,D,0.2,0.2,5,0.28213033633123785,0.3956047936775751,0.0334648999851197,160.0,1.0,7.0,0.3371603999585171
LocPop,3 Circles,AF,S,0.2,0.2,5,0.307982997149639,0.3083158752582027,0.07089199998881668,334.0,1.0,8.0,0.0
LocPop,3 Circles,AF,P,0.2,0.2,5,0.28973280891310216,0.4251643631272045,0.040712399990297854,288.0,1.0,7.0,0.000409771956285047
LocPop,3 Circles,AF,KM,0.2,0.2,5,0.2954331042592361,0.3107554438643472,0.028868400026112795,172.0,1.0,8.0,0.42909552720273425
LocPop,3 Circles,AF,D,0.2,0.2,5,0.2898588945400404,0.30738141335944447,0.02545720001216978,160.0,1.0,8.0,0.34551565234242854
LocPop,3 Circles,AE,S,0.2,0.2,5,0.28500067974330107,0.27098143971637834,0.11829479999141768,357.0,1.0,9.0,0.0
LocPop,3 Circles,AE,P,0.2,0.2,5,0.28739971932391306,0.42887520886168146,0.03701379999984056,284.0,1.0,7.0,0.003010436633807106
LocPop,3 Circles,AE,KM,0.2,0.2,5,0.2766653981758935,0.3992449391549742,0.02339899999788031,159.0,1.0,7.0,0.40397763354664823
LocPop,3 Circles,AE,D,0.2,0.2,5,0.27948846574613867,0.2634733998546715,0.02489709999645129,164.0,1.0,9.0,0.34032135085877063
LocPop,3 Circles,B,S,0.25,0.35,5,0.4150338819655981,0.28948886336267493,0.07159379997756332,340.0,1.0,4.0,0.0
LocPop,3 Circles,B,P,0.25,0.35,5,0.4150338819655981,0.28948886336267493,0.029775100003462285,229.0,1.0,4.0,0.0028775049737739017
LocPop,3 Circles,B,KM,0.25,0.35,5,0.42430898484829066,0.289110220600377,0.00797700003022328,6.0,1.0,4.0,0.9548413465442873
LocPop,3 Circles,B,D,0.25,0.35,5,0.4171069276537409,0.28881208261549174,0.028658299997914582,160.0,1.0,4.0,0.27971707944252167
LocPop,3 Circles,AF,S,0.25,0.35,5,0.41505136419263683,0.28651043942870297,0.07750670000677928,336.0,1.0,4.0,0.0
LocPop,3 Circles,AF,P,0.25,0.35,5,0.40999394603792727,0.28799844468338665,0.030826799978967756,228.0,1.0,4.0,0.002077654335127706
LocPop,3 Circles,AF,KM,0.25,0.35,5,0.4173209984670855,0.2878143628984399,0.008633899968117476,8.0,1.0,4.0,0.9360218641229835
LocPop,3 Circles,AF,D,0.25,0.35,5,0.4171069276537409,0.28881208261549174,0.023839399975258857,160.0,1.0,4.0,0.27971707944252167
LocPop,3 Circles,AE,S,0.25,0.35,5,0.4255115220339167,0.288695236341017,0.07474770001135767,342.0,1.0,4.0,0.0
LocPop,3 Circles,AE,P,0.25,0.35,5,0.4255115220339167,0.288695236341017,0.03510860004462302,231.0,1.0,4.0,0.004878439201851585
LocPop,3 Circles,AE,KM,0.25,0.35,5,0.42430898484829066,0.289110220600377,0.00627610000083223,6.0,1.0,4.0,0.9548413465442873
LocPop,3 Circles,AE,D,0.25,0.35,5,0.4255115220339167,0.288695236341017,0.026341799995861948,161.0,1.0,4.0,0.273446199220105
LocPop,3 Circles,B,S,0.4,0.4,5,0.36214404584754967,0.4566495437758118,0.08042230003047734,384.0,1.0,2.0,0.0
LocPop,3 Circles,B,P,0.4,0.4,5,0.36214404584754967,0.4566495437758118,0.02440970001043752,209.0,1.0,2.0,0.0019470079641601503
LocPop,3 Circles,B,KM,0.4,0.4,5,0.4674504149185697,0.47871049780308433,0.016512900008819997,103.0,1.0,2.0,0.44316260234437427
LocPop,3 Circles,B,D,0.4,0.4,5,0.36214404584754967,0.4566495437758118,0.04699659999459982,243.0,1.0,2.0,0.18428613325215568
LocPop,3 Circles,AF,S,0.4,0.4,5,0.3656794962335714,0.4565120707353438,0.07183600001735613,383.0,1.0,2.0,0.0
LocPop,3 Circles,AF,P,0.4,0.4,5,0.3656794962335714,0.4565120707353438,0.033307300007436424,203.0,1.0,2.0,0.001236903857773525
LocPop,3 Circles,AF,KM,0.4,0.4,5,0.4674504149185697,0.47871049780308433,0.018919399997685105,103.0,1.0,2.0,0.44316260234437427
LocPop,3 Circles,AF,D,0.4,0.4,5,0.3656794962335714,0.4565120707353438,0.03605750005226582,242.0,1.0,2.0,0.18826445918514362
LocPop,3 Circles,AE,S,0.4,0.4,5,0.36214404584754967,0.4566495437758118,0.08002430002670735,384.0,1.0,2.0,0.0
LocPop,3 Circles,AE,P,0.4,0.4,5,0.36214404584754967,0.4566495437758118,0.03353000001516193,209.0,1.0,2.0,0.0019470079641601503
LocPop,3 Circles,AE,KM,0.4,0.4,5,0.4674504149185697,0.47871049780308433,0.02291330002481118,103.0,1.0,2.0,0.44316260234437427
LocPop,3 Circles,AE,D,0.4,0.4,5,0.36214404584754967,0.4566495437758118,0.03298939997330308,242.0,1.0,2.0,0.18428613325215568
KMeans,3 Circles,-,-,,,6,0.4447491432816625,0.4086700253321924,0.07646390004083514,,,,
DBSCAN,3 Circles,-,-,,,6,0.1875163037340018,0.1260733437153401,0.003635199973359704,,,,
LocPop,3 Circles,B,S,0.2,0.2,6,0.2850615735362706,0.2665460303281927,0.08626939996611327,347.0,1.0,9.0,0.0
LocPop,3 Circles,B,P,0.2,0.2,6,0.287691645572861,0.4249042120057072,0.039838100026827306,313.0,1.0,7.0,-0.004353040000294806
LocPop,3 Circles,B,KM,0.2,0.2,6,0.287725215223464,0.3982885064339224,0.021655600052326918,160.0,1.0,7.0,0.4296927643933338
LocPop,3 Circles,B,D,0.2,0.2,6,0.28948251315489837,0.30951724115840873,0.02577090001432225,159.0,1.0,8.0,0.34720040613400116
LocPop,3 Circles,AF,S,0.2,0.2,6,0.2954331042592361,0.31075544386434717,0.0634178000036627,339.0,1.0,8.0,0.0
LocPop,3 Circles,AF,P,0.2,0.2,6,0.28973280891310216,0.42516436312720446,0.044848799996543676,317.0,1.0,7.0,-0.004226815174433176
LocPop,3 Circles,AF,KM,0.2,0.2,6,0.2954331042592361,0.31075544386434717,0.027766000013798475,168.0,1.0,8.0,0.42909552720273425
LocPop,3 Circles,AF,D,0.2,0.2,6,0.2898588945400404,0.30738141335944447,0.04846650001127273,160.0,1.0,8.0,0.34551565234242854
LocPop,3 Circles,AE,S,0.2,0.2,6,0.2850615735362706,0.2665460303281927,0.09230949997436255,347.0,1.0,9.0,0.0
LocPop,3 Circles,AE,P,0.2,0.2,6,0.287691645572861,0.4249042120057072,0.04857929999707267,306.0,1.0,7.0,-0.004353040000294806
LocPop,3 Circles,AE,KM,0.2,0.2,6,0.2781058237814056,0.2667593610639323,0.027195599977858365,165.0,1.0,9.0,0.41400093027972323
LocPop,3 Circles,AE,D,0.2,0.2,6,0.28644861068924266,0.26333139843619024,0.027986700006294996,161.0,1.0,9.0,0.347354308578937
LocPop,3 Circles,B,S,0.25,0.35,6,0.4150338819655981,0.28948886336267493,0.06707609997829422,332.0,1.0,4.0,0.0
LocPop,3 Circles,B,P,0.25,0.35,6,0.4150338819655981,0.28948886336267493,0.036172399995848536,243.0,1.0,4.0,-0.002806058950507078
LocPop,3 Circles,B,KM,0.25,0.35,6,0.42430898484829066,0.289110220600377,0.007897100003901869,6.0,1.0,4.0,0.9548413465442873
LocPop,3 Circles,B,D,0.25,0.35,6,0.4171069276537409,0.28881208261549174,0.043752599973231554,157.0,1.0,4.0,0.27971707944252167
LocPop,3 Circles,AF,S,0.25,0.35,6,0.41505136419263683,0.2865104394287029,0.06513770000310615,328.0,1.0,4.0,0.0
LocPop,3 Circles,AF,P,0.25,0.35,6,0.4173209984670855,0.2878143628984399,0.04074829997261986,260.0,1.0,4.0,0.00014736722221483746
LocPop,3 Circles,AF,KM,0.25,0.35,6,0.4173209984670855,0.2878143628984399,0.009575099975336343,8.0,1.0,4.0,0.9360218641229835
LocPop,3 Circles,AF,D,0.25,0.35,6,0.4171069276537409,0.28881208261549174,0.02275879995431751,157.0,1.0,4.0,0.27971707944252167
LocPop,3 Circles,AE,S,0.25,0.35,6,0.4255115220339167,0.28869523634101696,0.06489270000020042,334.0,1.0,4.0,0.0
LocPop,3 Circles,AE,P,0.25,0.35,6,0.4255115220339167,0.28869523634101696,0.03331969998544082,245.0,1.0,4.0,-0.0036718127155291776
LocPop,3 Circles,AE,KM,0.25,0.35,6,0.42430898484829066,0.289110220600377,0.006975899974349886,6.0,1.0,4.0,0.9548413465442873
LocPop,3 Circles,AE,D,0.25,0.35,6,0.4255115220339167,0.28869523634101696,0.028121400042437017,161.0,1.0,4.0,0.273446199220105
LocPop,3 Circles,B,S,0.4,0.4,6,0.36214404584754967,0.4566495437758118,0.07284290000097826,345.0,1.0,2.0,0.0
LocPop,3 Circles,B,P,0.4,0.4,6,0.4674504149185697,0.47871049780308433,0.0401234999881126,262.0,1.0,2.0,-0.0018101548918650347
LocPop,3 Circles,B,KM,0.4,0.4,6,0.4674504149185697,0.47871049780308433,0.021134800044819713,103.0,1.0,2.0,0.44316260234437427
LocPop,3 Circles,B,D,0.4,0.4,6,0.36214404584754967,0.4566495437758118,0.04152159998193383,243.0,1.0,2.0,0.18428613325215568
LocPop,3 Circles,AF,S,0.4,0.4,6,0.3656794962335714,0.4565120707353439,0.0701264000381343,344.0,1.0,2.0,0.0
LocPop,3 Circles,AF,P,0.4,0.4,6,0.4674504149185697,0.47871049780308433,0.033616999979130924,262.0,1.0,2.0,-0.0018101548918650347
LocPop,3 Circles,AF,KM,0.4,0.4,6,0.4674504149185697,0.47871049780308433,0.016391299956012517,103.0,1.0,2.0,0.44316260234437427
LocPop,3 Circles,AF,D,0.4,0.4,6,0.3656794962335714,0.4565120707353439,0.03640109999105334,242.0,1.0,2.0,0.18826445918514362
LocPop,3 Circles,AE,S,0.4,0.4,6,0.36214404584754967,0.4566495437758118,0.0651734999846667,345.0,1.0,2.0,0.0
LocPop,3 Circles,AE,P,0.4,0.4,6,0.4674504149185697,0.47871049780308433,0.032085000013466924,262.0,1.0,2.0,-0.0018101548918650347
LocPop,3 Circles,AE,KM,0.4,0.4,6,0.4674504149185697,0.47871049780308433,0.018218299956060946,103.0,1.0,2.0,0.44316260234437427
LocPop,3 Circles,AE,D,0.4,0.4,6,0.36214404584754967,0.4566495437758118,0.04003589996136725,242.0,1.0,2.0,0.18428613325215568
KMeans,3 Circles,-,-,,,7,0.4447491432816625,0.4086700253321924,0.0837710999767296,,,,
DBSCAN,3 Circles,-,-,,,7,0.1875163037340018,0.1260733437153401,0.003963700029999018,,,,
LocPop,3 Circles,B,S,0.2,0.2,7,0.2850615735362706,0.2665460303281927,0.08061730000190437,334.0,1.0,9.0,0.0
LocPop,3 Circles,B,P,0.2,0.2,7,0.2888443463577557,0.42632864282771027,0.037907799996901304,311.0,1.0,7.0,-0.004898902422368731
LocPop,3 Circles,B,KM,0.2,0.2,7,0.287725215223464,0.3982885064339224,0.02270250004949048,160.0,1.0,7.0,0.4296927643933338
LocPop,3 Circles,B,D,0.2,0.2,7,0.28948251315489837,0.30951724115840873,0.03398889995878562,156.0,1.0,8.0,0.34720040613400116
LocPop,3 Circles,AF,S,0.2,0.2,7,0.2950597919821061,0.3129441194824037,0.07025430002249777,328.0,1.0,8.0,0.0
LocPop,3 Circles,AF,P,0.2,0.2,7,0.29155274257191666,0.41537001201766466,0.03943780000554398,308.0,1.0,7.0,-0.00532701031614505
LocPop,3 Circles,AF,KM,0.2,0.2,7,0.2954331042592361,0.31075544386434717,0.025153499969746917,170.0,1.0,8.0,0.42909552720273425
LocPop,3 Circles,AF,D,0.2,0.2,7,0.2898588945400404,0.30738141335944447,0.02261850005015731,160.0,1.0,8.0,0.34551565234242854
LocPop,3 Circles,AE,S,0.2,0.2,7,0.2850615735362706,0.2665460303281927,0.06594709999626502,329.0,1.0,9.0,0.0
LocPop,3 Circles,AE,P,0.2,0.2,7,0.287691645572861,0.4249042120057072,0.046531900006812066,310.0,1.0,7.0,-0.00446902279837787
LocPop,3 Circles,AE,KM,0.2,0.2,7,0.2781058237814056,0.2667593610639323,0.029782400000840425,165.0,1.0,9.0,0.41400093027972323
LocPop,3 Circles,AE,D,0.2,0.2,7,0.27948846574613867,0.2634733998546716,0.025345099973492324,161.0,1.0,9.0,0.34032135085877063
LocPop,3 Circles,B,S,0.25,0.35,7,0.4150338819655981,0.2894888633626749,0.07047900004545227,340.0,1.0,4.0,0.0
LocPop,3 Circles,B,P,0.25,0.35,7,0.4150338819655981,0.2894888633626749,0.029709699971135706,249.0,1.0,4.0,-0.0023160965432414767
LocPop,3 Circles,B,KM,0.25,0.35,7,0.42430898484829066,0.289110220600377,0.0072733000270091,6.0,1.0,4.0,0.9548413465442873
LocPop,3 Circles,B,D,0.25,0.35,7,0.4171069276537409,0.28881208261549174,0.024918699986301363,157.0,1.0,4.0,0.27971707944252167
LocPop,3 Circles,AF,S,0.25,0.35,7,0.41505136419263683,0.2865104394287029,0.07973970001330599,336.0,1.0,4.0,0.0
LocPop,3 Circles,AF,P,0.25,0.35,7,0.41505136419263683,0.2865104394287029,0.051125199999660254,248.0,1.0,4.0,-0.0023992447100542338
LocPop,3 Circles,AF,KM,0.25,0.35,7,0.4173209984670855,0.28781436289843987,0.0100644999765791,8.0,1.0,4.0,0.9360218641229835
LocPop,3 Circles,AF,D,0.25,0.35,7,0.4171069276537409,0.28881208261549174,0.024196399957872927,157.0,1.0,4.0,0.27971707944252167
LocPop,3 Circles,AE,S,0.25,0.35,7,0.4255115220339167,0.28869523634101696,0.08343860000604764,342.0,1.0,4.0,0.0
LocPop,3 Circles,AE,P,0.25,0.35,7,0.4255115220339167,0.28869523634101696,0.03552009997656569,251.0,1.0,4.0,-0.0027873038964897883
LocPop,3 Circles,AE,KM,0.25,0.35,7,0.42430898484829066,0.289110220600377,0.008294600003864616,6.0,1.0,4.0,0.9548413465442873
LocPop,3 Circles,AE,D,0.25,0.35,7,0.4255115220339167,0.28869523634101696,0.03200309997191653,161.0,1.0,4.0,0.273446199220105
LocPop,3 Circles,B,S,0.4,0.4,7,0.36214404584754967,0.45664954377581174,0.06531580002047122,319.0,1.0,2.0,0.0
LocPop,3 Circles,B,P,0.4,0.4,7,0.4674504149185697,0.47871049780308444,0.04778050002641976,266.0,1.0,2.0,-0.001455594582223603
LocPop,3 Circles,B,KM,0.4,0.4,7,0.4674504149185697,0.47871049780308444,0.019236699969042093,103.0,1.0,2.0,0.44316260234437427
LocPop,3 Circles,B,D,0.4,0.4,7,0.36214404584754967,0.45664954377581174,0.03875899995910004,243.0,1.0,2.0,0.18428613325215568
LocPop,3 Circles,AF,S,0.4,0.4,7,0.3656794962335714,0.4565120707353438,0.0689398999675177,318.0,1.0,2.0,0.0
LocPop,3 Circles,AF,P,0.4,0.4,7,0.4674504149185697,0.47871049780308444,0.033250999986194074,266.0,1.0,2.0,-0.001455594582223603
LocPop,3 Circles,AF,KM,0.4,0.4,7,0.4674504149185697,0.47871049780308444,0.020756600017193705,103.0,1.0,2.0,0.44316260234437427
LocPop,3 Circles,AF,D,0.4,0.4,7,0.3656794962335714,0.4565120707353438,0.04089709999971092,242.0,1.0,2.0,0.18826445918514362
LocPop,3 Circles,AE,S,0.4,0.4,7,0.36214404584754967,0.45664954377581174,0.059629399969708174,317.0,1.0,2.0,0.0
LocPop,3 Circles,AE,P,0.4,0.4,7,0.4674504149185697,0.47871049780308444,0.05656580004142597,265.0,1.0,2.0,-0.001455594582223603
LocPop,3 Circles,AE,KM,0.4,0.4,7,0.4674504149185697,0.47871049780308444,0.020605200028512627,103.0,1.0,2.0,0.44316260234437427
LocPop,3 Circles,AE,D,0.4,0.4,7,0.36214404584754967,0.45664954377581174,0.03218879998894408,242.0,1.0,2.0,0.18428613325215568
KMeans,3 Circles,-,-,,,8,0.4447491432816625,0.4086700253321924,0.07447619998129085,,,,
DBSCAN,3 Circles,-,-,,,8,0.18664222491319388,0.12725450269910885,0.0038192999782040715,,,,
LocPop,3 Circles,B,S,0.2,0.2,8,0.2882586184869394,0.32469672348563333,0.09843050001654774,390.0,1.0,8.0,0.0
LocPop,3 Circles,B,P,0.2,0.2,8,0.28973280891310216,0.4251643631272045,0.03278499998850748,293.0,1.0,7.0,-0.003994985817897265
LocPop,3 Circles,B,KM,0.2,0.2,8,0.287725215223464,0.39828850643392244,0.024549500027205795,164.0,1.0,7.0,0.4296927643933338
LocPop,3 Circles,B,D,0.2,0.2,8,0.2879063644235204,0.30880125937230646,0.029723099956754595,157.0,1.0,8.0,0.345081969234151
LocPop,3 Circles,AF,S,0.2,0.2,8,0.2914913198603109,0.32104973125732506,0.08600800001295283,387.0,1.0,8.0,0.0
LocPop,3 Circles,AF,P,0.2,0.2,8,0.29400028941154727,0.42578421915867337,0.05247870000312105,332.0,1.0,7.0,-0.004408973772611246
LocPop,3 Circles,AF,KM,0.2,0.2,8,0.2954331042592361,0.31075544386434717,0.02535479998914525,170.0,1.0,8.0,0.42909552720273425
LocPop,3 Circles,AF,D,0.2,0.2,8,0.2898588945400404,0.3073814133594445,0.027119100035633892,162.0,1.0,8.0,0.3435083595562639
LocPop,3 Circles,AE,S,0.2,0.2,8,0.2871303572725455,0.28748248844300756,0.08910079998895526,380.0,1.0,9.0,0.0
LocPop,3 Circles,AE,P,0.2,0.2,8,0.287691645572861,0.4249042120057072,0.03922889998648316,293.0,1.0,7.0,-0.0033091948175472275
LocPop,3 Circles,AE,KM,0.2,0.2,8,0.2766653981758935,0.3992449391549743,0.021664900006726384,159.0,1.0,7.0,0.40397763354664823
LocPop,3 Circles,AE,D,0.2,0.2,8,0.28644861068924266,0.2633313984361903,0.02952400001231581,158.0,1.0,9.0,0.3451789454923125
LocPop,3 Circles,B,S,0.25,0.35,8,0.4150338819655981,0.28948886336267493,0.08026560000143945,363.0,1.0,4.0,0.0
LocPop,3 Circles,B,P,0.25,0.35,8,0.4150338819655981,0.28948886336267493,0.03872460004640743,311.0,1.0,4.0,-0.0022181040617883564
LocPop,3 Circles,B,KM,0.25,0.35,8,0.42430898484829066,0.289110220600377,0.009602999954950064,6.0,1.0,4.0,0.9548413465442873
LocPop,3 Circles,B,D,0.25,0.35,8,0.4171069276537409,0.28881208261549174,0.024558200035244226,158.0,1.0,4.0,0.27894114278861326
LocPop,3 Circles,AF,S,0.25,0.35,8,0.41505136419263683,0.2865104394287029,0.07352999999420717,359.0,1.0,4.0,0.0
LocPop,3 Circles,AF,P,0.25,0.35,8,0.41505136419263683,0.2865104394287029,0.041522499988786876,308.0,1.0,4.0,-0.0015199899756465063
LocPop,3 Circles,AF,KM,0.25,0.35,8,0.4173209984670855,0.28781436289843987,0.007556600030511618,8.0,1.0,4.0,0.9360218641229835
LocPop,3 Circles,AF,D,0.25,0.35,8,0.4171069276537409,0.28881208261549174,0.023368399997707456,158.0,1.0,4.0,0.27894114278861326
LocPop,3 Circles,AE,S,0.25,0.35,8,0.4255115220339167,0.28869523634101696,0.12666249996982515,365.0,1.0,4.0,0.0
LocPop,3 Circles,AE,P,0.25,0.35,8,0.4255115220339167,0.28869523634101696,0.03847550001228228,308.0,1.0,4.0,-0.0020010738351214424
LocPop,3 Circles,AE,KM,0.25,0.35,8,0.42430898484829066,0.289110220600377,0.006316200015135109,6.0,1.0,4.0,0.9548413465442873
LocPop,3 Circles,AE,D,0.25,0.35,8,0.4255115220339167,0.28869523634101696,0.023731900029815733,159.0,1.0,4.0,0.27266547276265163
LocPop,3 Circles,B,S,0.4,0.4,8,0.36214404584754967,0.45664954377581174,0.07146399997873232,345.0,1.0,2.0,0.0
LocPop,3 Circles,B,P,0.4,0.4,8,0.4674504149185697,0.47871049780308433,0.03389600000809878,256.0,1.0,2.0,-0.002519275511147898
LocPop,3 Circles,B,KM,0.4,0.4,8,0.4674504149185697,0.47871049780308433,0.017549899988807738,103.0,1.0,2.0,0.44316260234437427
LocPop,3 Circles,B,D,0.4,0.4,8,0.36214404584754967,0.45664954377581174,0.030624100007116795,244.0,1.0,2.0,0.1838698951432863
LocPop,3 Circles,AF,S,0.4,0.4,8,0.3656794962335714,0.4565120707353438,0.06216249999124557,344.0,1.0,2.0,0.0
LocPop,3 Circles,AF,P,0.4,0.4,8,0.4674504149185697,0.47871049780308433,0.02843629999551922,256.0,1.0,2.0,-0.002519275511147898
LocPop,3 Circles,AF,KM,0.4,0.4,8,0.4674504149185697,0.47871049780308433,0.01799250004114583,103.0,1.0,2.0,0.44316260234437427
LocPop,3 Circles,AF,D,0.4,0.4,8,0.3656794962335714,0.4565120707353438,0.030598799989093095,243.0,1.0,2.0,0.18785143137612398
LocPop,3 Circles,AE,S,0.4,0.4,8,0.36214404584754967,0.45664954377581174,0.07583619997603819,345.0,1.0,2.0,0.0
LocPop,3 Circles,AE,P,0.4,0.4,8,0.4674504149185697,0.47871049780308433,0.03481939999619499,252.0,1.0,2.0,-0.002519275511147898
LocPop,3 Circles,AE,KM,0.4,0.4,8,0.4674504149185697,0.47871049780308433,0.021252900012768805,103.0,1.0,2.0,0.44316260234437427
LocPop,3 Circles,AE,D,0.4,0.4,8,0.36214404584754967,0.45664954377581174,0.03487860003951937,243.0,1.0,2.0,0.1838698951432863
KMeans,3 Circles,-,-,,,9,0.4447491432816625,0.4086700253321924,0.08238730003358796,,,,
DBSCAN,3 Circles,-,-,,,9,0.1875163037340018,0.1260733437153401,0.003418700012844056,,,,
LocPop,3 Circles,B,S,0.2,0.2,9,0.2850615735362706,0.2665460303281927,0.07060199999250472,329.0,1.0,9.0,0.0
LocPop,3 Circles,B,P,0.2,0.2,9,0.2882586184869394,0.32469672348563333,0.030091900029219687,260.0,1.0,8.0,0.0005432606746451039
LocPop,3 Circles,B,KM,0.2,0.2,9,0.287725215223464,0.3982885064339224,0.020808200002647936,160.0,1.0,7.0,0.4296927643933338
LocPop,3 Circles,B,D,0.2,0.2,9,0.28213033633123785,0.3956047936775751,0.022987700009252876,160.0,1.0,7.0,0.3371603999585171
LocPop,3 Circles,AF,S,0.2,0.2,9,0.2950597919821061,0.3129441194824037,0.0543269999907352,329.0,1.0,8.0,0.0
LocPop,3 Circles,AF,P,0.2,0.2,9,0.2914913198603109,0.32104973125732506,0.03452379995724186,260.0,1.0,8.0,0.0004790781527755015
LocPop,3 Circles,AF,KM,0.2,0.2,9,0.2954331042592361,0.31075544386434717,0.025583799986634403,170.0,1.0,8.0,0.42909552720273425
LocPop,3 Circles,AF,D,0.2,0.2,9,0.2898588945400404,0.30738141335944447,0.024740799970459193,160.0,1.0,8.0,0.34551565234242854
LocPop,3 Circles,AE,S,0.2,0.2,9,0.2850615735362706,0.2665460303281927,0.0638535000034608,325.0,1.0,9.0,0.0
LocPop,3 Circles,AE,P,0.2,0.2,9,0.2890659373790383,0.3300609387835675,0.037234999996144325,263.0,1.0,8.0,0.00036529218512027607
LocPop,3 Circles,AE,KM,0.2,0.2,9,0.2781058237814056,0.2667593610639323,0.025233799999114126,165.0,1.0,9.0,0.41400093027972323
LocPop,3 Circles,AE,D,0.2,0.2,9,0.28644861068924266,0.2633313984361903,0.02728810004191473,158.0,1.0,9.0,0.347354308578937
LocPop,3 Circles,B,S,0.25,0.35,9,0.4150338819655981,0.2894888633626749,0.07071210001595318,332.0,1.0,4.0,0.0
LocPop,3 Circles,B,P,0.25,0.35,9,0.4150338819655981,0.2894888633626749,0.033815499977208674,249.0,1.0,4.0,-0.004569923616663245
LocPop,3 Circles,B,KM,0.25,0.35,9,0.42430898484829066,0.28911022060037705,0.007305099978111684,6.0,1.0,4.0,0.9548413465442873
LocPop,3 Circles,B,D,0.25,0.35,9,0.4171069276537409,0.28881208261549174,0.02532650000648573,157.0,1.0,4.0,0.27971707944252167
LocPop,3 Circles,AF,S,0.25,0.35,9,0.41505136419263683,0.2865104394287029,0.06903549999697134,328.0,1.0,4.0,0.0
LocPop,3 Circles,AF,P,0.25,0.35,9,0.41505136419263683,0.2865104394287029,0.04089110001223162,250.0,1.0,4.0,-0.0047439240018081735
LocPop,3 Circles,AF,KM,0.25,0.35,9,0.4173209984670855,0.2878143628984399,0.010743700026068836,8.0,1.0,4.0,0.9360218641229835
LocPop,3 Circles,AF,D,0.25,0.35,9,0.4171069276537409,0.28881208261549174,0.02578999998513609,157.0,1.0,4.0,0.27971707944252167
LocPop,3 Circles,AE,S,0.25,0.35,9,0.4255115220339167,0.288695236341017,0.06683470000280067,334.0,1.0,4.0,0.0
LocPop,3 Circles,AE,P,0.25,0.35,9,0.4255115220339167,0.288695236341017,0.034988499945029616,251.0,1.0,4.0,-0.0047528790499106535
LocPop,3 Circles,AE,KM,0.25,0.35,9,0.42430898484829066,0.28911022060037705,0.00672649999614805,6.0,1.0,4.0,0.9548413465442873
LocPop,3 Circles,AE,D,0.25,0.35,9,0.4255115220339167,0.288695236341017,0.027257399982772768,158.0,1.0,4.0,0.273446199220105
LocPop,3 Circles,B,S,0.4,0.4,9,0.36214404584754967,0.45664954377581174,0.06310070003382862,319.0,1.0,2.0,0.0
LocPop,3 Circles,B,P,0.4,0.4,9,0.4674504149185697,0.47871049780308433,0.0385175000410527,256.0,1.0,2.0,-0.0035829564400721927
LocPop,3 Circles,B,KM,0.4,0.4,9,0.4674504149185697,0.47871049780308433,0.022763999993912876,103.0,1.0,2.0,0.44316260234437427
LocPop,3 Circles,B,D,0.4,0.4,9,0.36214404584754967,0.45664954377581174,0.04622610000660643,242.0,1.0,2.0,0.18428613325215568
LocPop,3 Circles,AF,S,0.4,0.4,9,0.3656794962335714,0.4565120707353437,0.07983890001196414,318.0,1.0,2.0,0.0
LocPop,3 Circles,AF,P,0.4,0.4,9,0.4674504149185697,0.47871049780308433,0.03394220001064241,256.0,1.0,2.0,-0.0035829564400721927
LocPop,3 Circles,AF,KM,0.4,0.4,9,0.4674504149185697,0.47871049780308433,0.028731699974741787,103.0,1.0,2.0,0.44316260234437427
LocPop,3 Circles,AF,D,0.4,0.4,9,0.3656794962335714,0.4565120707353437,0.04702060000272468,242.0,1.0,2.0,0.18826445918514362
LocPop,3 Circles,AE,S,0.4,0.4,9,0.36214404584754967,0.45664954377581174,0.06842450000112876,317.0,1.0,2.0,0.0
LocPop,3 Circles,AE,P,0.4,0.4,9,0.4674504149185697,0.47871049780308433,0.039557899988722056,253.0,1.0,2.0,-0.0035829564400721927
LocPop,3 Circles,AE,KM,0.4,0.4,9,0.4674504149185697,0.47871049780308433,0.019366700027603656,103.0,1.0,2.0,0.44316260234437427
LocPop,3 Circles,AE,D,0.4,0.4,9,0.36214404584754967,0.45664954377581174,0.03973210003459826,242.0,1.0,2.0,0.18428613325215568
KMeans,Cancer,-,-,,,0,0.6707206476880808,0.34497400510344084,0.1162946000113152,,,,
DBSCAN,Cancer,-,-,,,0,0.0,,0.01215059997048229,,,,
LocPop,Cancer,B,S,0.2,0.2,0,0.42753984310948684,0.04194455448744464,0.4633882000343874,532.0,1.0,62.0,0.0
LocPop,Cancer,B,P,0.2,0.2,0,0.4235639733936844,0.07602443714786362,0.18240279995370656,465.0,1.0,53.0,5.554016037830684e-05
LocPop,Cancer,B,KM,0.2,0.2,0,0.4317855621565537,0.08899539538176648,0.09691340004792437,200.0,1.0,54.0,0.5662959005487952
LocPop,Cancer,B,D,0.2,0.2,0,0.4299590762006471,0.10006456115627936,0.1253597000031732,297.0,1.0,51.0,0.0
LocPop,Cancer,AF,S,0.2,0.2,0,0.4242636200959116,0.05444057220407006,0.457453400013037,538.0,1.0,55.0,0.0
LocPop,Cancer,AF,P,0.2,0.2,0,0.42467311986296113,0.10404398976680979,0.19160780002130195,467.0,1.0,50.0,-0.0001775888449134028
LocPop,Cancer,AF,KM,0.2,0.2,0,0.4275853121102853,0.09873486251461655,0.10438400000566617,214.0,1.0,52.0,0.5607028548689871
LocPop,Cancer,AF,D,0.2,0.2,0,0.424871932739407,0.10370082467182513,0.1155558000318706,312.0,1.0,50.0,0.0
LocPop,Cancer,AE,S,0.2,0.2,0,0.42334129745089316,0.05596647186596524,0.4557564000133425,527.0,1.0,64.0,0.0
LocPop,Cancer,AE,P,0.2,0.2,0,0.4216999670816874,0.062452008590533785,0.20382230001268908,464.0,1.0,58.0,-0.00018425193529279224
LocPop,Cancer,AE,KM,0.2,0.2,0,0.43002075355504304,0.05004007017669237,0.09455609996803105,200.0,1.0,60.0,0.5665646266312254
LocPop,Cancer,AE,D,0.2,0.2,0,0.42160382693110543,0.062104900872780186,0.136435899999924,305.0,1.0,58.0,0.0
LocPop,Cancer,B,S,0.25,0.35,0,0.19791418760323165,0.20908564764447765,0.5560090000508353,571.0,1.0,22.0,0.0
LocPop,Cancer,B,P,0.25,0.35,0,0.19789698974845166,0.21894977595488624,0.14307560003362596,359.0,1.0,16.0,-0.00045525025222002967
LocPop,Cancer,B,KM,0.25,0.35,0,0.19882576152880638,0.22710388077314272,0.07051839999621734,147.0,1.0,15.0,0.3167025801900312
LocPop,Cancer,B,D,0.25,0.35,0,0.19789698974845166,0.21894977595488624,0.051866000052541494,113.0,1.0,16.0,0.0
LocPop,Cancer,AF,S,0.25,0.35,0,0.20222687021863012,0.20773186273500774,0.4913651999668218,567.0,1.0,21.0,0.0
LocPop,Cancer,AF,P,0.25,0.35,0,0.1999702173479212,0.22614616049328332,0.15326059999642894,354.0,1.0,16.0,-0.0004515533705479042
LocPop,Cancer,AF,KM,0.25,0.35,0,0.20227252272417373,0.22897731520655074,0.06576510000741109,146.0,1.0,15.0,0.3207851682044875
LocPop,Cancer,AF,D,0.25,0.35,0,0.20022230461028187,0.21869562810758184,0.045854900032281876,113.0,1.0,16.0,0.0
LocPop,Cancer,AE,S,0.25,0.35,0,0.19764921419140363,0.2064100477207974,0.47637160000158474,570.0,1.0,22.0,0.0
LocPop,Cancer,AE,P,0.25,0.35,0,0.1976320151508786,0.22839708296904346,0.14585540001280606,357.0,1.0,15.0,-0.00040625626827990184
LocPop,Cancer,AE,KM,0.25,0.35,0,0.19757179495724891,0.22270979082381065,0.0651796999736689,151.0,1.0,16.0,0.3156127606203856
LocPop,Cancer,AE,D,0.25,0.35,0,0.19768019165399564,0.22584937597242644,0.04824199998984113,111.0,1.0,15.0,0.0
LocPop,Cancer,B,S,0.4,0.4,0,0.05881865786022306,0.34820023371546527,0.4184918999671936,562.0,1.0,8.0,0.0
LocPop,Cancer,B,P,0.4,0.4,0,0.05881865786022306,0.34820023371546527,0.1340362000046298,314.0,1.0,8.0,-2.280730662694749e-05
LocPop,Cancer,B,KM,0.4,0.4,0,0.05884316137269948,0.3484272848076753,0.07348630001069978,173.0,1.0,8.0,0.1029316722277086
LocPop,Cancer,B,D,0.4,0.4,0,0.05884316137269948,0.3484272848076753,0.02357359998859465,34.0,1.0,8.0,0.0
LocPop,Cancer,AF,S,0.4,0.4,0,0.05902694029245294,0.35284141006311265,0.4462971000466496,561.0,1.0,8.0,0.0
LocPop,Cancer,AF,P,0.4,0.4,0,0.059259733450657805,0.36017330042002754,0.12440030003199354,312.0,1.0,7.0,2.7412189005783363e-05
LocPop,Cancer,AF,KM,0.4,0.4,0,0.059259733450657805,0.36017330042002754,0.09829370002262294,171.0,1.0,7.0,0.1033470001637003
LocPop,Cancer,AF,D,0.4,0.4,0,0.059259733450657805,0.36017330042002754,0.022664399992208928,35.0,1.0,7.0,0.0
LocPop,Cancer,AE,S,0.4,0.4,0,0.05881865786022306,0.34820023371546527,0.4536551999626681,562.0,1.0,8.0,0.0
LocPop,Cancer,AE,P,0.4,0.4,0,0.05881865786022306,0.34820023371546527,0.12401949998456985,314.0,1.0,8.0,-2.280730662694749e-05
LocPop,Cancer,AE,KM,0.4,0.4,0,0.05881865786022306,0.34820023371546527,0.07218329998431727,174.0,1.0,8.0,0.10290724249856342
LocPop,Cancer,AE,D,0.4,0.4,0,0.05881865786022306,0.34820023371546527,0.025619399966672063,35.0,1.0,8.0,0.0
KMeans,Cancer,-,-,,,1,0.6707206476880808,0.34497400510344084,0.08068830001866445,,,,
DBSCAN,Cancer,-,-,,,1,0.0,,0.0062840000027790666,,,,
LocPop,Cancer,B,S,0.2,0.2,1,0.42399643604696413,0.03216971842856137,0.4651560999918729,529.0,1.0,61.0,0.0
LocPop,Cancer,B,P,0.2,0.2,1,0.42740330183608816,0.08190789890717572,0.21175130002666265,455.0,1.0,52.0,0.0005446538813379264
LocPop,Cancer,B,KM,0.2,0.2,1,0.42693784377695254,0.09047379385648685,0.08150129998102784,201.0,1.0,55.0,0.5603106288401952
LocPop,Cancer,B,D,0.2,0.2,1,0.4258237814176505,0.0779940013270308,0.1249144000466913,295.0,1.0,52.0,0.0
LocPop,Cancer,AF,S,0.2,0.2,1,0.43098560368372957,0.07668053071621805,0.4922487000003457,540.0,1.0,55.0,0.0
LocPop,Cancer,AF,P,0.2,0.2,1,0.424871932739407,0.10370082467182513,0.2410976000246592,468.0,1.0,50.0,0.0008258313499865906
LocPop,Cancer,AF,KM,0.2,0.2,1,0.42800475495361934,0.09841642507275788,0.09586460003629327,208.0,1.0,52.0,0.5610863669387973
LocPop,Cancer,AF,D,0.2,0.2,1,0.4315601107790357,0.1050953492450828,0.12285380001412705,309.0,1.0,50.0,0.0
LocPop,Cancer,AE,S,0.2,0.2,1,0.4266240455667626,0.050577478647111984,0.4801617999910377,531.0,1.0,61.0,0.0
LocPop,Cancer,AE,P,0.2,0.2,1,0.4255451665700313,0.06614932474463062,0.2082675999845378,452.0,1.0,57.0,0.0005535353375314152
LocPop,Cancer,AE,KM,0.2,0.2,1,0.4266993369442814,0.05590960151706674,0.08698850002838299,209.0,1.0,60.0,0.5599616359217297
LocPop,Cancer,AE,D,0.2,0.2,1,0.4216271959527784,0.06687187000953806,0.12849120004102588,304.0,1.0,57.0,0.0
LocPop,Cancer,B,S,0.25,0.35,1,0.1998043915275203,0.19731053729921003,0.4612067000125535,562.0,1.0,22.0,0.0
LocPop,Cancer,B,P,0.25,0.35,1,0.19783676742680653,0.2166012879346448,0.18571660004090518,389.0,1.0,16.0,-0.0001708927555361308
LocPop,Cancer,B,KM,0.25,0.35,1,0.19882576152880638,0.22710388077314272,0.07356049999361858,147.0,1.0,15.0,0.3167025801900312
LocPop,Cancer,B,D,0.25,0.35,1,0.19789698974845166,0.21894977595488624,0.05839560000458732,113.0,1.0,16.0,0.0
LocPop,Cancer,AF,S,0.25,0.35,1,0.20205811500679663,0.19650243043357285,0.4836500000092201,558.0,1.0,22.0,0.0
LocPop,Cancer,AF,P,0.25,0.35,1,0.197934411676281,0.2167683608656608,0.15952410001773387,392.0,1.0,16.0,-0.00012128993278124967
LocPop,Cancer,AF,KM,0.25,0.35,1,0.20227252272417373,0.22897731520655074,0.07037480000872165,146.0,1.0,15.0,0.3207851682044875
LocPop,Cancer,AF,D,0.25,0.35,1,0.20022230461028187,0.21869562810758184,0.0599439000361599,113.0,1.0,16.0,0.0
LocPop,Cancer,AE,S,0.25,0.35,1,0.1997274247030341,0.17877622876483523,0.5129251000471413,559.0,1.0,23.0,0.0
LocPop,Cancer,AE,P,0.25,0.35,1,0.19758383895728474,0.22147165221614556,0.1697155000292696,386.0,1.0,16.0,-0.00015898119874519187
LocPop,Cancer,AE,KM,0.25,0.35,1,0.19757179495724891,0.22270979082381065,0.07608470000559464,151.0,1.0,16.0,0.3156127606203856
LocPop,Cancer,AE,D,0.25,0.35,1,0.19768019165399564,0.22584937597242644,0.05146599997533485,111.0,1.0,15.0,0.0
LocPop,Cancer,B,S,0.4,0.4,1,0.05884316137269948,0.3484272848076753,0.44474509998690337,564.0,1.0,8.0,0.0
LocPop,Cancer,B,P,0.4,0.4,1,0.05881865786022306,0.34820023371546527,0.1206065000151284,306.0,1.0,8.0,-0.0002205575157047855
LocPop,Cancer,B,KM,0.4,0.4,1,0.05884316137269948,0.3484272848076753,0.07131450000451878,173.0,1.0,8.0,0.1029316722277086
LocPop,Cancer,B,D,0.4,0.4,1,0.05884316137269948,0.3484272848076753,0.024625100020784885,34.0,1.0,8.0,0.0
LocPop,Cancer,AF,S,0.4,0.4,1,0.05884316137269948,0.3484272848076753,0.410664499970153,564.0,1.0,8.0,0.0
LocPop,Cancer,AF,P,0.4,0.4,1,0.059259733450657805,0.3601733004200275,0.1191601000027731,304.0,1.0,7.0,-0.00017033786543847317
LocPop,Cancer,AF,KM,0.4,0.4,1,0.059259733450657805,0.3601733004200275,0.06970789999468252,171.0,1.0,7.0,0.1033470001637003
LocPop,Cancer,AF,D,0.4,0.4,1,0.059259733450657805,0.3601733004200275,0.03203960001701489,35.0,1.0,7.0,0.0
LocPop,Cancer,AE,S,0.4,0.4,1,0.0588064061342924,0.3407294952885709,0.41554710001219064,563.0,1.0,9.0,0.0
LocPop,Cancer,AE,P,0.4,0.4,1,0.05881865786022306,0.34820023371546527,0.11812599998665974,306.0,1.0,8.0,-0.0002205575157047855
LocPop,Cancer,AE,KM,0.4,0.4,1,0.05881865786022306,0.34820023371546527,0.07060289999935776,174.0,1.0,8.0,0.10290724249856342
LocPop,Cancer,AE,D,0.4,0.4,1,0.05881865786022306,0.34820023371546527,0.025278199987951666,35.0,1.0,8.0,0.0
KMeans,Cancer,-,-,,,2,0.6707206476880808,0.34497400510344084,0.0868048999691382,,,,
DBSCAN,Cancer,-,-,,,2,0.0,,0.006596399995032698,,,,
LocPop,Cancer,B,S,0.2,0.2,2,0.4272193629514841,0.06154974421430831,0.5552171999588609,609.0,1.0,59.0,0.0
LocPop,Cancer,B,P,0.2,0.2,2,0.42616461092446933,0.07356248713250327,0.17279630003031343,458.0,1.0,54.0,0.0003583583349173558
LocPop,Cancer,B,KM,0.2,0.2,2,0.4320880342845044,0.08928971621716714,0.0835730999824591,200.0,1.0,54.0,0.5665896287314163
LocPop,Cancer,B,D,0.2,0.2,2,0.42587054835898797,0.09774759813794338,0.12033190001966432,296.0,1.0,51.0,0.0
LocPop,Cancer,AF,S,0.2,0.2,2,0.42466496080772087,0.10013274376038991,0.5113767999573611,613.0,1.0,51.0,0.0
LocPop,Cancer,AF,P,0.2,0.2,2,0.4267482654997977,0.09593123749801072,0.1762010999955237,460.0,1.0,52.0,1.2970887561055938e-05
LocPop,Cancer,AF,KM,0.2,0.2,2,0.42748555660325577,0.09885438019888233,0.09698159998515621,213.0,1.0,52.0,0.561369471805108
LocPop,Cancer,AF,D,0.2,0.2,2,0.4270354460395204,0.10393091931515581,0.11913920001825318,304.0,1.0,50.0,0.0
LocPop,Cancer,AE,S,0.2,0.2,2,0.42296749137367784,0.06569351096216983,0.5120516999741085,607.0,1.0,61.0,0.0
LocPop,Cancer,AE,P,0.2,0.2,2,0.4235732707034219,0.062177658159746386,0.20709189999615774,469.0,1.0,60.0,0.0005868359022130813
LocPop,Cancer,AE,KM,0.2,0.2,2,0.4299605139993687,0.07059391120163398,0.10474390001036227,209.0,1.0,59.0,0.5665532431599225
LocPop,Cancer,AE,D,0.2,0.2,2,0.421612847412675,0.06500435658992397,0.12960359995486215,307.0,1.0,58.0,0.0
LocPop,Cancer,B,S,0.25,0.35,2,0.19764921419140363,0.20641004772079743,0.49737229995662346,575.0,1.0,22.0,0.0
LocPop,Cancer,B,P,0.25,0.35,2,0.19758383895728474,0.2156668375616125,0.14507790002971888,364.0,1.0,17.0,-0.0004805518651707276
LocPop,Cancer,B,KM,0.25,0.35,2,0.19882576152880638,0.22710388077314278,0.0651746999938041,147.0,1.0,15.0,0.3167025801900312
LocPop,Cancer,B,D,0.25,0.35,2,0.19789698974845166,0.21894977595488627,0.07301759999245405,113.0,1.0,16.0,0.0
LocPop,Cancer,AF,S,0.25,0.35,2,0.19990178668708344,0.20569625604011718,0.46791160001885146,570.0,1.0,22.0,0.0
LocPop,Cancer,AF,P,0.25,0.35,2,0.20094539462416255,0.21517072229798478,0.16855000000214204,362.0,1.0,17.0,-0.00020875540242092363
LocPop,Cancer,AF,KM,0.25,0.35,2,0.20227252272417373,0.22897731520655074,0.0638842000043951,146.0,1.0,15.0,0.3207851682044875
LocPop,Cancer,AF,D,0.25,0.35,2,0.20022230461028187,0.21869562810758186,0.05795560003025457,113.0,1.0,16.0,0.0
LocPop,Cancer,AE,S,0.25,0.35,2,0.19764921419140363,0.20641004772079743,0.5025805999757722,573.0,1.0,22.0,0.0
LocPop,Cancer,AE,P,0.25,0.35,2,0.19758383895728474,0.2156668375616125,0.18921989999944344,362.0,1.0,17.0,-0.0004805518651707276
LocPop,Cancer,AE,KM,0.25,0.35,2,0.19757179495724891,0.22270979082381065,0.08170999999856576,151.0,1.0,16.0,0.3156127606203856
LocPop,Cancer,AE,D,0.25,0.35,2,0.19768019165399564,0.22584937597242644,0.06479410000611097,111.0,1.0,15.0,0.0
LocPop,Cancer,B,S,0.4,0.4,2,0.05881865786022306,0.3482002337154653,0.4729968999745324,561.0,1.0,8.0,0.0
LocPop,Cancer,B,P,0.4,0.4,2,0.05881865786022306,0.3482002337154653,0.13269300002139062,325.0,1.0,8.0,-0.00029471384410897477
LocPop,Cancer,B,KM,0.4,0.4,2,0.05884316137269948,0.3484272848076753,0.07577270001638681,173.0,1.0,8.0,0.1029316722277086
LocPop,Cancer,B,D,0.4,0.4,2,0.05884316137269948,0.3484272848076753,0.0265400999924168,34.0,1.0,8.0,0.0
LocPop,Cancer,AF,S,0.4,0.4,2,0.05884316137269948,0.3484272848076753,0.4267925000167452,562.0,1.0,8.0,0.0
LocPop,Cancer,AF,P,0.4,0.4,2,0.059259733450657805,0.3601733004200276,0.1253658999921754,324.0,1.0,7.0,-0.0002939316494661335
LocPop,Cancer,AF,KM,0.4,0.4,2,0.059259733450657805,0.3601733004200276,0.07002199999988079,171.0,1.0,7.0,0.1033470001637003
LocPop,Cancer,AF,D,0.4,0.4,2,0.05884316137269948,0.3484272848076753,0.027411699993535876,35.0,1.0,8.0,0.0
LocPop,Cancer,AE,S,0.4,0.4,2,0.05881865786022306,0.3482002337154653,0.45565479999640957,561.0,1.0,8.0,0.0
LocPop,Cancer,AE,P,0.4,0.4,2,0.05881865786022306,0.3482002337154653,0.14466679998440668,325.0,1.0,8.0,-0.00029471384410897477
LocPop,Cancer,AE,KM,0.4,0.4,2,0.05881865786022306,0.3482002337154653,0.06902910000644624,174.0,1.0,8.0,0.10290724249856342
LocPop,Cancer,AE,D,0.4,0.4,2,0.05881865786022306,0.3482002337154653,0.0258509999839589,35.0,1.0,8.0,0.0
KMeans,Cancer,-,-,,,3,0.6536246043910179,0.3433822406907781,0.07328899996355176,,,,
DBSCAN,Cancer,-,-,,,3,0.0,,0.008367000031284988,,,,
LocPop,Cancer,B,S,0.2,0.2,3,0.4275714066515934,0.05163222693260634,0.4678626999957487,556.0,1.0,60.0,0.0
LocPop,Cancer,B,P,0.2,0.2,3,0.4237868428927921,0.06599383879875971,0.17653900000732392,433.0,1.0,56.0,0.004513335441335334
LocPop,Cancer,B,KM,0.2,0.2,3,0.426614054600301,0.09345352308189034,0.08883580000838265,204.0,1.0,54.0,0.5554296092055169
LocPop,Cancer,B,D,0.2,0.2,3,0.4258237814176505,0.07799400132703083,0.13171039998997003,295.0,1.0,52.0,0.0
LocPop,Cancer,AF,S,0.2,0.2,3,0.4309388066561187,0.08229506186363916,0.4677296999725513,564.0,1.0,53.0,0.0
LocPop,Cancer,AF,P,0.2,0.2,3,0.4237592156641531,0.09880553519462784,0.1815243000164628,445.0,1.0,52.0,0.004675077398174723
LocPop,Cancer,AF,KM,0.2,0.2,3,0.42800475495361934,0.09841642507275794,0.09747159999096766,215.0,1.0,52.0,0.555782141039316
LocPop,Cancer,AF,D,0.2,0.2,3,0.4314899087070905,0.10541654729665643,0.14639760000864044,311.0,1.0,51.0,0.0
LocPop,Cancer,AE,S,0.2,0.2,3,0.42348419834719825,0.0687857883078343,0.4782485000323504,556.0,1.0,61.0,0.0
LocPop,Cancer,AE,P,0.2,0.2,3,0.4235435194918827,0.05644584381218854,0.1701310999924317,442.0,1.0,60.0,0.003917681547356458
LocPop,Cancer,AE,KM,0.2,0.2,3,0.42974001440819853,0.05484839492295988,0.09277089999523014,212.0,1.0,60.0,0.5589382996455061
LocPop,Cancer,AE,D,0.2,0.2,3,0.42222490445647326,0.06745826356232752,0.1362247999641113,305.0,1.0,57.0,0.0
LocPop,Cancer,B,S,0.25,0.35,3,0.19987669299561991,0.17984110888825092,0.5236451999517158,575.0,1.0,22.0,0.0
LocPop,Cancer,B,P,0.25,0.35,3,0.19789698974845166,0.21894977595488624,0.15145889995619655,347.0,1.0,16.0,-0.00010894357640024774
LocPop,Cancer,B,KM,0.25,0.35,3,0.19882576152880638,0.22710388077314272,0.05911489995196462,150.0,1.0,15.0,0.31152090965889756
LocPop,Cancer,B,D,0.25,0.35,3,0.19789698974845166,0.21894977595488624,0.05316640000091866,113.0,1.0,16.0,0.0
LocPop,Cancer,AF,S,0.25,0.35,3,0.20222687021863012,0.2077318627350077,0.5580296000116505,572.0,1.0,21.0,0.0
LocPop,Cancer,AF,P,0.25,0.35,3,0.20022230461028187,0.21869562810758184,0.1652357000275515,347.0,1.0,16.0,3.729953537516409e-05
LocPop,Cancer,AF,KM,0.25,0.35,3,0.2021506995851474,0.2165103199668865,0.06650060001993552,149.0,1.0,16.0,0.31561856985652925
LocPop,Cancer,AF,D,0.25,0.35,3,0.20022230461028187,0.21869562810758184,0.05039539997233078,113.0,1.0,16.0,0.0
LocPop,Cancer,AE,S,0.25,0.35,3,0.19764921419140363,0.2064100477207974,0.5045649000094272,577.0,1.0,22.0,0.0
LocPop,Cancer,AE,P,0.25,0.35,3,0.19761997107346246,0.2236657107699122,0.15932159998919815,345.0,1.0,16.0,-7.233926646462246e-05
LocPop,Cancer,AE,KM,0.25,0.35,3,0.19750082032514585,0.22044772136655796,0.06850980001036078,155.0,1.0,17.0,0.3103563348773797
LocPop,Cancer,AE,D,0.25,0.35,3,0.19768019165399564,0.2258493759724264,0.07217080000555143,111.0,1.0,15.0,0.0
LocPop,Cancer,B,S,0.4,0.4,3,0.05883246173935478,0.3329199786276214,0.4419331999961287,561.0,1.0,9.0,0.0
LocPop,Cancer,B,P,0.4,0.4,3,0.05881865786022306,0.34820023371546527,0.15592509997077286,319.0,1.0,8.0,-0.0002452762918395153
LocPop,Cancer,B,KM,0.4,0.4,3,0.05884316137269948,0.3484272848076753,0.06936129997484386,177.0,1.0,8.0,0.10125179677421298
LocPop,Cancer,B,D,0.4,0.4,3,0.05884316137269948,0.3484272848076753,0.025294199993368238,34.0,1.0,8.0,0.0
LocPop,Cancer,AF,S,0.4,0.4,3,0.05884316137269948,0.3484272848076753,0.41961590002756566,564.0,1.0,8.0,0.0
LocPop,Cancer,AF,P,0.4,0.4,3,0.059259733450657805,0.36017330042002754,0.14166319998912513,317.0,1.0,7.0,-0.0002444941358550694
LocPop,Cancer,AF,KM,0.4,0.4,3,0.059259733450657805,0.36017330042002754,0.07763459999114275,175.0,1.0,7.0,0.10166766382640452
LocPop,Cancer,AF,D,0.4,0.4,3,0.05884316137269948,0.3484272848076753,0.025564200012013316,35.0,1.0,8.0,0.0
LocPop,Cancer,AE,S,0.4,0.4,3,0.05883246173935478,0.3329199786276214,0.40742770000360906,561.0,1.0,9.0,0.0
LocPop,Cancer,AE,P,0.4,0.4,3,0.05881865786022306,0.34820023371546527,0.1571991999517195,320.0,1.0,8.0,-0.0002452762918395153
LocPop,Cancer,AE,KM,0.4,0.4,3,0.05881865786022306,0.34820023371546527,0.07571760000428185,178.0,1.0,8.0,0.1012273351848031
LocPop,Cancer,AE,D,0.4,0.4,3,0.05881865786022306,0.34820023371546527,0.025329300027806312,35.0,1.0,8.0,0.0
KMeans,Cancer,-,-,,,4,0.6707206476880808,0.34497400510344084,0.08596160000888631,,,,
DBSCAN,Cancer,-,-,,,4,0.0,,0.006612900004256517,,,,
LocPop,Cancer,B,S,0.2,0.2,4,0.42391192764475194,0.03650006623991965,0.49315090000163764,536.0,1.0,61.0,0.0
LocPop,Cancer,B,P,0.2,0.2,4,0.41748820903178385,0.06512311966182004,0.24238460004562512,473.0,1.0,53.0,-0.001019655951211121
LocPop,Cancer,B,KM,0.2,0.2,4,0.42705477561182903,0.08553521197400951,0.10021359997335821,202.0,1.0,56.0,0.560424344780672
LocPop,Cancer,B,D,0.2,0.2,4,0.4292370493206699,0.07978569300941526,0.12614889995893463,294.0,1.0,54.0,0.0
LocPop,Cancer,AF,S,0.2,0.2,4,0.42462613810476557,0.05235162774933593,0.48612430004868656,541.0,1.0,55.0,0.0
LocPop,Cancer,AF,P,0.2,0.2,4,0.42751071550431774,0.10054171939456463,0.21916289994260296,487.0,1.0,52.0,-0.0011986731155648807
LocPop,Cancer,AF,KM,0.2,0.2,4,0.4316741469157613,0.09769178231298221,0.1032003000145778,210.0,1.0,52.0,0.5653719426083196
LocPop,Cancer,AF,D,0.2,0.2,4,0.427585047665344,0.08793829862720277,0.1484510999871418,300.0,1.0,51.0,0.0
LocPop,Cancer,AE,S,0.2,0.2,4,0.42698738093529137,0.03816131843909761,0.4845700000296347,528.0,1.0,61.0,0.0
LocPop,Cancer,AE,P,0.2,0.2,4,0.4211573785596643,0.059031882218145273,0.2015380000229925,476.0,1.0,57.0,-0.0011626053790673532
LocPop,Cancer,AE,KM,0.2,0.2,4,0.42634856767654017,0.05838354703304801,0.09016680001514032,204.0,1.0,61.0,0.55959662792331
LocPop,Cancer,AE,D,0.2,0.2,4,0.42638452485231265,0.05980834094741408,0.14104370004497468,307.0,1.0,60.0,0.0
LocPop,Cancer,B,S,0.25,0.35,4,0.19764921419140363,0.2064100477207974,0.4835598999634385,562.0,1.0,22.0,0.0
LocPop,Cancer,B,P,0.25,0.35,4,0.19758383895728474,0.2156668375616125,0.13447170000290498,342.0,1.0,17.0,-0.00018371740385484848
LocPop,Cancer,B,KM,0.25,0.35,4,0.19882576152880638,0.22710388077314278,0.06954930000938475,147.0,1.0,15.0,0.3167025801900312
LocPop,Cancer,B,D,0.25,0.35,4,0.19789698974845166,0.21894977595488624,0.04838530003326014,113.0,1.0,16.0,0.0
LocPop,Cancer,AF,S,0.25,0.35,4,0.20100950700496498,0.2082320971909694,0.46633189998101443,560.0,1.0,21.0,0.0
LocPop,Cancer,AF,P,0.25,0.35,4,0.19871734845488448,0.2156341989422238,0.1323409999604337,344.0,1.0,17.0,-0.00018171727695704074
LocPop,Cancer,AF,KM,0.25,0.35,4,0.20227252272417373,0.22897731520655074,0.0733582999673672,146.0,1.0,15.0,0.3207851682044875
LocPop,Cancer,AF,D,0.25,0.35,4,0.20022230461028187,0.21869562810758184,0.09392830001888797,113.0,1.0,16.0,0.0
LocPop,Cancer,AE,S,0.25,0.35,4,0.1977576112736224,0.20379727025918173,0.4741871999576688,561.0,1.0,23.0,0.0
LocPop,Cancer,AE,P,0.25,0.35,4,0.19758383895728474,0.2156668375616125,0.1292317999759689,343.0,1.0,17.0,-0.00018371740385484848
LocPop,Cancer,AE,KM,0.25,0.35,4,0.19757179495724891,0.22270979082381062,0.062009000044781715,151.0,1.0,16.0,0.3156127606203856
LocPop,Cancer,AE,D,0.25,0.35,4,0.19768019165399564,0.2258493759724264,0.047932200017385185,111.0,1.0,15.0,0.0
LocPop,Cancer,B,S,0.4,0.4,4,0.05881865786022306,0.34820023371546527,0.4117443999857642,564.0,1.0,8.0,0.0
LocPop,Cancer,B,P,0.4,0.4,4,0.05881865786022306,0.34820023371546527,0.12581469997530803,313.0,1.0,8.0,0.0003232555592592691
LocPop,Cancer,B,KM,0.4,0.4,4,0.05884316137269948,0.3484272848076753,0.07366029999684542,173.0,1.0,8.0,0.1029316722277086
LocPop,Cancer,B,D,0.4,0.4,4,0.05884316137269948,0.3484272848076753,0.023405799991451204,34.0,1.0,8.0,0.0
LocPop,Cancer,AF,S,0.4,0.4,4,0.059259733450657805,0.3601733004200276,0.48535390000324696,562.0,1.0,7.0,0.0
LocPop,Cancer,AF,P,0.4,0.4,4,0.059259733450657805,0.3601733004200276,0.11669560003792867,311.0,1.0,7.0,0.0005217873251164247
LocPop,Cancer,AF,KM,0.4,0.4,4,0.059259733450657805,0.3601733004200276,0.07145370001671836,171.0,1.0,7.0,0.1033470001637003
LocPop,Cancer,AF,D,0.4,0.4,4,0.05884316137269948,0.3484272848076753,0.027155600022524595,35.0,1.0,8.0,0.0
LocPop,Cancer,AE,S,0.4,0.4,4,0.05881865786022306,0.34820023371546527,0.43923269998049363,564.0,1.0,8.0,0.0
LocPop,Cancer,AE,P,0.4,0.4,4,0.05881865786022306,0.34820023371546527,0.13261740002781153,313.0,1.0,8.0,0.0003232555592592691
LocPop,Cancer,AE,KM,0.4,0.4,4,0.05881865786022306,0.34820023371546527,0.0788814999978058,174.0,1.0,8.0,0.10290724249856342
LocPop,Cancer,AE,D,0.4,0.4,4,0.05881865786022306,0.34820023371546527,0.02612829999998212,35.0,1.0,8.0,0.0
KMeans,Cancer,-,-,,,5,0.6707206476880808,0.3449740051034408,0.09890529996482655,,,,
DBSCAN,Cancer,-,-,,,5,0.0,,0.007250799972098321,,,,
LocPop,Cancer,B,S,0.2,0.2,5,0.42355096171280904,0.07502983874081579,0.5396396000287496,628.0,1.0,59.0,0.0
LocPop,Cancer,B,P,0.2,0.2,5,0.42638035926154577,0.07007793798339647,0.2145377999986522,461.0,1.0,54.0,-8.731528312568169e-05
LocPop,Cancer,B,KM,0.2,0.2,5,0.4269027645767016,0.0649908250328768,0.08851420000428334,205.0,1.0,57.0,0.5602765146472116
LocPop,Cancer,B,D,0.2,0.2,5,0.42647720532642736,0.0834758331744165,0.12248630000976846,294.0,1.0,53.0,0.0
LocPop,Cancer,AF,S,0.2,0.2,5,0.42761026868034535,0.08558655724763448,0.5859322000178508,637.0,1.0,52.0,0.0
LocPop,Cancer,AF,P,0.2,0.2,5,0.4253582788315315,0.07780274000828014,0.21504769998136908,451.0,1.0,52.0,-1.3884972405358407e-05
LocPop,Cancer,AF,KM,0.2,0.2,5,0.42826921676507923,0.09366658397407354,0.09305239998502657,204.0,1.0,52.0,0.561557010068887
LocPop,Cancer,AF,D,0.2,0.2,5,0.4277137427875007,0.08756489470665658,0.1475982999545522,300.0,1.0,50.0,0.0
LocPop,Cancer,AE,S,0.2,0.2,5,0.42299972436351896,0.06859101974812151,0.6128782000159845,630.0,1.0,59.0,0.0
LocPop,Cancer,AE,P,0.2,0.2,5,0.4213908439611329,0.0582492541691526,0.19880620000185445,454.0,1.0,58.0,-3.595373137813808e-05
LocPop,Cancer,AE,KM,0.2,0.2,5,0.42561487459222236,0.05779618033658472,0.08917140000266954,203.0,1.0,61.0,0.55911913629789
LocPop,Cancer,AE,D,0.2,0.2,5,0.42571457782044175,0.0666292735677245,0.20317210000939667,304.0,1.0,58.0,0.0
LocPop,Cancer,B,S,0.25,0.35,5,0.1995720581937907,0.19838041678207424,0.4988718000240624,567.0,1.0,22.0,0.0
LocPop,Cancer,B,P,0.25,0.35,5,0.19783676742680653,0.2166012879346448,0.14583809999749064,371.0,1.0,16.0,-0.0004924632751750928
LocPop,Cancer,B,KM,0.25,0.35,5,0.19882576152880638,0.22710388077314272,0.07190269994316623,147.0,1.0,15.0,0.3167025801900312
LocPop,Cancer,B,D,0.25,0.35,5,0.19789698974845166,0.21894977595488624,0.05635739996796474,113.0,1.0,16.0,0.0
LocPop,Cancer,AF,S,0.25,0.35,5,0.20205811500679663,0.19650243043357285,0.4751984000322409,565.0,1.0,22.0,0.0
LocPop,Cancer,AF,P,0.25,0.35,5,0.1979610773395303,0.20415320353692532,0.14824250002857298,379.0,1.0,17.0,-0.00046764009449746895
LocPop,Cancer,AF,KM,0.25,0.35,5,0.20227252272417373,0.22897731520655074,0.06231480004498735,146.0,1.0,15.0,0.3207851682044875
LocPop,Cancer,AF,D,0.25,0.35,5,0.20022230461028187,0.21869562810758186,0.0462544999900274,113.0,1.0,16.0,0.0
LocPop,Cancer,AE,S,0.25,0.35,5,0.19748059962248526,0.1966742003641189,0.5274798999889754,567.0,1.0,23.0,0.0
LocPop,Cancer,AE,P,0.25,0.35,5,0.19758383895728474,0.22147165221614554,0.14450190000934526,368.0,1.0,16.0,-0.0005300242753900409
LocPop,Cancer,AE,KM,0.25,0.35,5,0.19750082032514585,0.220447721366558,0.06252829998265952,152.0,1.0,17.0,0.31556889150733264
LocPop,Cancer,AE,D,0.25,0.35,5,0.19768019165399564,0.2258493759724264,0.05549840000458062,111.0,1.0,15.0,0.0
LocPop,Cancer,B,S,0.4,0.4,5,0.058856965254390894,0.3326746263369109,0.461595100001432,561.0,1.0,9.0,0.0
LocPop,Cancer,B,P,0.4,0.4,5,0.05884316137269948,0.3484272848076753,0.11513579997699708,303.0,1.0,8.0,0.00047161163806847754
LocPop,Cancer,B,KM,0.4,0.4,5,0.05884316137269948,0.3484272848076753,0.06979460001457483,173.0,1.0,8.0,0.1029316722277086
LocPop,Cancer,B,D,0.4,0.4,5,0.05884316137269948,0.3484272848076753,0.023683000006712973,34.0,1.0,8.0,0.0
LocPop,Cancer,AF,S,0.4,0.4,5,0.05902694029245294,0.35284141006311265,0.4292041000444442,562.0,1.0,8.0,0.0
LocPop,Cancer,AF,P,0.4,0.4,5,0.059259733450657805,0.36017330042002754,0.10766290000174195,303.0,1.0,7.0,0.0002993185138666361
LocPop,Cancer,AF,KM,0.4,0.4,5,0.059259733450657805,0.36017330042002754,0.07650230004219338,171.0,1.0,7.0,0.1033470001637003
LocPop,Cancer,AF,D,0.4,0.4,5,0.059259733450657805,0.36017330042002754,0.026042899989988655,35.0,1.0,7.0,0.0
LocPop,Cancer,AE,S,0.4,0.4,5,0.058820210012144256,0.3268366907949398,0.41799210000317544,560.0,1.0,10.0,0.0
LocPop,Cancer,AE,P,0.4,0.4,5,0.05881865786022306,0.34820023371546527,0.11851030000252649,304.0,1.0,8.0,0.0004962869922023773
LocPop,Cancer,AE,KM,0.4,0.4,5,0.05881865786022306,0.34820023371546527,0.06784139998489991,174.0,1.0,8.0,0.10290724249856342
LocPop,Cancer,AE,D,0.4,0.4,5,0.05881865786022306,0.34820023371546527,0.024336599977687,35.0,1.0,8.0,0.0
KMeans,Cancer,-,-,,,6,0.6707206476880808,0.3449740051034408,0.07396960002370179,,,,
DBSCAN,Cancer,-,-,,,6,0.0,,0.00626130000455305,,,,
LocPop,Cancer,B,S,0.2,0.2,6,0.4266717944271462,0.07735246376865142,0.5266660000197589,607.0,1.0,61.0,0.0
LocPop,Cancer,B,P,0.2,0.2,6,0.43061943533994684,0.09869568988158425,0.1866810999927111,466.0,1.0,51.0,-0.0006245650319579772
LocPop,Cancer,B,KM,0.2,0.2,6,0.4270404422928412,0.09396091882166274,0.08903380000265315,201.0,1.0,54.0,0.5604333807191342
LocPop,Cancer,B,D,0.2,0.2,6,0.4266823611564023,0.0884353605813368,0.125192400009837,301.0,1.0,54.0,0.0
LocPop,Cancer,AF,S,0.2,0.2,6,0.4307615713335839,0.0953250061923009,0.5288503000047058,617.0,1.0,53.0,0.0
LocPop,Cancer,AF,P,0.2,0.2,6,0.43088151785744083,0.10602885759196623,0.1903920999611728,472.0,1.0,48.0,-0.0005122656367845118
LocPop,Cancer,AF,KM,0.2,0.2,6,0.428195532778599,0.09610802607070743,0.11407019995385781,210.0,1.0,53.0,0.56126886595489
LocPop,Cancer,AF,D,0.2,0.2,6,0.4315349632404777,0.10302117402976264,0.15912610001396388,318.0,1.0,50.0,0.0
LocPop,Cancer,AE,S,0.2,0.2,6,0.42280919734518346,0.058611506739023926,0.553335300006438,605.0,1.0,65.0,0.0
LocPop,Cancer,AE,P,0.2,0.2,6,0.4246851492747249,0.06423059070552783,0.21998739999253303,476.0,1.0,59.0,-0.000821097058186048
LocPop,Cancer,AE,KM,0.2,0.2,6,0.4262479825063583,0.05855162510539082,0.10122539999429137,203.0,1.0,61.0,0.5597593124456517
LocPop,Cancer,AE,D,0.2,0.2,6,0.42579729796116933,0.06426822752138626,0.1564356999588199,303.0,1.0,57.0,0.0
LocPop,Cancer,B,S,0.25,0.35,6,0.19764921419140363,0.20641004772079743,0.5003350999904796,565.0,1.0,22.0,0.0
LocPop,Cancer,B,P,0.25,0.35,6,0.19793569997483035,0.20771040709023803,0.14821280003525317,357.0,1.0,16.0,-0.0005418486695004604
LocPop,Cancer,B,KM,0.25,0.35,6,0.19882576152880638,0.22710388077314272,0.06844649999402463,147.0,1.0,15.0,0.3167025801900312
LocPop,Cancer,B,D,0.25,0.35,6,0.19789698974845166,0.21894977595488624,0.05629989999579266,113.0,1.0,16.0,0.0
LocPop,Cancer,AF,S,0.25,0.35,6,0.19990178668708344,0.2056962560401172,0.4958691000356339,562.0,1.0,22.0,0.0
LocPop,Cancer,AF,P,0.25,0.35,6,0.1991053973228929,0.20663122402649092,0.16374039999209344,349.0,1.0,17.0,-0.0006758313560360965
LocPop,Cancer,AF,KM,0.25,0.35,6,0.20227252272417373,0.22897731520655074,0.06814390001818538,146.0,1.0,15.0,0.3207851682044875
LocPop,Cancer,AF,D,0.25,0.35,6,0.20022230461028187,0.21869562810758186,0.05470949999289587,113.0,1.0,16.0,0.0
LocPop,Cancer,AE,S,0.25,0.35,6,0.1977576112736224,0.20379727025918173,0.5100499000400305,562.0,1.0,23.0,0.0
LocPop,Cancer,AE,P,0.25,0.35,6,0.19765868080728777,0.21332427540513452,0.13724519999232143,355.0,1.0,16.0,-0.0006783980034362021
LocPop,Cancer,AE,KM,0.25,0.35,6,0.19750082032514585,0.220447721366558,0.06138730002567172,152.0,1.0,17.0,0.31556889150733264
LocPop,Cancer,AE,D,0.25,0.35,6,0.19768019165399564,0.22584937597242644,0.04649699997389689,111.0,1.0,15.0,0.0
LocPop,Cancer,B,S,0.4,0.4,6,0.05884316137269948,0.3484272848076753,0.43399990000762045,561.0,1.0,8.0,0.0
LocPop,Cancer,B,P,0.4,0.4,6,0.05884316137269948,0.3484272848076753,0.1604030000162311,334.0,1.0,8.0,5.139246203343855e-05
LocPop,Cancer,B,KM,0.4,0.4,6,0.05884316137269948,0.3484272848076753,0.07764019997557625,173.0,1.0,8.0,0.1029316722277086
LocPop,Cancer,B,D,0.4,0.4,6,0.05884316137269948,0.3484272848076753,0.025487500010058284,34.0,1.0,8.0,0.0
LocPop,Cancer,AF,S,0.4,0.4,6,0.05884316137269948,0.3484272848076753,0.3998742999974638,561.0,1.0,8.0,0.0
LocPop,Cancer,AF,P,0.4,0.4,6,0.05884316137269948,0.3484272848076753,0.136022100050468,334.0,1.0,8.0,5.139246203343855e-05
LocPop,Cancer,AF,KM,0.4,0.4,6,0.059259733450657805,0.36017330042002754,0.07985199999529868,171.0,1.0,7.0,0.1033470001637003
LocPop,Cancer,AF,D,0.4,0.4,6,0.059259733450657805,0.36017330042002754,0.026139299967326224,35.0,1.0,7.0,0.0
LocPop,Cancer,AE,S,0.4,0.4,6,0.0588064061342924,0.3407294952885709,0.4171403999789618,560.0,1.0,9.0,0.0
LocPop,Cancer,AE,P,0.4,0.4,6,0.0588064061342924,0.3407294952885709,0.1278176999767311,333.0,1.0,9.0,6.368668998355419e-05
LocPop,Cancer,AE,KM,0.4,0.4,6,0.05881865786022306,0.34820023371546527,0.07344839995494112,174.0,1.0,8.0,0.10290724249856342
LocPop,Cancer,AE,D,0.4,0.4,6,0.05881865786022306,0.34820023371546527,0.023572899983264506,35.0,1.0,8.0,0.0
KMeans,Cancer,-,-,,,7,0.6707206476880808,0.3449740051034408,0.07649919996038079,,,,
DBSCAN,Cancer,-,-,,,7,0.0,,0.0062043999787420034,,,,
LocPop,Cancer,B,S,0.2,0.2,7,0.4267948868022049,0.07289872179811895,0.44306120002875105,542.0,1.0,58.0,0.0
LocPop,Cancer,B,P,0.2,0.2,7,0.4234109025985865,0.07303479575347986,0.1966324999812059,450.0,1.0,54.0,-0.0006387558993786439
LocPop,Cancer,B,KM,0.2,0.2,7,0.4269144576254925,0.08813373781730896,0.08566009998321533,203.0,1.0,56.0,0.56028788601466
LocPop,Cancer,B,D,0.2,0.2,7,0.4258723118957134,0.09555464565982183,0.12455149996094406,295.0,1.0,52.0,0.0
LocPop,Cancer,AF,S,0.2,0.2,7,0.430913659669787,0.08394420182814989,0.49995420000050217,550.0,1.0,53.0,0.0
LocPop,Cancer,AF,P,0.2,0.2,7,0.4250473601779662,0.09994732433544669,0.19566490000579506,461.0,1.0,52.0,-0.0005979255548080579
LocPop,Cancer,AF,KM,0.2,0.2,7,0.42824494820879444,0.09218795870641265,0.08738879999145865,204.0,1.0,53.0,0.5615330952141168
LocPop,Cancer,AF,D,0.2,0.2,7,0.4279129107748315,0.10410107530804992,0.13804160000290722,305.0,1.0,50.0,0.0
LocPop,Cancer,AE,S,0.2,0.2,7,0.4234491369583534,0.04297592301369959,0.4871513999532908,533.0,1.0,63.0,0.0
LocPop,Cancer,AE,P,0.2,0.2,7,0.42616631538358285,0.05992852169528195,0.17911570001160726,450.0,1.0,58.0,-0.0003375967619961109
LocPop,Cancer,AE,KM,0.2,0.2,7,0.4266759518236149,0.05461905403602843,0.0823260000324808,207.0,1.0,60.0,0.5599149852740661
LocPop,Cancer,AE,D,0.2,0.2,7,0.42475617181459663,0.0649655476704868,0.12013289995957166,302.0,1.0,56.0,0.0
LocPop,Cancer,B,S,0.25,0.35,7,0.19764921419140363,0.2064100477207974,0.48949700000230223,575.0,1.0,22.0,0.0
LocPop,Cancer,B,P,0.25,0.35,7,0.19755975097655806,0.21480894125039637,0.13751829997636378,344.0,1.0,17.0,-0.000257969503518258
LocPop,Cancer,B,KM,0.25,0.35,7,0.19882576152880638,0.22710388077314272,0.09220849996199831,147.0,1.0,15.0,0.3167025801900312
LocPop,Cancer,B,D,0.25,0.35,7,0.19789698974845166,0.21894977595488624,0.04972740000812337,113.0,1.0,16.0,0.0
LocPop,Cancer,AF,S,0.25,0.35,7,0.19990178668708344,0.20569625604011718,0.49227869999594986,572.0,1.0,22.0,0.0
LocPop,Cancer,AF,P,0.25,0.35,7,0.2009212905004925,0.21422774923433155,0.14289419999113306,342.0,1.0,17.0,-0.00010985525298845305
LocPop,Cancer,AF,KM,0.25,0.35,7,0.20227252272417373,0.22897731520655074,0.06443749996833503,146.0,1.0,15.0,0.3207851682044875
LocPop,Cancer,AF,D,0.25,0.35,7,0.20022230461028187,0.21869562810758184,0.051849499985110015,113.0,1.0,16.0,0.0
LocPop,Cancer,AE,S,0.25,0.35,7,0.19764921419140363,0.2064100477207974,0.4873000999796204,574.0,1.0,22.0,0.0
LocPop,Cancer,AE,P,0.25,0.35,7,0.19755975097655806,0.21480894125039637,0.14046579995192587,344.0,1.0,17.0,-0.000257969503518258
LocPop,Cancer,AE,KM,0.25,0.35,7,0.19757179495724891,0.22270979082381065,0.0677622000221163,151.0,1.0,16.0,0.3156127606203856
LocPop,Cancer,AE,D,0.25,0.35,7,0.19768019165399564,0.22584937597242644,0.05172029999084771,111.0,1.0,15.0,0.0
LocPop,Cancer,B,S,0.4,0.4,7,0.05884316137269948,0.3484272848076753,0.41805370000656694,561.0,1.0,8.0,0.0
LocPop,Cancer,B,P,0.4,0.4,7,0.05884316137269948,0.3484272848076753,0.12282190000405535,299.0,1.0,8.0,0.0002491426625205157
LocPop,Cancer,B,KM,0.4,0.4,7,0.05884316137269948,0.3484272848076753,0.07345530000748113,173.0,1.0,8.0,0.1029316722277086
LocPop,Cancer,B,D,0.4,0.4,7,0.05884316137269948,0.3484272848076753,0.02492489997530356,34.0,1.0,8.0,0.0
LocPop,Cancer,AF,S,0.4,0.4,7,0.05884316137269948,0.3484272848076753,0.44726549996994436,561.0,1.0,8.0,0.0
LocPop,Cancer,AF,P,0.4,0.4,7,0.05884316137269948,0.3484272848076753,0.12263290002010763,299.0,1.0,8.0,0.0002491426625205157
LocPop,Cancer,AF,KM,0.4,0.4,7,0.059259733450657805,0.3601733004200276,0.07074620004277676,171.0,1.0,7.0,0.1033470001637003
LocPop,Cancer,AF,D,0.4,0.4,7,0.059259733450657805,0.3601733004200276,0.03388320002704859,35.0,1.0,7.0,0.0
LocPop,Cancer,AE,S,0.4,0.4,7,0.0588064061342924,0.3407294952885709,0.41572140000062063,560.0,1.0,9.0,0.0
LocPop,Cancer,AE,P,0.4,0.4,7,0.05881865786022306,0.3482002337154653,0.12554380000801757,300.0,1.0,8.0,0.00022438045472035007
LocPop,Cancer,AE,KM,0.4,0.4,7,0.05881865786022306,0.3482002337154653,0.0704115999978967,174.0,1.0,8.0,0.10290724249856342
LocPop,Cancer,AE,D,0.4,0.4,7,0.05881865786022306,0.3482002337154653,0.024352199980057776,35.0,1.0,8.0,0.0
KMeans,Cancer,-,-,,,8,0.6707206476880808,0.34497400510344084,0.07788389996858314,,,,
DBSCAN,Cancer,-,-,,,8,0.0,,0.006877899984829128,,,,
LocPop,Cancer,B,S,0.2,0.2,8,0.4271582561107255,0.057252454104173824,0.5143194000120275,628.0,1.0,59.0,0.0
LocPop,Cancer,B,P,0.2,0.2,8,0.42594200218069,0.062123860372101346,0.2039805999957025,477.0,1.0,57.0,0.0007406577328817625
LocPop,Cancer,B,KM,0.2,0.2,8,0.42741375784782026,0.09149127243905647,0.09851689997594804,199.0,1.0,54.0,0.560891778481843
LocPop,Cancer,B,D,0.2,0.2,8,0.4292604423089917,0.08109045479147656,0.14324549998855218,295.0,1.0,53.0,0.0
LocPop,Cancer,AF,S,0.2,0.2,8,0.4307823458797878,0.08578310070094215,0.5235478000249714,634.0,1.0,54.0,0.0
LocPop,Cancer,AF,P,0.2,0.2,8,0.4235315512926231,0.09413478557080879,0.21792710002046078,471.0,1.0,53.0,0.001454664986997245
LocPop,Cancer,AF,KM,0.2,0.2,8,0.4318197905803282,0.09342665326016718,0.09745569998631254,202.0,1.0,52.0,0.5656111830208213
LocPop,Cancer,AF,D,0.2,0.2,8,0.427585047665344,0.08650480621952061,0.13204810000024736,302.0,1.0,51.0,0.0
LocPop,Cancer,AE,S,0.2,0.2,8,0.42662957343736285,0.033220689046943225,0.5155264000059105,618.0,1.0,62.0,0.0
LocPop,Cancer,AE,P,0.2,0.2,8,0.42602249684861504,0.06741754413784383,0.2047014000127092,477.0,1.0,59.0,0.0008758973998256824
LocPop,Cancer,AE,KM,0.2,0.2,8,0.42659875161175714,0.06022798887316311,0.09356690000277013,206.0,1.0,60.0,0.560124330806461
LocPop,Cancer,AE,D,0.2,0.2,8,0.4257670625163552,0.03310165864171037,0.12132310000015423,305.0,1.0,60.0,0.0
LocPop,Cancer,B,S,0.25,0.35,8,0.19963230872595591,0.18087579813075738,0.4763641000026837,568.0,1.0,22.0,0.0
LocPop,Cancer,B,P,0.25,0.35,8,0.19757437265713082,0.2020814576738046,0.1317764999694191,347.0,1.0,19.0,-0.0007403907820891162
LocPop,Cancer,B,KM,0.25,0.35,8,0.19882576152880638,0.22710388077314278,0.07377029996132478,147.0,1.0,15.0,0.3167025801900312
LocPop,Cancer,B,D,0.25,0.35,8,0.19789698974845166,0.21894977595488627,0.04806790000293404,113.0,1.0,16.0,0.0
LocPop,Cancer,AF,S,0.25,0.35,8,0.20222687021863012,0.20773186273500777,0.47661689994856715,566.0,1.0,21.0,0.0
LocPop,Cancer,AF,P,0.25,0.35,8,0.19817788245450782,0.2017261748488523,0.1679102000198327,347.0,1.0,19.0,-0.0007888190196807628
LocPop,Cancer,AF,KM,0.25,0.35,8,0.20227252272417373,0.22897731520655074,0.07102759997360408,146.0,1.0,15.0,0.3207851682044875
LocPop,Cancer,AF,D,0.25,0.35,8,0.20022230461028187,0.21869562810758186,0.056247100001201034,113.0,1.0,16.0,0.0
LocPop,Cancer,AE,S,0.25,0.35,8,0.19764921419140363,0.20641004772079743,0.5198158000130206,568.0,1.0,22.0,0.0
LocPop,Cancer,AE,P,0.25,0.35,8,0.1975864166205469,0.20266920743160693,0.15620299999136478,347.0,1.0,18.0,-0.0007280009258036377
LocPop,Cancer,AE,KM,0.25,0.35,8,0.19757179495724891,0.22270979082381065,0.07406930002616718,151.0,1.0,16.0,0.3156127606203856
LocPop,Cancer,AE,D,0.25,0.35,8,0.19768019165399564,0.22584937597242644,0.06768710003234446,111.0,1.0,15.0,0.0
LocPop,Cancer,B,S,0.4,0.4,8,0.05884316137269948,0.3484272848076753,0.4113090999890119,561.0,1.0,8.0,0.0
LocPop,Cancer,B,P,0.4,0.4,8,0.05884316137269948,0.3484272848076753,0.13092379999579862,306.0,1.0,8.0,0.00015026756227697714
LocPop,Cancer,B,KM,0.4,0.4,8,0.05884316137269948,0.3484272848076753,0.08172710001235828,173.0,1.0,8.0,0.1029316722277086
LocPop,Cancer,B,D,0.4,0.4,8,0.05884316137269948,0.3484272848076753,0.023298899992369115,34.0,1.0,8.0,0.0
LocPop,Cancer,AF,S,0.4,0.4,8,0.05884316137269948,0.3484272848076753,0.41557339997962117,561.0,1.0,8.0,0.0
LocPop,Cancer,AF,P,0.4,0.4,8,0.05884316137269948,0.3484272848076753,0.16105100000277162,306.0,1.0,8.0,0.00015026756227697714
LocPop,Cancer,AF,KM,0.4,0.4,8,0.059259733450657805,0.36017330042002754,0.06814640003722161,171.0,1.0,7.0,0.1033470001637003
LocPop,Cancer,AF,D,0.4,0.4,8,0.059259733450657805,0.36017330042002754,0.026636899972800165,35.0,1.0,7.0,0.0
LocPop,Cancer,AE,S,0.4,0.4,8,0.0588064061342924,0.3407294952885709,0.4335595999727957,560.0,1.0,9.0,0.0
LocPop,Cancer,AE,P,0.4,0.4,8,0.0588064061342924,0.3407294952885709,0.1456748999771662,305.0,1.0,9.0,0.00016256179667016357
LocPop,Cancer,AE,KM,0.4,0.4,8,0.05881865786022306,0.34820023371546527,0.07793670002138242,174.0,1.0,8.0,0.10290724249856342
LocPop,Cancer,AE,D,0.4,0.4,8,0.05881865786022306,0.34820023371546527,0.028568900015670806,35.0,1.0,8.0,0.0
KMeans,Cancer,-,-,,,9,0.6536246043910179,0.3433822406907782,0.075897500035353,,,,
DBSCAN,Cancer,-,-,,,9,0.0,,0.007008499989751726,,,,
LocPop,Cancer,B,S,0.2,0.2,9,0.42368090410286496,0.07038924411433639,0.5327373999753036,627.0,1.0,57.0,0.0
LocPop,Cancer,B,P,0.2,0.2,9,0.4238229936378975,0.07718672270576696,0.1875434999819845,468.0,1.0,54.0,-0.0015786718555200771
LocPop,Cancer,B,KM,0.2,0.2,9,0.4307221015745169,0.0922328735796741,0.0862048000562936,208.0,1.0,54.0,0.5592748012805779
LocPop,Cancer,B,D,0.2,0.2,9,0.42994912976794325,0.09458163629799864,0.11830060003558174,295.0,1.0,52.0,0.0
LocPop,Cancer,AF,S,0.2,0.2,9,0.426946509852625,0.09150408883274201,0.5528924000100233,626.0,1.0,53.0,0.0
LocPop,Cancer,AF,P,0.2,0.2,9,0.4310297786434074,0.09778215904094818,0.17838250001659617,465.0,1.0,52.0,-0.0014535305385812922
LocPop,Cancer,AF,KM,0.2,0.2,9,0.42803985618195944,0.10179008017436317,0.11457350000273436,215.0,1.0,51.0,0.555816571669076
LocPop,Cancer,AF,D,0.2,0.2,9,0.4316186130000097,0.10500236975229801,0.1329507000045851,306.0,1.0,50.0,0.0
LocPop,Cancer,AE,S,0.2,0.2,9,0.42264381785267235,0.06704143993356601,0.5951797000016086,625.0,1.0,61.0,0.0
LocPop,Cancer,AE,P,0.2,0.2,9,0.4236550828480971,0.06868065206959152,0.2146155999507755,476.0,1.0,58.0,-0.001481061813285228
LocPop,Cancer,AE,KM,0.2,0.2,9,0.429875127789472,0.063361838095772,0.09706790000200272,208.0,1.0,59.0,0.5592136785006715
LocPop,Cancer,AE,D,0.2,0.2,9,0.4256369269416065,0.061226507588933735,0.16798669996205717,303.0,1.0,57.0,0.0
LocPop,Cancer,B,S,0.25,0.35,9,0.1995720581937907,0.19838041678207424,0.4546194999711588,579.0,1.0,22.0,0.0
LocPop,Cancer,B,P,0.25,0.35,9,0.19874015303797313,0.2285082823626783,0.13228780002100393,352.0,1.0,16.0,-0.0007010895384416345
LocPop,Cancer,B,KM,0.25,0.35,9,0.19882576152880638,0.22710388077314272,0.06656220002332702,150.0,1.0,15.0,0.31152090965889756
LocPop,Cancer,B,D,0.25,0.35,9,0.19789698974845166,0.21894977595488624,0.050585799966938794,113.0,1.0,16.0,0.0
LocPop,Cancer,AF,S,0.25,0.35,9,0.20205811500679663,0.19650243043357285,0.42704990005586296,576.0,1.0,22.0,0.0
LocPop,Cancer,AF,P,0.25,0.35,9,0.1999461217414042,0.2293726381711983,0.14317439997103065,353.0,1.0,16.0,-0.0005752773671155145
LocPop,Cancer,AF,KM,0.25,0.35,9,0.2021506995851474,0.21651031996688655,0.06658659997629002,149.0,1.0,16.0,0.31561856985652925
LocPop,Cancer,AF,D,0.25,0.35,9,0.20022230461028187,0.21869562810758186,0.05484709999291226,113.0,1.0,16.0,0.0
LocPop,Cancer,AE,S,0.25,0.35,9,0.19966717330473516,0.19610611506720893,0.4440883999923244,577.0,1.0,23.0,0.0
LocPop,Cancer,AE,P,0.25,0.35,9,0.19758383895728474,0.2246166250487006,0.14078920002793893,354.0,1.0,17.0,-0.0007279139162672937
LocPop,Cancer,AE,KM,0.25,0.35,9,0.19750082032514585,0.220447721366558,0.06344850000459701,155.0,1.0,17.0,0.3103563348773797
LocPop,Cancer,AE,D,0.25,0.35,9,0.19768019165399564,0.22584937597242644,0.05409340001642704,111.0,1.0,15.0,0.0
LocPop,Cancer,B,S,0.4,0.4,9,0.05881865786022306,0.34820023371546527,0.4178445999859832,565.0,1.0,8.0,0.0
LocPop,Cancer,B,P,0.4,0.4,9,0.05881865786022306,0.34820023371546527,0.1320450000348501,320.0,1.0,8.0,-0.0002452762918395153
LocPop,Cancer,B,KM,0.4,0.4,9,0.05884316137269948,0.3484272848076753,0.0713250000262633,177.0,1.0,8.0,0.10125179677421298
LocPop,Cancer,B,D,0.4,0.4,9,0.05884316137269948,0.3484272848076753,0.02286989998538047,34.0,1.0,8.0,0.0
LocPop,Cancer,AF,S,0.4,0.4,9,0.05884316137269948,0.3484272848076753,0.4011661999975331,566.0,1.0,8.0,0.0
LocPop,Cancer,AF,P,0.4,0.4,9,0.059259733450657805,0.36017330042002754,0.11331899999640882,318.0,1.0,7.0,-0.0002444941358550694
LocPop,Cancer,AF,KM,0.4,0.4,9,0.059259733450657805,0.36017330042002754,0.0642179999849759,175.0,1.0,7.0,0.10166766382640452
LocPop,Cancer,AF,D,0.4,0.4,9,0.059259733450657805,0.36017330042002754,0.023892900033388287,35.0,1.0,7.0,0.0
LocPop,Cancer,AE,S,0.4,0.4,9,0.05881865786022306,0.34820023371546527,0.4063642999972217,566.0,1.0,8.0,0.0
LocPop,Cancer,AE,P,0.4,0.4,9,0.05881865786022306,0.34820023371546527,0.15655650000553578,320.0,1.0,8.0,-0.0002452762918395153
LocPop,Cancer,AE,KM,0.4,0.4,9,0.05881865786022306,0.34820023371546527,0.0825433999998495,178.0,1.0,8.0,0.1012273351848031
LocPop,Cancer,AE,D,0.4,0.4,9,0.05881865786022306,0.34820023371546527,0.022356699977535754,35.0,1.0,8.0,0.0
KMeans,Iris,-,-,,,0,0.5923326221845838,0.4630420362927048,0.0531734999967739,,,,
DBSCAN,Iris,-,-,,,0,0.0,,0.002283699985127896,,,,
LocPop,Iris,B,S,0.2,0.2,0,0.4672667301957207,0.16100894008919028,0.013119000010192394,170.0,1.0,13.0,0.0
LocPop,Iris,B,P,0.2,0.2,0,0.4304125822570516,0.1990723012427311,0.008690199989359826,131.0,1.0,12.0,-0.0035587836423376933
LocPop,Iris,B,KM,0.2,0.2,0,0.43577866124592995,0.1784540207552474,0.005237200006376952,38.0,1.0,12.0,0.6264899220320094
LocPop,Iris,B,D,0.2,0.2,0,0.46469485053211923,0.16332436813301807,0.007213100034277886,115.0,1.0,13.0,0.0
LocPop,Iris,AF,S,0.2,0.2,0,0.463485310752286,0.19362233347174723,0.013142000010702759,169.0,1.0,12.0,0.0
LocPop,Iris,AF,P,0.2,0.2,0,0.4344092425322517,0.18087005827997282,0.008257999958004802,136.0,1.0,12.0,-0.005245696513597002
LocPop,Iris,AF,KM,0.2,0.2,0,0.45250256585187776,0.1769010759016208,0.004746199992951006,40.0,1.0,12.0,0.5983670550721882
LocPop,Iris,AF,D,0.2,0.2,0,0.463485310752286,0.19362233347174723,0.006632700038608164,117.0,1.0,12.0,0.0
LocPop,Iris,AE,S,0.2,0.2,0,0.43640854569980675,0.15858710669045004,0.010355299978982657,168.0,1.0,14.0,0.0
LocPop,Iris,AE,P,0.2,0.2,0,0.43298959664172293,0.20103850887983346,0.0064230000134557486,132.0,1.0,12.0,-0.004845774776419055
LocPop,Iris,AE,KM,0.2,0.2,0,0.4512942016618554,0.1970695265014814,0.00441080000018701,41.0,1.0,12.0,0.6033713376078507
LocPop,Iris,AE,D,0.2,0.2,0,0.46469485053211923,0.16332436813301807,0.006160299992188811,115.0,1.0,13.0,0.0
LocPop,Iris,B,S,0.25,0.35,0,0.5052992574175622,0.2641826627917711,0.008940800034906715,145.0,1.0,7.0,0.0
LocPop,Iris,B,P,0.25,0.35,0,0.5052992574175622,0.2641826627917711,0.008468100044410676,116.0,1.0,7.0,-0.0037955343364933125
LocPop,Iris,B,KM,0.25,0.35,0,0.5052992574175622,0.2641826627917711,0.004597200022544712,54.0,1.0,7.0,0.5130301998830438
LocPop,Iris,B,D,0.25,0.35,0,0.5052992574175622,0.2641826627917711,0.005273099988698959,68.0,1.0,7.0,0.0
LocPop,Iris,AF,S,0.25,0.35,0,0.5052992574175622,0.2641826627917711,0.009403300005942583,145.0,1.0,7.0,0.0
LocPop,Iris,AF,P,0.25,0.35,0,0.5052992574175622,0.2641826627917711,0.0059501000214368105,116.0,1.0,7.0,-0.0037955343364933125
LocPop,Iris,AF,KM,0.25,0.35,0,0.5040413049057199,0.3064589206024552,0.004791599989403039,51.0,1.0,6.0,0.5117648629487708
LocPop,Iris,AF,D,0.25,0.35,0,0.5040413049057199,0.3064589206024552,0.0048744999803602695,67.0,1.0,6.0,0.0
LocPop,Iris,AE,S,0.25,0.35,0,0.5052992574175622,0.2641826627917711,0.009868499997537583,143.0,1.0,7.0,0.0
LocPop,Iris,AE,P,0.25,0.35,0,0.5052992574175622,0.2641826627917711,0.007126100012101233,116.0,1.0,7.0,-0.0037955343364933125
LocPop,Iris,AE,KM,0.25,0.35,0,0.5052992574175622,0.2641826627917711,0.0039041999843902886,54.0,1.0,7.0,0.5130301998830438
LocPop,Iris,AE,D,0.25,0.35,0,0.5052992574175622,0.2641826627917711,0.006740799988619983,68.0,1.0,7.0,0.0
LocPop,Iris,B,S,0.4,0.4,0,0.5509419495000053,0.426656972323937,0.010622600035276264,152.0,1.0,4.0,0.0
LocPop,Iris,B,P,0.4,0.4,0,0.5509419495000053,0.426656972323937,0.005868299980647862,119.0,1.0,4.0,-0.005840666706898164
LocPop,Iris,B,KM,0.4,0.4,0,0.5509419495000053,0.426656972323937,0.005702599999494851,44.0,1.0,4.0,0.5592813570087676
LocPop,Iris,B,D,0.4,0.4,0,0.5509419495000053,0.426656972323937,0.004156799986958504,53.0,1.0,4.0,0.0
LocPop,Iris,AF,S,0.4,0.4,0,0.5509419495000053,0.426656972323937,0.011737399967387319,152.0,1.0,4.0,0.0
LocPop,Iris,AF,P,0.4,0.4,0,0.5509419495000053,0.426656972323937,0.006070000003091991,103.0,1.0,4.0,-0.005840666706898164
LocPop,Iris,AF,KM,0.4,0.4,0,0.5509419495000053,0.426656972323937,0.004096899996511638,44.0,1.0,4.0,0.5592813570087676
LocPop,Iris,AF,D,0.4,0.4,0,0.5509419495000053,0.426656972323937,0.00483439996605739,53.0,1.0,4.0,0.0
LocPop,Iris,AE,S,0.4,0.4,0,0.5509419495000053,0.426656972323937,0.010903299960773438,152.0,1.0,4.0,0.0
LocPop,Iris,AE,P,0.4,0.4,0,0.5509419495000053,0.426656972323937,0.007759900006931275,119.0,1.0,4.0,-0.005840666706898164
LocPop,Iris,AE,KM,0.4,0.4,0,0.5509419495000053,0.426656972323937,0.0043403999879956245,44.0,1.0,4.0,0.5592813570087676
LocPop,Iris,AE,D,0.4,0.4,0,0.5509419495000053,0.426656972323937,0.004258900007698685,53.0,1.0,4.0,0.0
KMeans,Iris,-,-,,,1,0.6201351808870379,0.4599482392051863,0.13854849996278062,,,,
DBSCAN,Iris,-,-,,,1,0.0,,0.0032755000283941627,,,,
LocPop,Iris,B,S,0.2,0.2,1,0.4683482281079879,0.12710927171172826,0.013651899993419647,149.0,1.0,14.0,0.0
LocPop,Iris,B,P,0.2,0.2,1,0.45549570000960893,0.15541880423617707,0.00981109996791929,144.0,1.0,13.0,-0.008921278946862688
LocPop,Iris,B,KM,0.2,0.2,1,0.45920832279129165,0.19409381179122587,0.005851799971424043,38.0,1.0,12.0,0.6174148814559688
LocPop,Iris,B,D,0.2,0.2,1,0.46469485053211923,0.16332436813301807,0.008901099965441972,117.0,1.0,13.0,0.0
LocPop,Iris,AF,S,0.2,0.2,1,0.4645705664090035,0.1569460050929739,0.012778100033756346,151.0,1.0,13.0,0.0
LocPop,Iris,AF,P,0.2,0.2,1,0.44429432720884837,0.15608302841398544,0.008936600002925843,135.0,1.0,12.0,-0.006313871279938323
LocPop,Iris,AF,KM,0.2,0.2,1,0.45250256585187776,0.17690107590162082,0.00489530002232641,41.0,1.0,12.0,0.573596368640364
LocPop,Iris,AF,D,0.2,0.2,1,0.463485310752286,0.19362233347174723,0.009364199999254197,117.0,1.0,12.0,0.0
LocPop,Iris,AE,S,0.2,0.2,1,0.44032916198848754,0.13860176555000744,0.008686100016348064,148.0,1.0,14.0,0.0
LocPop,Iris,AE,P,0.2,0.2,1,0.45126674709505366,0.16861836127199098,0.006449799984693527,143.0,1.0,13.0,-0.008263563219433433
LocPop,Iris,AE,KM,0.2,0.2,1,0.45920832279129165,0.19409381179122587,0.005989299970678985,38.0,1.0,12.0,0.6174148814559688
LocPop,Iris,AE,D,0.2,0.2,1,0.46469485053211923,0.16332436813301807,0.009526400011964142,117.0,1.0,13.0,0.0
LocPop,Iris,B,S,0.25,0.35,1,0.5052992574175622,0.2641826627917711,0.011771299992688,148.0,1.0,7.0,0.0
LocPop,Iris,B,P,0.25,0.35,1,0.5052992574175622,0.2641826627917711,0.006347700022161007,126.0,1.0,7.0,-0.0068258604778865
LocPop,Iris,B,KM,0.25,0.35,1,0.5052992574175622,0.2641826627917711,0.0039017999661155045,57.0,1.0,7.0,0.5086536580322479
LocPop,Iris,B,D,0.25,0.35,1,0.5052992574175622,0.2641826627917711,0.004521099966950715,68.0,1.0,7.0,0.0
LocPop,Iris,AF,S,0.25,0.35,1,0.5040413049057199,0.3064589206024552,0.008741100027691573,147.0,1.0,6.0,0.0
LocPop,Iris,AF,P,0.25,0.35,1,0.5052992574175622,0.2641826627917711,0.00578120001591742,126.0,1.0,7.0,-0.0068258604778865
LocPop,Iris,AF,KM,0.25,0.35,1,0.5040413049057199,0.3064589206024552,0.004439299984369427,56.0,1.0,6.0,0.5073931105272348
LocPop,Iris,AF,D,0.25,0.35,1,0.5040413049057199,0.3064589206024552,0.004517300054430962,67.0,1.0,6.0,0.0
LocPop,Iris,AE,S,0.25,0.35,1,0.5052992574175622,0.2641826627917711,0.010261400020681322,144.0,1.0,7.0,0.0
LocPop,Iris,AE,P,0.25,0.35,1,0.5004415555076348,0.2715791131131191,0.006481199990957975,125.0,1.0,7.0,-0.00753211546163088
LocPop,Iris,AE,KM,0.25,0.35,1,0.5052992574175622,0.2641826627917711,0.004100199963431805,57.0,1.0,7.0,0.5086536580322479
LocPop,Iris,AE,D,0.25,0.35,1,0.5052992574175622,0.2641826627917711,0.0048608999932184815,68.0,1.0,7.0,0.0
LocPop,Iris,B,S,0.4,0.4,1,0.5509419495000053,0.4266569723239369,0.01007630000822246,146.0,1.0,4.0,0.0
LocPop,Iris,B,P,0.4,0.4,1,0.5509419495000053,0.4266569723239369,0.00608339998871088,119.0,1.0,4.0,-0.004077580525115695
LocPop,Iris,B,KM,0.4,0.4,1,0.5509419495000053,0.4266569723239369,0.004979400022421032,47.0,1.0,4.0,0.5535553263935297
LocPop,Iris,B,D,0.4,0.4,1,0.5509419495000053,0.4266569723239369,0.005832599999848753,53.0,1.0,4.0,0.0
LocPop,Iris,AF,S,0.4,0.4,1,0.5509419495000053,0.4266569723239369,0.009653199987951666,146.0,1.0,4.0,0.0
LocPop,Iris,AF,P,0.4,0.4,1,0.5509419495000053,0.4266569723239369,0.005735999962780625,119.0,1.0,4.0,-0.004077580525115695
LocPop,Iris,AF,KM,0.4,0.4,1,0.5509419495000053,0.4266569723239369,0.004331899981480092,47.0,1.0,4.0,0.5535553263935297
LocPop,Iris,AF,D,0.4,0.4,1,0.5509419495000053,0.4266569723239369,0.004236200009472668,53.0,1.0,4.0,0.0
LocPop,Iris,AE,S,0.4,0.4,1,0.5509419495000053,0.4266569723239369,0.009939300012774765,146.0,1.0,4.0,0.0
LocPop,Iris,AE,P,0.4,0.4,1,0.5509419495000053,0.4266569723239369,0.006120800040662289,119.0,1.0,4.0,-0.004077580525115695
LocPop,Iris,AE,KM,0.4,0.4,1,0.5509419495000053,0.4266569723239369,0.004841699963435531,47.0,1.0,4.0,0.5535553263935297
LocPop,Iris,AE,D,0.4,0.4,1,0.5509419495000053,0.4266569723239369,0.005088099977001548,53.0,1.0,4.0,0.0
KMeans,Iris,-,-,,,2,0.6201351808870379,0.4599482392051863,0.06349189998582006,,,,
DBSCAN,Iris,-,-,,,2,0.0,,0.0024276000331155956,,,,
LocPop,Iris,B,S,0.2,0.2,2,0.4645303028248281,0.14709461285217085,0.013392900000326335,151.0,1.0,14.0,0.0
LocPop,Iris,B,P,0.2,0.2,2,0.417678079712635,0.20674784854360573,0.010172999987844378,142.0,1.0,14.0,-0.000574241306582241
LocPop,Iris,B,KM,0.2,0.2,2,0.45920832279129165,0.19409381179122587,0.005584499973338097,38.0,1.0,12.0,0.6174148814559688
LocPop,Iris,B,D,0.2,0.2,2,0.46469485053211923,0.16332436813301807,0.009005700005218387,115.0,1.0,13.0,0.0
LocPop,Iris,AF,S,0.2,0.2,2,0.4636680487951445,0.16314751745714895,0.01383359997998923,160.0,1.0,13.0,0.0
LocPop,Iris,AF,P,0.2,0.2,2,0.4636680487951445,0.16314751745714895,0.009848000016063452,139.0,1.0,13.0,-0.00237666005648699
LocPop,Iris,AF,KM,0.2,0.2,2,0.45250256585187776,0.1769010759016208,0.004053300013765693,41.0,1.0,12.0,0.573596368640364
LocPop,Iris,AF,D,0.2,0.2,2,0.463485310752286,0.19362233347174723,0.005562900041695684,117.0,1.0,12.0,0.0
LocPop,Iris,AE,S,0.2,0.2,2,0.4645303028248281,0.14709461285217085,0.010494999994989485,150.0,1.0,14.0,0.0
LocPop,Iris,AE,P,0.2,0.2,2,0.415311267993032,0.21007170979562506,0.006465500046033412,139.0,1.0,14.0,-0.00043702820818434645
LocPop,Iris,AE,KM,0.2,0.2,2,0.45920832279129165,0.19409381179122587,0.0035318000009283423,38.0,1.0,12.0,0.6174148814559688
LocPop,Iris,AE,D,0.2,0.2,2,0.46469485053211923,0.16332436813301807,0.005666100012604147,115.0,1.0,13.0,0.0
LocPop,Iris,B,S,0.25,0.35,2,0.5052992574175622,0.2641826627917711,0.00859169999603182,146.0,1.0,7.0,0.0
LocPop,Iris,B,P,0.25,0.35,2,0.5052992574175622,0.2641826627917711,0.005673500010743737,114.0,1.0,7.0,0.003022699481641359
LocPop,Iris,B,KM,0.25,0.35,2,0.5052992574175622,0.2641826627917711,0.004772100015543401,57.0,1.0,7.0,0.5086536580322479
LocPop,Iris,B,D,0.25,0.35,2,0.5052992574175622,0.2641826627917711,0.004620900028385222,68.0,1.0,7.0,0.0
LocPop,Iris,AF,S,0.25,0.35,2,0.5052992574175622,0.2641826627917711,0.00882160000037402,146.0,1.0,7.0,0.0
LocPop,Iris,AF,P,0.25,0.35,2,0.5040413049057199,0.3064589206024552,0.005904400022700429,113.0,1.0,6.0,0.0031608823028704573
LocPop,Iris,AF,KM,0.25,0.35,2,0.5040413049057199,0.3064589206024552,0.0045356000191532075,56.0,1.0,6.0,0.5073931105272348
LocPop,Iris,AF,D,0.25,0.35,2,0.5040413049057199,0.3064589206024552,0.004938400001265109,67.0,1.0,6.0,0.0
LocPop,Iris,AE,S,0.25,0.35,2,0.5052992574175622,0.2641826627917711,0.009063500037882477,143.0,1.0,7.0,0.0
LocPop,Iris,AE,P,0.25,0.35,2,0.5052992574175622,0.2641826627917711,0.006405799998901784,114.0,1.0,7.0,0.003022699481641359
LocPop,Iris,AE,KM,0.25,0.35,2,0.5052992574175622,0.2641826627917711,0.004691499983891845,57.0,1.0,7.0,0.5086536580322479
LocPop,Iris,AE,D,0.25,0.35,2,0.5052992574175622,0.2641826627917711,0.004323800036218017,68.0,1.0,7.0,0.0
LocPop,Iris,B,S,0.4,0.4,2,0.5509419495000053,0.426656972323937,0.009883099992293864,152.0,1.0,4.0,0.0
LocPop,Iris,B,P,0.4,0.4,2,0.5509419495000053,0.426656972323937,0.005765400012023747,103.0,1.0,4.0,0.0005064435475187224
LocPop,Iris,B,KM,0.4,0.4,2,0.5509419495000053,0.426656972323937,0.004157799994572997,47.0,1.0,4.0,0.5535553263935297
LocPop,Iris,B,D,0.4,0.4,2,0.5509419495000053,0.426656972323937,0.005029499996453524,53.0,1.0,4.0,0.0
LocPop,Iris,AF,S,0.4,0.4,2,0.5509419495000053,0.426656972323937,0.01020690001314506,152.0,1.0,4.0,0.0
LocPop,Iris,AF,P,0.4,0.4,2,0.5509419495000053,0.426656972323937,0.008569400000851601,102.0,1.0,4.0,0.0005064435475187224
LocPop,Iris,AF,KM,0.4,0.4,2,0.5509419495000053,0.426656972323937,0.006194300018250942,47.0,1.0,4.0,0.5535553263935297
LocPop,Iris,AF,D,0.4,0.4,2,0.5509419495000053,0.426656972323937,0.004601299995556474,53.0,1.0,4.0,0.0
LocPop,Iris,AE,S,0.4,0.4,2,0.5509419495000053,0.426656972323937,0.010300700028892606,152.0,1.0,4.0,0.0
LocPop,Iris,AE,P,0.4,0.4,2,0.5509419495000053,0.426656972323937,0.007068899984005839,103.0,1.0,4.0,0.0005064435475187224
LocPop,Iris,AE,KM,0.4,0.4,2,0.5509419495000053,0.426656972323937,0.0050540000083856285,47.0,1.0,4.0,0.5535553263935297
LocPop,Iris,AE,D,0.4,0.4,2,0.5509419495000053,0.426656972323937,0.0060615999973379076,53.0,1.0,4.0,0.0
KMeans,Iris,-,-,,,3,0.6201351808870379,0.45994823920518635,0.06646760000148788,,,,
DBSCAN,Iris,-,-,,,3,0.0,,0.002473000029567629,,,,
LocPop,Iris,B,S,0.2,0.2,3,0.4683482281079879,0.12710927171172826,0.01384570001391694,153.0,1.0,14.0,0.0
LocPop,Iris,B,P,0.2,0.2,3,0.4683482281079879,0.12710927171172826,0.010686399997211993,148.0,1.0,14.0,-0.004629253878503128
LocPop,Iris,B,KM,0.2,0.2,3,0.4486827769578772,0.1951033188643791,0.005752899975050241,39.0,1.0,12.0,0.6130606962679823
LocPop,Iris,B,D,0.2,0.2,3,0.46469485053211923,0.16332436813301812,0.009172399993985891,115.0,1.0,13.0,0.0
LocPop,Iris,AF,S,0.2,0.2,3,0.4645705664090035,0.15694600509297388,0.014024299976881593,159.0,1.0,13.0,0.0
LocPop,Iris,AF,P,0.2,0.2,3,0.4645705664090035,0.15694600509297388,0.007682600000407547,150.0,1.0,13.0,-0.003818453961083565
LocPop,Iris,AF,KM,0.2,0.2,3,0.45250256585187776,0.17690107590162082,0.0038554000202566385,41.0,1.0,12.0,0.573596368640364
LocPop,Iris,AF,D,0.2,0.2,3,0.463485310752286,0.19362233347174723,0.00604200002271682,117.0,1.0,12.0,0.0
LocPop,Iris,AE,S,0.2,0.2,3,0.44403827675781193,0.1543874564825422,0.009834299969952554,152.0,1.0,14.0,0.0
LocPop,Iris,AE,P,0.2,0.2,3,0.4645303028248281,0.14709461285217088,0.008797499991487712,151.0,1.0,14.0,-0.006054387019683538
LocPop,Iris,AE,KM,0.2,0.2,3,0.4512942016618554,0.19706952650148138,0.004004099988378584,40.0,1.0,12.0,0.6057471258114855
LocPop,Iris,AE,D,0.2,0.2,3,0.46469485053211923,0.16332436813301812,0.005702299997210503,115.0,1.0,13.0,0.0
LocPop,Iris,B,S,0.25,0.35,3,0.5052992574175622,0.2641826627917711,0.010591400030534714,145.0,1.0,7.0,0.0
LocPop,Iris,B,P,0.25,0.35,3,0.5004415555076348,0.2715791131131191,0.006414799951016903,124.0,1.0,7.0,-0.006767094872821745
LocPop,Iris,B,KM,0.25,0.35,3,0.5052992574175622,0.2641826627917711,0.004178399976808578,57.0,1.0,7.0,0.5086536580322479
LocPop,Iris,B,D,0.25,0.35,3,0.5052992574175622,0.2641826627917711,0.004439199983607978,68.0,1.0,7.0,0.0
LocPop,Iris,AF,S,0.25,0.35,3,0.5052992574175622,0.2641826627917711,0.009481600020080805,145.0,1.0,7.0,0.0
LocPop,Iris,AF,P,0.25,0.35,3,0.5052992574175622,0.2641826627917711,0.006281699985265732,126.0,1.0,7.0,-0.0072046512455606485
LocPop,Iris,AF,KM,0.25,0.35,3,0.5040413049057199,0.3064589206024552,0.004276500025298446,56.0,1.0,6.0,0.5073931105272348
LocPop,Iris,AF,D,0.25,0.35,3,0.5040413049057199,0.3064589206024552,0.00473970000166446,67.0,1.0,6.0,0.0
LocPop,Iris,AE,S,0.25,0.35,3,0.5052992574175622,0.2641826627917711,0.011016100004781038,143.0,1.0,7.0,0.0
LocPop,Iris,AE,P,0.25,0.35,3,0.5004415555076348,0.2715791131131191,0.006701999984215945,126.0,1.0,7.0,-0.006767094872821745
LocPop,Iris,AE,KM,0.25,0.35,3,0.5052992574175622,0.2641826627917711,0.004996699979528785,57.0,1.0,7.0,0.5086536580322479
LocPop,Iris,AE,D,0.25,0.35,3,0.5052992574175622,0.2641826627917711,0.004746599995996803,68.0,1.0,7.0,0.0
LocPop,Iris,B,S,0.4,0.4,3,0.5509419495000053,0.42665697232393696,0.010861100046895444,152.0,1.0,4.0,0.0
LocPop,Iris,B,P,0.4,0.4,3,0.5509419495000053,0.42665697232393696,0.009032100031618029,124.0,1.0,4.0,-0.004077580525115695
LocPop,Iris,B,KM,0.4,0.4,3,0.5509419495000053,0.42665697232393696,0.003987299976870418,47.0,1.0,4.0,0.5535553263935297
LocPop,Iris,B,D,0.4,0.4,3,0.5509419495000053,0.42665697232393696,0.004496300010941923,53.0,1.0,4.0,0.0
LocPop,Iris,AF,S,0.4,0.4,3,0.5509419495000053,0.42665697232393696,0.00978009996470064,152.0,1.0,4.0,0.0
LocPop,Iris,AF,P,0.4,0.4,3,0.5509419495000053,0.42665697232393696,0.0065956999897025526,124.0,1.0,4.0,-0.004077580525115695
LocPop,Iris,AF,KM,0.4,0.4,3,0.5509419495000053,0.42665697232393696,0.006329900003038347,47.0,1.0,4.0,0.5535553263935297
LocPop,Iris,AF,D,0.4,0.4,3,0.5509419495000053,0.42665697232393696,0.004753699991852045,53.0,1.0,4.0,0.0
LocPop,Iris,AE,S,0.4,0.4,3,0.5509419495000053,0.42665697232393696,0.009721899987198412,152.0,1.0,4.0,0.0
LocPop,Iris,AE,P,0.4,0.4,3,0.5509419495000053,0.42665697232393696,0.005689200013875961,124.0,1.0,4.0,-0.004077580525115695
LocPop,Iris,AE,KM,0.4,0.4,3,0.5509419495000053,0.42665697232393696,0.0037026999634690583,47.0,1.0,4.0,0.5535553263935297
LocPop,Iris,AE,D,0.4,0.4,3,0.5509419495000053,0.42665697232393696,0.004716800001915544,53.0,1.0,4.0,0.0
KMeans,Iris,-,-,,,4,0.6201351808870379,0.45994823920518635,0.06583559996215627,,,,
DBSCAN,Iris,-,-,,,4,0.0,,0.002470000006724149,,,,
LocPop,Iris,B,S,0.2,0.2,4,0.4645303028248281,0.14709461285217085,0.014616400003433228,168.0,1.0,14.0,0.0
LocPop,Iris,B,P,0.2,0.2,4,0.4683482281079879,0.12710927171172826,0.010548299993388355,149.0,1.0,14.0,0.0034328622917211508
LocPop,Iris,B,KM,0.2,0.2,4,0.43577866124592995,0.17845402075524747,0.006131800008006394,41.0,1.0,12.0,0.5999725565754104
LocPop,Iris,B,D,0.2,0.2,4,0.46469485053211923,0.16332436813301807,0.009011799993459135,115.0,1.0,13.0,0.0
LocPop,Iris,AF,S,0.2,0.2,4,0.4636680487951445,0.16314751745714895,0.014483599981758744,163.0,1.0,13.0,0.0
LocPop,Iris,AF,P,0.2,0.2,4,0.4645705664090035,0.15694600509297388,0.010330900026019663,141.0,1.0,13.0,0.0015447790965891879
LocPop,Iris,AF,KM,0.2,0.2,4,0.45250256585187776,0.1769010759016208,0.00591320003150031,41.0,1.0,12.0,0.573596368640364
LocPop,Iris,AF,D,0.2,0.2,4,0.463485310752286,0.19362233347174726,0.0061923000030219555,117.0,1.0,12.0,0.0
LocPop,Iris,AE,S,0.2,0.2,4,0.46469485053211923,0.16332436813301807,0.009274300013203174,160.0,1.0,13.0,0.0
LocPop,Iris,AE,P,0.2,0.2,4,0.4683482281079879,0.12710927171172826,0.0065599000081419945,156.0,1.0,14.0,0.0034328622917211508
LocPop,Iris,AE,KM,0.2,0.2,4,0.4512942016618554,0.1970695265014814,0.004026400041766465,40.0,1.0,12.0,0.6057471258114855
LocPop,Iris,AE,D,0.2,0.2,4,0.46469485053211923,0.16332436813301807,0.00562109996099025,115.0,1.0,13.0,0.0
LocPop,Iris,B,S,0.25,0.35,4,0.5052992574175622,0.26418266279177116,0.00872380001237616,147.0,1.0,7.0,0.0
LocPop,Iris,B,P,0.25,0.35,4,0.5004415555076348,0.27157911311311916,0.0057140999706462026,121.0,1.0,7.0,-0.004089522811989772
LocPop,Iris,B,KM,0.25,0.35,4,0.5052992574175622,0.26418266279177116,0.004199900024104863,57.0,1.0,7.0,0.5086536580322479
LocPop,Iris,B,D,0.25,0.35,4,0.5052992574175622,0.26418266279177116,0.004365400003734976,68.0,1.0,7.0,0.0
LocPop,Iris,AF,S,0.25,0.35,4,0.5052992574175622,0.26418266279177116,0.008603799971751869,147.0,1.0,7.0,0.0
LocPop,Iris,AF,P,0.25,0.35,4,0.5052992574175622,0.26418266279177116,0.006285300012677908,122.0,1.0,7.0,-0.004174325104167461
LocPop,Iris,AF,KM,0.25,0.35,4,0.5040413049057199,0.3064589206024553,0.004126499989069998,56.0,1.0,6.0,0.5073931105272348
LocPop,Iris,AF,D,0.25,0.35,4,0.5040413049057199,0.3064589206024553,0.006869899982120842,67.0,1.0,6.0,0.0
LocPop,Iris,AE,S,0.25,0.35,4,0.5052992574175622,0.26418266279177116,0.009827899979427457,147.0,1.0,7.0,0.0
LocPop,Iris,AE,P,0.25,0.35,4,0.5004415555076348,0.27157911311311916,0.006607100018300116,121.0,1.0,7.0,-0.004089522811989772
LocPop,Iris,AE,KM,0.25,0.35,4,0.5052992574175622,0.26418266279177116,0.004881499975454062,57.0,1.0,7.0,0.5086536580322479
LocPop,Iris,AE,D,0.25,0.35,4,0.5052992574175622,0.26418266279177116,0.004971600021235645,68.0,1.0,7.0,0.0
LocPop,Iris,B,S,0.4,0.4,4,0.5509419495000053,0.426656972323937,0.00943800003733486,146.0,1.0,4.0,0.0
LocPop,Iris,B,P,0.4,0.4,4,0.5509419495000053,0.426656972323937,0.006216200010385364,116.0,1.0,4.0,-0.005135432234185176
LocPop,Iris,B,KM,0.4,0.4,4,0.5509419495000053,0.426656972323937,0.004785099998116493,47.0,1.0,4.0,0.5535553263935297
LocPop,Iris,B,D,0.4,0.4,4,0.5509419495000053,0.426656972323937,0.004159600008279085,53.0,1.0,4.0,0.0
LocPop,Iris,AF,S,0.4,0.4,4,0.5509419495000053,0.426656972323937,0.00921109999762848,146.0,1.0,4.0,0.0
LocPop,Iris,AF,P,0.4,0.4,4,0.5509419495000053,0.426656972323937,0.006905300018843263,116.0,1.0,4.0,-0.005135432234185176
LocPop,Iris,AF,KM,0.4,0.4,4,0.5509419495000053,0.426656972323937,0.004704799968749285,47.0,1.0,4.0,0.5535553263935297
LocPop,Iris,AF,D,0.4,0.4,4,0.5509419495000053,0.426656972323937,0.00437090004561469,53.0,1.0,4.0,0.0
LocPop,Iris,AE,S,0.4,0.4,4,0.5509419495000053,0.426656972323937,0.0115046999999322,146.0,1.0,4.0,0.0
LocPop,Iris,AE,P,0.4,0.4,4,0.5509419495000053,0.426656972323937,0.00789700000314042,116.0,1.0,4.0,-0.005135432234185176
LocPop,Iris,AE,KM,0.4,0.4,4,0.5509419495000053,0.426656972323937,0.005558900011237711,47.0,1.0,4.0,0.5535553263935297
LocPop,Iris,AE,D,0.4,0.4,4,0.5509419495000053,0.426656972323937,0.005054999957792461,53.0,1.0,4.0,0.0
KMeans,Iris,-,-,,,5,0.6201351808870379,0.45994823920518646,0.06865970004582778,,,,
DBSCAN,Iris,-,-,,,5,0.0,,0.0024753999896347523,,,,
LocPop,Iris,B,S,0.2,0.2,5,0.4672667301957207,0.1610089400891903,0.014841699972748756,175.0,1.0,13.0,0.0
LocPop,Iris,B,P,0.2,0.2,5,0.44558964196304757,0.2102897402308756,0.010588600009214133,146.0,1.0,12.0,-0.006303671598847277
LocPop,Iris,B,KM,0.2,0.2,5,0.43577866124592995,0.17845402075524747,0.005994800012558699,39.0,1.0,12.0,0.5999725565754104
LocPop,Iris,B,D,0.2,0.2,5,0.46469485053211923,0.1633243681330181,0.009220700012519956,115.0,1.0,13.0,0.0
LocPop,Iris,AF,S,0.2,0.2,5,0.4636680487951445,0.16314751745714895,0.01533159997779876,181.0,1.0,13.0,0.0
LocPop,Iris,AF,P,0.2,0.2,5,0.45059448535510094,0.17882571034257974,0.010413000010885298,138.0,1.0,13.0,-0.006978906536523603
LocPop,Iris,AF,KM,0.2,0.2,5,0.45250256585187776,0.17690107590162082,0.00576210004510358,41.0,1.0,12.0,0.573596368640364
LocPop,Iris,AF,D,0.2,0.2,5,0.463485310752286,0.19362233347174723,0.006684200023300946,117.0,1.0,12.0,0.0
LocPop,Iris,AE,S,0.2,0.2,5,0.43640854569980675,0.15858710669045006,0.0101890999940224,176.0,1.0,14.0,0.0
LocPop,Iris,AE,P,0.2,0.2,5,0.44340279531288496,0.17754484079939578,0.0064493000390939415,146.0,1.0,13.0,-0.006708995777801243
LocPop,Iris,AE,KM,0.2,0.2,5,0.4512942016618554,0.19706952650148138,0.004268599965143949,40.0,1.0,12.0,0.6057471258114855
LocPop,Iris,AE,D,0.2,0.2,5,0.46469485053211923,0.1633243681330181,0.005999600049108267,115.0,1.0,13.0,0.0
LocPop,Iris,B,S,0.25,0.35,5,0.5052992574175622,0.2641826627917711,0.010612400015816092,150.0,1.0,7.0,0.0
LocPop,Iris,B,P,0.25,0.35,5,0.5052992574175622,0.2641826627917711,0.006051499978639185,129.0,1.0,7.0,-0.0068258604778865
LocPop,Iris,B,KM,0.25,0.35,5,0.5052992574175622,0.2641826627917711,0.00480329996207729,57.0,1.0,7.0,0.5086536580322479
LocPop,Iris,B,D,0.25,0.35,5,0.5052992574175622,0.2641826627917711,0.005281999998260289,68.0,1.0,7.0,0.0
LocPop,Iris,AF,S,0.25,0.35,5,0.5052992574175622,0.2641826627917711,0.008758599986322224,150.0,1.0,7.0,0.0
LocPop,Iris,AF,P,0.25,0.35,5,0.5040413049057199,0.3064589206024552,0.007755699974950403,128.0,1.0,6.0,-0.006682572714267928
LocPop,Iris,AF,KM,0.25,0.35,5,0.5040413049057199,0.3064589206024552,0.004716099996585399,56.0,1.0,6.0,0.5073931105272348
LocPop,Iris,AF,D,0.25,0.35,5,0.5040413049057199,0.3064589206024552,0.005190800002310425,67.0,1.0,6.0,0.0
LocPop,Iris,AE,S,0.25,0.35,5,0.5052992574175622,0.2641826627917711,0.016006499994546175,148.0,1.0,7.0,0.0
LocPop,Iris,AE,P,0.25,0.35,5,0.5052992574175622,0.2641826627917711,0.010258800000883639,129.0,1.0,7.0,-0.0068258604778865
LocPop,Iris,AE,KM,0.25,0.35,5,0.5052992574175622,0.2641826627917711,0.006783499964512885,57.0,1.0,7.0,0.5086536580322479
LocPop,Iris,AE,D,0.25,0.35,5,0.5052992574175622,0.2641826627917711,0.00911629997426644,68.0,1.0,7.0,0.0
LocPop,Iris,B,S,0.4,0.4,5,0.5509419495000053,0.42665697232393696,0.009798799990676343,146.0,1.0,4.0,0.0
LocPop,Iris,B,P,0.4,0.4,5,0.5509419495000053,0.42665697232393696,0.013799000007566065,121.0,1.0,4.0,-0.005135432234185176
LocPop,Iris,B,KM,0.4,0.4,5,0.5509419495000053,0.42665697232393696,0.004053699958603829,47.0,1.0,4.0,0.5535553263935297
LocPop,Iris,B,D,0.4,0.4,5,0.5509419495000053,0.42665697232393696,0.00449069996830076,53.0,1.0,4.0,0.0
LocPop,Iris,AF,S,0.4,0.4,5,0.5509419495000053,0.42665697232393696,0.009952599997632205,146.0,1.0,4.0,0.0
LocPop,Iris,AF,P,0.4,0.4,5,0.5509419495000053,0.42665697232393696,0.0063183000311255455,121.0,1.0,4.0,-0.005135432234185176
LocPop,Iris,AF,KM,0.4,0.4,5,0.5509419495000053,0.42665697232393696,0.004711900022812188,47.0,1.0,4.0,0.5535553263935297
LocPop,Iris,AF,D,0.4,0.4,5,0.5509419495000053,0.42665697232393696,0.004642900021281093,53.0,1.0,4.0,0.0
LocPop,Iris,AE,S,0.4,0.4,5,0.5509419495000053,0.42665697232393696,0.009721300040837377,146.0,1.0,4.0,0.0
LocPop,Iris,AE,P,0.4,0.4,5,0.5509419495000053,0.42665697232393696,0.006077300000470132,121.0,1.0,4.0,-0.005135432234185176
LocPop,Iris,AE,KM,0.4,0.4,5,0.5509419495000053,0.42665697232393696,0.005077000008895993,47.0,1.0,4.0,0.5535553263935297
LocPop,Iris,AE,D,0.4,0.4,5,0.5509419495000053,0.42665697232393696,0.006331400014460087,53.0,1.0,4.0,0.0
KMeans,Iris,-,-,,,6,0.6201351808870379,0.4599482392051863,0.06182780000381172,,,,
DBSCAN,Iris,-,-,,,6,0.0,,0.0024830999900586903,,,,
LocPop,Iris,B,S,0.2,0.2,6,0.4672667301957207,0.16100894008919028,0.012027100019622594,149.0,1.0,13.0,0.0
LocPop,Iris,B,P,0.2,0.2,6,0.44637017311866556,0.15106359523052285,0.008774899994023144,167.0,1.0,14.0,-0.006825380235480162
LocPop,Iris,B,KM,0.2,0.2,6,0.43577866124592995,0.1784540207552474,0.005625399993732572,39.0,1.0,12.0,0.5999725565754104
LocPop,Iris,B,D,0.2,0.2,6,0.46469485053211923,0.16332436813301807,0.008224899997003376,117.0,1.0,13.0,0.0
LocPop,Iris,AF,S,0.2,0.2,6,0.463485310752286,0.1936223334717472,0.012886500044260174,150.0,1.0,12.0,0.0
LocPop,Iris,AF,P,0.2,0.2,6,0.4101614400378574,0.18187958129699178,0.007564899977296591,117.0,1.0,13.0,0.006992094837680263
LocPop,Iris,AF,KM,0.2,0.2,6,0.45250256585187776,0.1769010759016208,0.004940700018778443,41.0,1.0,12.0,0.573596368640364
LocPop,Iris,AF,D,0.2,0.2,6,0.463485310752286,0.1936223334717472,0.006672999996226281,117.0,1.0,12.0,0.0
LocPop,Iris,AE,S,0.2,0.2,6,0.46469485053211923,0.16332436813301807,0.009562699997331947,149.0,1.0,13.0,0.0
LocPop,Iris,AE,P,0.2,0.2,6,0.40039366875016313,0.1429182532018693,0.007271300011780113,132.0,1.0,15.0,0.01056948391623638
LocPop,Iris,AE,KM,0.2,0.2,6,0.4512942016618554,0.19706952650148138,0.004054700024425983,40.0,1.0,12.0,0.6057471258114855
LocPop,Iris,AE,D,0.2,0.2,6,0.46469485053211923,0.16332436813301807,0.006201599957421422,117.0,1.0,13.0,0.0
LocPop,Iris,B,S,0.25,0.35,6,0.5052992574175622,0.2641826627917711,0.01221289997920394,146.0,1.0,7.0,0.0
LocPop,Iris,B,P,0.25,0.35,6,0.5052992574175622,0.2641826627917711,0.006692999973893166,122.0,1.0,7.0,-0.0068258604778865
LocPop,Iris,B,KM,0.25,0.35,6,0.5052992574175622,0.2641826627917711,0.004575100028887391,57.0,1.0,7.0,0.5086536580322479
LocPop,Iris,B,D,0.25,0.35,6,0.5052992574175622,0.2641826627917711,0.005329200008418411,68.0,1.0,7.0,0.0
LocPop,Iris,AF,S,0.25,0.35,6,0.5052992574175622,0.2641826627917711,0.01117280003381893,146.0,1.0,7.0,0.0
LocPop,Iris,AF,P,0.25,0.35,6,0.5052992574175622,0.2641826627917711,0.0066930000321008265,122.0,1.0,7.0,-0.0068258604778865
LocPop,Iris,AF,KM,0.25,0.35,6,0.5040413049057199,0.3064589206024552,0.005402399983722717,56.0,1.0,6.0,0.5073931105272348
LocPop,Iris,AF,D,0.25,0.35,6,0.5040413049057199,0.3064589206024552,0.0069117999519221485,67.0,1.0,6.0,0.0
LocPop,Iris,AE,S,0.25,0.35,6,0.5052992574175622,0.2641826627917711,0.00947789999190718,144.0,1.0,7.0,0.0
LocPop,Iris,AE,P,0.25,0.35,6,0.5004415555076348,0.2715791131131191,0.006890300021041185,122.0,1.0,7.0,-0.0063845845784171774
LocPop,Iris,AE,KM,0.25,0.35,6,0.5052992574175622,0.2641826627917711,0.005686699994839728,57.0,1.0,7.0,0.5086536580322479
LocPop,Iris,AE,D,0.25,0.35,6,0.5052992574175622,0.2641826627917711,0.005118999979458749,68.0,1.0,7.0,0.0
LocPop,Iris,B,S,0.4,0.4,6,0.5509419495000053,0.42665697232393696,0.011651500011794269,146.0,1.0,4.0,0.0
LocPop,Iris,B,P,0.4,0.4,6,0.5509419495000053,0.42665697232393696,0.005979000008665025,119.0,1.0,4.0,-0.00548804947054167
LocPop,Iris,B,KM,0.4,0.4,6,0.5509419495000053,0.42665697232393696,0.004259000008460134,47.0,1.0,4.0,0.5535553263935297
LocPop,Iris,B,D,0.4,0.4,6,0.5509419495000053,0.42665697232393696,0.005293600028380752,53.0,1.0,4.0,0.0
LocPop,Iris,AF,S,0.4,0.4,6,0.5509419495000053,0.42665697232393696,0.015864100016187876,146.0,1.0,4.0,0.0
LocPop,Iris,AF,P,0.4,0.4,6,0.5509419495000053,0.42665697232393696,0.009171799989417195,110.0,1.0,4.0,-0.00548804947054167
LocPop,Iris,AF,KM,0.4,0.4,6,0.5509419495000053,0.42665697232393696,0.005506700021214783,47.0,1.0,4.0,0.5535553263935297
LocPop,Iris,AF,D,0.4,0.4,6,0.5509419495000053,0.42665697232393696,0.005205299996305257,53.0,1.0,4.0,0.0
LocPop,Iris,AE,S,0.4,0.4,6,0.5509419495000053,0.42665697232393696,0.009133899991866201,146.0,1.0,4.0,0.0
LocPop,Iris,AE,P,0.4,0.4,6,0.5509419495000053,0.42665697232393696,0.006381999992299825,119.0,1.0,4.0,-0.00548804947054167
LocPop,Iris,AE,KM,0.4,0.4,6,0.5509419495000053,0.42665697232393696,0.004515299980994314,47.0,1.0,4.0,0.5535553263935297
LocPop,Iris,AE,D,0.4,0.4,6,0.5509419495000053,0.42665697232393696,0.005396199994720519,53.0,1.0,4.0,0.0
KMeans,Iris,-,-,,,7,0.6201351808870379,0.4599482392051863,0.07365049998043105,,,,
DBSCAN,Iris,-,-,,,7,0.0,,0.0053245999733917415,,,,
LocPop,Iris,B,S,0.2,0.2,7,0.4683482281079879,0.12710927171172828,0.01335660001495853,154.0,1.0,14.0,0.0
LocPop,Iris,B,P,0.2,0.2,7,0.45701198504922025,0.18676466258449853,0.00994459999492392,140.0,1.0,12.0,0.006356644548076647
LocPop,Iris,B,KM,0.2,0.2,7,0.45920832279129165,0.1940938117912259,0.005427800002507865,38.0,1.0,12.0,0.6174148814559688
LocPop,Iris,B,D,0.2,0.2,7,0.46469485053211923,0.16332436813301812,0.010031599958892912,115.0,1.0,13.0,0.0
LocPop,Iris,AF,S,0.2,0.2,7,0.4645705664090035,0.15694600509297393,0.013232500001322478,149.0,1.0,13.0,0.0
LocPop,Iris,AF,P,0.2,0.2,7,0.4666615638830982,0.17802739682701804,0.00658129999646917,134.0,1.0,12.0,0.009130980950108284
LocPop,Iris,AF,KM,0.2,0.2,7,0.45250256585187776,0.17690107590162085,0.004078999976627529,41.0,1.0,12.0,0.573596368640364
LocPop,Iris,AF,D,0.2,0.2,7,0.463485310752286,0.19362233347174726,0.00719909998588264,117.0,1.0,12.0,0.0
LocPop,Iris,AE,S,0.2,0.2,7,0.43901965070805704,0.13329885850234896,0.009434600011445582,146.0,1.0,15.0,0.0
LocPop,Iris,AE,P,0.2,0.2,7,0.454093809582037,0.18012681688612692,0.007602900033816695,141.0,1.0,13.0,0.006932084591962586
LocPop,Iris,AE,KM,0.2,0.2,7,0.45920832279129165,0.1940938117912259,0.003816800017375499,38.0,1.0,12.0,0.6174148814559688
LocPop,Iris,AE,D,0.2,0.2,7,0.46469485053211923,0.16332436813301812,0.005540900048799813,115.0,1.0,13.0,0.0
LocPop,Iris,B,S,0.25,0.35,7,0.5052992574175622,0.26418266279177116,0.009554999996908009,145.0,1.0,7.0,0.0
LocPop,Iris,B,P,0.25,0.35,7,0.5052992574175622,0.26418266279177116,0.006318200030364096,134.0,1.0,7.0,-0.005689488174864055
LocPop,Iris,B,KM,0.25,0.35,7,0.5052992574175622,0.26418266279177116,0.004477799986489117,57.0,1.0,7.0,0.5086536580322479
LocPop,Iris,B,D,0.25,0.35,7,0.5052992574175622,0.26418266279177116,0.0042144000180996954,68.0,1.0,7.0,0.0
LocPop,Iris,AF,S,0.25,0.35,7,0.5052992574175622,0.26418266279177116,0.010297300003003329,145.0,1.0,7.0,0.0
LocPop,Iris,AF,P,0.25,0.35,7,0.5040413049057199,0.3064589206024553,0.008419399964623153,133.0,1.0,6.0,-0.005546789443059653
LocPop,Iris,AF,KM,0.25,0.35,7,0.5040413049057199,0.3064589206024553,0.006444800004828721,56.0,1.0,6.0,0.5073931105272348
LocPop,Iris,AF,D,0.25,0.35,7,0.5040413049057199,0.3064589206024553,0.007042400015052408,67.0,1.0,6.0,0.0
LocPop,Iris,AE,S,0.25,0.35,7,0.5052992574175622,0.26418266279177116,0.012335700041148812,143.0,1.0,7.0,0.0
LocPop,Iris,AE,P,0.25,0.35,7,0.5052992574175622,0.26418266279177116,0.007796499994583428,140.0,1.0,7.0,-0.005689488174864055
LocPop,Iris,AE,KM,0.25,0.35,7,0.5052992574175622,0.26418266279177116,0.008034600003156811,57.0,1.0,7.0,0.5086536580322479
LocPop,Iris,AE,D,0.25,0.35,7,0.5052992574175622,0.26418266279177116,0.012906999967526644,68.0,1.0,7.0,0.0
LocPop,Iris,B,S,0.4,0.4,7,0.5509419495000053,0.42665697232393696,0.012371800024993718,152.0,1.0,4.0,0.0
LocPop,Iris,B,P,0.4,0.4,7,0.5509419495000053,0.42665697232393696,0.007932599983178079,118.0,1.0,4.0,-0.0023144943433332267
LocPop,Iris,B,KM,0.4,0.4,7,0.5509419495000053,0.42665697232393696,0.00684810004895553,47.0,1.0,4.0,0.5535553263935297
LocPop,Iris,B,D,0.4,0.4,7,0.5509419495000053,0.42665697232393696,0.006720899953506887,53.0,1.0,4.0,0.0
LocPop,Iris,AF,S,0.4,0.4,7,0.5509419495000053,0.42665697232393696,0.012504000042099506,152.0,1.0,4.0,0.0
LocPop,Iris,AF,P,0.4,0.4,7,0.5509419495000053,0.42665697232393696,0.00944529997650534,118.0,1.0,4.0,-0.0023144943433332267
LocPop,Iris,AF,KM,0.4,0.4,7,0.5509419495000053,0.42665697232393696,0.004536899970844388,47.0,1.0,4.0,0.5535553263935297
LocPop,Iris,AF,D,0.4,0.4,7,0.5509419495000053,0.42665697232393696,0.005447000032290816,53.0,1.0,4.0,0.0
LocPop,Iris,AE,S,0.4,0.4,7,0.5509419495000053,0.42665697232393696,0.013631500012706965,152.0,1.0,4.0,0.0
LocPop,Iris,AE,P,0.4,0.4,7,0.5509419495000053,0.42665697232393696,0.007958400005009025,118.0,1.0,4.0,-0.0023144943433332267
LocPop,Iris,AE,KM,0.4,0.4,7,0.5509419495000053,0.42665697232393696,0.004974299983587116,47.0,1.0,4.0,0.5535553263935297
LocPop,Iris,AE,D,0.4,0.4,7,0.5509419495000053,0.42665697232393696,0.005402299982961267,53.0,1.0,4.0,0.0
KMeans,Iris,-,-,,,8,0.6201351808870379,0.45994823920518646,0.06496719998540357,,,,
DBSCAN,Iris,-,-,,,8,0.0,,0.0025775000103749335,,,,
LocPop,Iris,B,S,0.2,0.2,8,0.4674501514576671,0.13106164512892376,0.013077000039629638,167.0,1.0,14.0,0.0
LocPop,Iris,B,P,0.2,0.2,8,0.4674501514576671,0.13106164512892376,0.010846399993170053,161.0,1.0,14.0,0.00040348563410477377
LocPop,Iris,B,KM,0.2,0.2,8,0.4486827769578772,0.19510331886437904,0.005715699982829392,39.0,1.0,12.0,0.6130606962679823
LocPop,Iris,B,D,0.2,0.2,8,0.46469485053211923,0.16332436813301804,0.0084569999598898,115.0,1.0,13.0,0.0
LocPop,Iris,AF,S,0.2,0.2,8,0.4645705664090035,0.15694600509297388,0.01340689999051392,169.0,1.0,13.0,0.0
LocPop,Iris,AF,P,0.2,0.2,8,0.4645705664090035,0.15694600509297388,0.008654899953398854,170.0,1.0,13.0,-0.003818453961083565
LocPop,Iris,AF,KM,0.2,0.2,8,0.45250256585187776,0.1769010759016208,0.004275200015399605,41.0,1.0,12.0,0.573596368640364
LocPop,Iris,AF,D,0.2,0.2,8,0.463485310752286,0.1936223334717472,0.0065750000067055225,117.0,1.0,12.0,0.0
LocPop,Iris,AE,S,0.2,0.2,8,0.4641822582735743,0.12572261460311937,0.009630899992771447,164.0,1.0,15.0,0.0
LocPop,Iris,AE,P,0.2,0.2,8,0.4645303028248281,0.14709461285217085,0.008378200000151992,164.0,1.0,14.0,-0.001115043901086565
LocPop,Iris,AE,KM,0.2,0.2,8,0.4512942016618554,0.19706952650148138,0.004256199987139553,40.0,1.0,12.0,0.6057471258114855
LocPop,Iris,AE,D,0.2,0.2,8,0.46469485053211923,0.16332436813301804,0.006196000031195581,115.0,1.0,13.0,0.0
LocPop,Iris,B,S,0.25,0.35,8,0.5052992574175622,0.26418266279177116,0.009585599997080863,147.0,1.0,7.0,0.0
LocPop,Iris,B,P,0.25,0.35,8,0.5052992574175622,0.26418266279177116,0.006944500026293099,121.0,1.0,7.0,-0.004553115871841609
LocPop,Iris,B,KM,0.25,0.35,8,0.5052992574175622,0.26418266279177116,0.004735000024084002,57.0,1.0,7.0,0.5086536580322479
LocPop,Iris,B,D,0.25,0.35,8,0.5052992574175622,0.26418266279177116,0.007020000019110739,68.0,1.0,7.0,0.0
LocPop,Iris,AF,S,0.25,0.35,8,0.5040413049057199,0.3064589206024552,0.012667600007262081,146.0,1.0,6.0,0.0
LocPop,Iris,AF,P,0.25,0.35,8,0.5052992574175622,0.26418266279177116,0.007169799995608628,121.0,1.0,7.0,-0.004553115871841609
LocPop,Iris,AF,KM,0.25,0.35,8,0.5040413049057199,0.3064589206024552,0.004285299975890666,56.0,1.0,6.0,0.5073931105272348
LocPop,Iris,AF,D,0.25,0.35,8,0.5040413049057199,0.3064589206024552,0.006448799977079034,67.0,1.0,6.0,0.0
LocPop,Iris,AE,S,0.25,0.35,8,0.5052992574175622,0.26418266279177116,0.01119799999287352,143.0,1.0,7.0,0.0
LocPop,Iris,AE,P,0.25,0.35,8,0.5052992574175622,0.26418266279177116,0.007192699995357543,121.0,1.0,7.0,-0.004553115871841609
LocPop,Iris,AE,KM,0.25,0.35,8,0.5052992574175622,0.26418266279177116,0.006142600032035261,57.0,1.0,7.0,0.5086536580322479
LocPop,Iris,AE,D,0.25,0.35,8,0.5052992574175622,0.26418266279177116,0.007283899991307408,68.0,1.0,7.0,0.0
LocPop,Iris,B,S,0.4,0.4,8,0.5509419495000053,0.426656972323937,0.011721499962732196,146.0,1.0,4.0,0.0
LocPop,Iris,B,P,0.4,0.4,8,0.5509419495000053,0.426656972323937,0.006627600057981908,116.0,1.0,4.0,-0.005840666706898164
LocPop,Iris,B,KM,0.4,0.4,8,0.5509419495000053,0.426656972323937,0.006411200040020049,47.0,1.0,4.0,0.5535553263935297
LocPop,Iris,B,D,0.4,0.4,8,0.5509419495000053,0.426656972323937,0.0049573999713175,53.0,1.0,4.0,0.0
LocPop,Iris,AF,S,0.4,0.4,8,0.5509419495000053,0.426656972323937,0.011967699974775314,146.0,1.0,4.0,0.0
LocPop,Iris,AF,P,0.4,0.4,8,0.5509419495000053,0.426656972323937,0.006798499962314963,116.0,1.0,4.0,-0.005840666706898164
LocPop,Iris,AF,KM,0.4,0.4,8,0.5509419495000053,0.426656972323937,0.005096400040201843,47.0,1.0,4.0,0.5535553263935297
LocPop,Iris,AF,D,0.4,0.4,8,0.5509419495000053,0.426656972323937,0.006242899980861694,53.0,1.0,4.0,0.0
LocPop,Iris,AE,S,0.4,0.4,8,0.5509419495000053,0.426656972323937,0.009610899956896901,146.0,1.0,4.0,0.0
LocPop,Iris,AE,P,0.4,0.4,8,0.5509419495000053,0.426656972323937,0.006289999990258366,116.0,1.0,4.0,-0.005840666706898164
LocPop,Iris,AE,KM,0.4,0.4,8,0.5509419495000053,0.426656972323937,0.004228799953125417,47.0,1.0,4.0,0.5535553263935297
LocPop,Iris,AE,D,0.4,0.4,8,0.5509419495000053,0.426656972323937,0.004222500021569431,53.0,1.0,4.0,0.0
KMeans,Iris,-,-,,,9,0.6201351808870379,0.45994823920518646,0.07021330000134185,,,,
DBSCAN,Iris,-,-,,,9,0.0,,0.0035727000213228166,,,,
LocPop,Iris,B,S,0.2,0.2,9,0.4683482281079879,0.12710927171172826,0.014669800002593547,167.0,1.0,14.0,0.0
LocPop,Iris,B,P,0.2,0.2,9,0.4589756227701685,0.1709731860480583,0.010035599989350885,132.0,1.0,13.0,0.010255529077680658
LocPop,Iris,B,KM,0.2,0.2,9,0.45920832279129165,0.1940938117912259,0.005595399998128414,38.0,1.0,12.0,0.6174148814559688
LocPop,Iris,B,D,0.2,0.2,9,0.46469485053211923,0.16332436813301807,0.009293099981732666,117.0,1.0,13.0,0.0
LocPop,Iris,AF,S,0.2,0.2,9,0.4666615638830982,0.17802739682701804,0.014375499973539263,163.0,1.0,12.0,0.0
LocPop,Iris,AF,P,0.2,0.2,9,0.4589756227701685,0.1709731860480583,0.008058499952312559,132.0,1.0,13.0,0.010255529077680658
LocPop,Iris,AF,KM,0.2,0.2,9,0.45250256585187776,0.1769010759016208,0.0048580999718979,41.0,1.0,12.0,0.573596368640364
LocPop,Iris,AF,D,0.2,0.2,9,0.463485310752286,0.19362233347174723,0.006397699995432049,117.0,1.0,12.0,0.0
LocPop,Iris,AE,S,0.2,0.2,9,0.43658314350797267,0.17481686197129723,0.012384400004521012,160.0,1.0,13.0,0.0
LocPop,Iris,AE,P,0.2,0.2,9,0.4589756227701685,0.1709731860480583,0.014057299995329231,132.0,1.0,13.0,0.010255529077680658
LocPop,Iris,AE,KM,0.2,0.2,9,0.45920832279129165,0.1940938117912259,0.005484999972395599,38.0,1.0,12.0,0.6174148814559688
LocPop,Iris,AE,D,0.2,0.2,9,0.46469485053211923,0.16332436813301807,0.010331999976187944,117.0,1.0,13.0,0.0
LocPop,Iris,B,S,0.25,0.35,9,0.5052992574175622,0.26418266279177116,0.012374599988106638,146.0,1.0,7.0,0.0
LocPop,Iris,B,P,0.25,0.35,9,0.5052992574175622,0.26418266279177116,0.00725260004401207,121.0,1.0,7.0,0.0011287456432706167
LocPop,Iris,B,KM,0.25,0.35,9,0.5052992574175622,0.26418266279177116,0.006414999952539802,57.0,1.0,7.0,0.5086536580322479
LocPop,Iris,B,D,0.25,0.35,9,0.5052992574175622,0.26418266279177116,0.006562900030985475,68.0,1.0,7.0,0.0
LocPop,Iris,AF,S,0.25,0.35,9,0.5052992574175622,0.26418266279177116,0.012544500001240522,146.0,1.0,7.0,0.0
LocPop,Iris,AF,P,0.25,0.35,9,0.5052992574175622,0.26418266279177116,0.008301800000481308,121.0,1.0,7.0,0.0011287456432706167
LocPop,Iris,AF,KM,0.25,0.35,9,0.5040413049057199,0.3064589206024553,0.004043099994305521,56.0,1.0,6.0,0.5073931105272348
LocPop,Iris,AF,D,0.25,0.35,9,0.5040413049057199,0.3064589206024553,0.006565399991814047,67.0,1.0,6.0,0.0
LocPop,Iris,AE,S,0.25,0.35,9,0.5052992574175622,0.26418266279177116,0.011129499995149672,145.0,1.0,7.0,0.0
LocPop,Iris,AE,P,0.25,0.35,9,0.5004415555076348,0.2715791131131191,0.006881800014525652,120.0,1.0,7.0,-0.001794461045562367
LocPop,Iris,AE,KM,0.25,0.35,9,0.5052992574175622,0.26418266279177116,0.007737300009466708,57.0,1.0,7.0,0.5086536580322479
LocPop,Iris,AE,D,0.25,0.35,9,0.5052992574175622,0.26418266279177116,0.007615899958182126,68.0,1.0,7.0,0.0
LocPop,Iris,B,S,0.4,0.4,9,0.5509419495000053,0.426656972323937,0.014381600019987673,152.0,1.0,4.0,0.0
LocPop,Iris,B,P,0.4,0.4,9,0.5509419495000053,0.426656972323937,0.007048800005577505,116.0,1.0,4.0,-0.0061932839432546575
LocPop,Iris,B,KM,0.4,0.4,9,0.5509419495000053,0.426656972323937,0.005226599983870983,47.0,1.0,4.0,0.5535553263935297
LocPop,Iris,B,D,0.4,0.4,9,0.5509419495000053,0.426656972323937,0.0064282999956049025,53.0,1.0,4.0,0.0
LocPop,Iris,AF,S,0.4,0.4,9,0.5509419495000053,0.426656972323937,0.011665400001220405,152.0,1.0,4.0,0.0
LocPop,Iris,AF,P,0.4,0.4,9,0.5509419495000053,0.426656972323937,0.007998000015504658,114.0,1.0,4.0,-0.0061932839432546575
LocPop,Iris,AF,KM,0.4,0.4,9,0.5509419495000053,0.426656972323937,0.004023200017400086,47.0,1.0,4.0,0.5535553263935297
LocPop,Iris,AF,D,0.4,0.4,9,0.5509419495000053,0.426656972323937,0.0060409000143408775,53.0,1.0,4.0,0.0
LocPop,Iris,AE,S,0.4,0.4,9,0.5509419495000053,0.426656972323937,0.009488499956205487,152.0,1.0,4.0,0.0
LocPop,Iris,AE,P,0.4,0.4,9,0.5509419495000053,0.426656972323937,0.006816999986767769,116.0,1.0,4.0,-0.0061932839432546575
LocPop,Iris,AE,KM,0.4,0.4,9,0.5509419495000053,0.426656972323937,0.0066918000229634345,47.0,1.0,4.0,0.5535553263935297
LocPop,Iris,AE,D,0.4,0.4,9,0.5509419495000053,0.426656972323937,0.007027399959042668,53.0,1.0,4.0,0.0
