Method,Dataset,Preference,Initialization,Beta Friend,Beta Enemy,Repetition,Adjusted Rand Index,Silhouette Score,Seconds,Moves,Converged,Final Coalitions,Initial Adjusted Rand Index
KMeans,Moons,-,-,,,0,0.4789688417784687,0.4879604640613249,3.6373467999510467,,,,
DBSCAN,Moons,-,-,,,0,0.9933554078979533,0.01750248885427213,0.008699700003489852,,,,
LocStab,Moons,B,S,0.2,0.2,0,0.2287764943366603,0.46156555457510573,0.500206800061278,375.0,1.0,10.0,0.0
LocStab,Moons,B,P,0.2,0.2,0,0.23608261650532836,0.46633722421439433,0.059488500002771616,288.0,1.0,10.0,-0.0017613865491372272
LocStab,Moons,B,KM,0.2,0.2,0,0.23563439840559888,0.4647770835817577,0.053222900023683906,241.0,1.0,10.0,0.1861204301954155
LocStab,Moons,B,D,0.2,0.2,0,0.23563439840559888,0.4647770835817577,0.05820029997266829,239.0,1.0,10.0,0.23814133686340075
LocStab,Moons,AF,S,0.2,0.2,0,0.25956869821389084,0.22096340289845148,0.09608290006872267,289.0,1.0,12.0,0.0
LocStab,Moons,AF,P,0.2,0.2,0,0.9669093673018765,-0.10190822693690438,0.047364600002765656,137.0,1.0,5.0,0.006032315935611546
LocStab,Moons,AF,KM,0.2,0.2,0,0.9866665195128234,0.38878406465918774,0.017142799915745854,45.0,1.0,2.0,0.4882889681228791
LocStab,Moons,AF,D,0.2,0.2,0,0.9933554078979533,0.01750248885427213,0.008573000086471438,0.0,1.0,3.0,1.0
LocStab,Moons,AE,S,0.2,0.2,0,0.12838210871240807,0.25245260951586346,0.08740910002961755,279.0,1.0,21.0,0.0
LocStab,Moons,AE,P,0.2,0.2,0,0.22841790248487456,0.3621100967629811,0.07916449999902397,280.0,1.0,12.0,0.0021026528834395823
LocStab,Moons,AE,KM,0.2,0.2,0,0.22106658045708028,0.37986445865692053,0.06590030004736036,235.0,1.0,12.0,0.17906453952090082
LocStab,Moons,AE,D,0.2,0.2,0,0.22097692796313642,0.37625074997998126,0.06121119996532798,238.0,1.0,12.0,0.22333300142352452
LocStab,Moons,B,S,0.25,0.35,0,0.2993108640043106,0.46929190992122843,0.10843079991172999,316.0,1.0,5.0,0.0
LocStab,Moons,B,P,0.25,0.35,0,0.34086636038368073,0.49358565966992796,0.14577329996973276,371.0,1.0,6.0,-0.002240628428122637
LocStab,Moons,B,KM,0.25,0.35,0,0.30264266427180664,0.47045469082195446,0.04503809998277575,147.0,1.0,5.0,0.33532736296515675
LocStab,Moons,B,D,0.25,0.35,0,0.30264266427180664,0.47045469082195446,0.05277359997853637,157.0,1.0,5.0,0.3065415089088243
LocStab,Moons,AF,S,0.25,0.35,0,0.321212999583136,0.46031809640917504,0.11467659997288138,300.0,1.0,5.0,0.0
LocStab,Moons,AF,P,0.25,0.35,0,0.6713308532842455,0.17482951858233975,0.04488800000399351,142.0,1.0,4.0,0.0002571328258092152
LocStab,Moons,AF,KM,0.25,0.35,0,0.6387921617943852,0.479988806401896,0.012930899974890053,16.0,1.0,2.0,0.7973669765601505
LocStab,Moons,AF,D,0.25,0.35,0,0.9342244691686101,0.40684644705690465,0.013652499997988343,5.0,1.0,2.0,0.940778426974007
LocStab,Moons,AE,S,0.25,0.35,0,0.2194210505465165,0.057973898927668376,0.1531225999351591,291.0,1.0,12.0,0.0
LocStab,Moons,AE,P,0.25,0.35,0,0.26680043058749603,0.3618491071665533,0.07718160003423691,319.0,1.0,7.0,-0.002060267302643163
LocStab,Moons,AE,KM,0.25,0.35,0,0.29630133260810443,0.4680116944677213,0.03753899992443621,145.0,1.0,5.0,0.342388782072532
LocStab,Moons,AE,D,0.25,0.35,0,0.32826481972302424,0.4898771428782269,0.04512659995816648,159.0,1.0,6.0,0.3320387588589363
LocStab,Moons,B,S,0.4,0.4,0,0.3064669498783942,0.3907772806593846,0.12656419991981238,344.0,1.0,4.0,0.0
LocStab,Moons,B,P,0.4,0.4,0,0.3064669498783942,0.3907772806593846,0.0662400999572128,263.0,1.0,4.0,-0.0022760485467415094
LocStab,Moons,B,KM,0.4,0.4,0,0.3064669498783942,0.3907772806593846,0.030317800003103912,86.0,1.0,4.0,0.5787134291187066
LocStab,Moons,B,D,0.4,0.4,0,0.3064669498783942,0.3907772806593846,0.03953619999811053,123.0,1.0,4.0,0.3102430193656576
LocStab,Moons,AF,S,0.4,0.4,0,0.40638111357079987,0.3325217749364494,0.13478089997079223,296.0,1.0,4.0,0.0
LocStab,Moons,AF,P,0.4,0.4,0,0.5362278031849589,0.48825324888487953,0.039541700039990246,146.0,1.0,2.0,-0.0017479451204888996
LocStab,Moons,AF,KM,0.4,0.4,0,0.5362278031849589,0.48825324888487953,0.012228699983097613,8.0,1.0,2.0,0.9213371373798076
LocStab,Moons,AF,D,0.4,0.4,0,0.5362278031849589,0.48825324888487953,0.020436299964785576,40.0,1.0,2.0,0.5409912814612331
LocStab,Moons,AE,S,0.4,0.4,0,0.20381697200280346,0.048795445400910124,0.09502560005057603,291.0,1.0,10.0,0.0
LocStab,Moons,AE,P,0.4,0.4,0,0.26576008699340975,0.3178398437953845,0.05872959992848337,252.0,1.0,5.0,0.0031487312465271347
LocStab,Moons,AE,KM,0.4,0.4,0,0.3064669498783942,0.3907772806593846,0.025976500008255243,86.0,1.0,4.0,0.5787134291187066
LocStab,Moons,AE,D,0.4,0.4,0,0.3064669498783942,0.3907772806593846,0.031986999907530844,123.0,1.0,4.0,0.3102430193656576
KMeans,Moons,-,-,,,1,0.4789688417784687,0.487960464061325,0.18553300003986806,,,,
DBSCAN,Moons,-,-,,,1,0.9933554078979533,0.01750248885427209,0.003564000013284385,,,,
LocStab,Moons,B,S,0.2,0.2,1,0.2322727199323906,0.48051199937923306,0.08455290005076677,356.0,1.0,10.0,0.0
LocStab,Moons,B,P,0.2,0.2,1,0.2320037823973186,0.3119089867930222,0.058654700056649745,282.0,1.0,12.0,-0.001640892954387841
LocStab,Moons,B,KM,0.2,0.2,1,0.23608261650532836,0.46633722421439433,0.056510700029321015,241.0,1.0,10.0,0.18817784654632974
LocStab,Moons,B,D,0.2,0.2,1,0.23608261650532836,0.46633722421439433,0.0598336000693962,239.0,1.0,10.0,0.23859412265604218
LocStab,Moons,AF,S,0.2,0.2,1,0.2666927408980898,0.2539687759409275,0.08573430008254945,288.0,1.0,12.0,0.0
LocStab,Moons,AF,P,0.2,0.2,1,0.2965058449200868,0.15650830342352828,0.03838209994137287,155.0,1.0,4.0,0.0011051930500807566
LocStab,Moons,AF,KM,0.2,0.2,1,0.9866665195128234,0.38878406465918774,0.009499199921265244,45.0,1.0,2.0,0.4882889681228791
LocStab,Moons,AF,D,0.2,0.2,1,0.9933554078979533,0.01750248885427209,0.006284100003540516,0.0,1.0,3.0,1.0
LocStab,Moons,AE,S,0.2,0.2,1,0.14049218782368134,0.16914618967895384,0.09074350004084408,280.0,1.0,21.0,0.0
LocStab,Moons,AE,P,0.2,0.2,1,0.2277007162075719,0.32824034913720557,0.06276989995967597,283.0,1.0,12.0,-0.001208183469239021
LocStab,Moons,AE,KM,0.2,0.2,1,0.22097692796313642,0.37324819404875903,0.06837579992134124,237.0,1.0,12.0,0.17906430713661206
LocStab,Moons,AE,D,0.2,0.2,1,0.22097692796313642,0.37625074997998126,0.06767160003073514,238.0,1.0,12.0,0.22333300142352452
LocStab,Moons,B,S,0.25,0.35,1,0.3351321120410065,0.49466597844514837,0.10100419993977994,328.0,1.0,6.0,0.0
LocStab,Moons,B,P,0.25,0.35,1,0.3351321120410065,0.49466597844514837,0.0890713999979198,376.0,1.0,6.0,0.0016703443336527752
LocStab,Moons,B,KM,0.25,0.35,1,0.2993108640043106,0.4692919099212285,0.03223210002761334,148.0,1.0,5.0,0.32690123637959145
LocStab,Moons,B,D,0.25,0.35,1,0.2993108640043106,0.4692919099212285,0.0456836000084877,158.0,1.0,5.0,0.30323472686274633
LocStab,Moons,AF,S,0.25,0.35,1,0.3693096408665612,0.4766687404588557,0.09779630007687956,316.0,1.0,6.0,0.0
LocStab,Moons,AF,P,0.25,0.35,1,0.8093989933655673,0.09075782232244749,0.03540849999990314,134.0,1.0,4.0,0.00953477834563661
LocStab,Moons,AF,KM,0.25,0.35,1,0.6387921617943852,0.4799888064018961,0.01104519993532449,16.0,1.0,2.0,0.7973669765601505
LocStab,Moons,AF,D,0.25,0.35,1,0.9342244691686101,0.40684644705690465,0.012825199984945357,5.0,1.0,2.0,0.940778426974007
LocStab,Moons,AE,S,0.25,0.35,1,0.23312152264496652,0.2566649412720718,0.09780680004041642,292.0,1.0,10.0,0.0
LocStab,Moons,AE,P,0.25,0.35,1,0.2597963379332632,0.2594449278227552,0.03901049995329231,312.0,1.0,8.0,0.002275899530380852
LocStab,Moons,AE,KM,0.25,0.35,1,0.2919392686755039,0.4653644385865397,0.029600400011986494,143.0,1.0,5.0,0.3381146180288197
LocStab,Moons,AE,D,0.25,0.35,1,0.32826481972302424,0.4898771428782269,0.03613210003823042,158.0,1.0,6.0,0.3320387588589363
LocStab,Moons,B,S,0.4,0.4,1,0.3064669498783942,0.3907772806593846,0.09927690005861223,344.0,1.0,4.0,0.0
LocStab,Moons,B,P,0.4,0.4,1,0.3064669498783942,0.3907772806593846,0.05251389998011291,257.0,1.0,4.0,0.0019214987271900434
LocStab,Moons,B,KM,0.4,0.4,1,0.3064669498783942,0.3907772806593846,0.01788459997624159,88.0,1.0,4.0,0.5787134291187066
LocStab,Moons,B,D,0.4,0.4,1,0.3064669498783942,0.3907772806593846,0.03308100008871406,123.0,1.0,4.0,0.3102430193656576
LocStab,Moons,AF,S,0.4,0.4,1,0.40638111357079987,0.3325217749364494,0.08250130002852529,296.0,1.0,4.0,0.0
LocStab,Moons,AF,P,0.4,0.4,1,0.5362278031849589,0.48825324888487953,0.037942899973131716,162.0,1.0,2.0,-0.003174936495304411
LocStab,Moons,AF,KM,0.4,0.4,1,0.5362278031849589,0.48825324888487953,0.012882299954071641,6.0,1.0,2.0,0.9213371373798076
LocStab,Moons,AF,D,0.4,0.4,1,0.5362278031849589,0.48825324888487953,0.027112300042062998,40.0,1.0,2.0,0.5409912814612331
LocStab,Moons,AE,S,0.4,0.4,1,0.18128967740874663,0.046516240046503926,0.0846851000096649,290.0,1.0,10.0,0.0
LocStab,Moons,AE,P,0.4,0.4,1,0.2830415244218031,0.3332704874196821,0.05727119999937713,242.0,1.0,5.0,0.015873667889767108
LocStab,Moons,AE,KM,0.4,0.4,1,0.3064669498783942,0.3907772806593846,0.025406400091014802,88.0,1.0,4.0,0.5787134291187066
LocStab,Moons,AE,D,0.4,0.4,1,0.3064669498783942,0.3907772806593846,0.038986400002613664,123.0,1.0,4.0,0.3102430193656576
KMeans,Moons,-,-,,,2,0.4789688417784687,0.487960464061325,0.13750800001434982,,,,
DBSCAN,Moons,-,-,,,2,0.9933554078979533,0.017502488854272108,0.0037791000213474035,,,,
LocStab,Moons,B,S,0.2,0.2,2,0.22554913678559285,0.44454522916997236,0.08994700002949685,355.0,1.0,11.0,0.0
LocStab,Moons,B,P,0.2,0.2,2,0.22519053721251198,0.48209073322549284,0.07200450007803738,315.0,1.0,10.0,0.0024495825900500475
LocStab,Moons,B,KM,0.2,0.2,2,0.23608261650532836,0.46633722421439433,0.05024310003500432,231.0,1.0,10.0,0.18817784654632974
LocStab,Moons,B,D,0.2,0.2,2,0.23608261650532836,0.46633722421439433,0.05519139999523759,231.0,1.0,10.0,0.23859412265604218
LocStab,Moons,AF,S,0.2,0.2,2,0.27708890107504636,0.19413392339224902,0.08475489995907992,288.0,1.0,12.0,0.0
LocStab,Moons,AF,P,0.2,0.2,2,0.08107220477857237,-0.1600577918536832,0.0358897999394685,133.0,1.0,5.0,0.011949712174805855
LocStab,Moons,AF,KM,0.2,0.2,2,0.9866665195128234,0.3887840646591878,0.016179600032046437,45.0,1.0,2.0,0.4882889681228791
LocStab,Moons,AF,D,0.2,0.2,2,0.9933554078979533,0.017502488854272108,0.008350200019776821,0.0,1.0,3.0,1.0
LocStab,Moons,AE,S,0.2,0.2,2,0.13416815742397137,0.33261015146945205,0.08510530006606132,281.0,1.0,19.0,0.0
LocStab,Moons,AE,P,0.2,0.2,2,0.19726268058590235,0.41862101377120037,0.07529470010194927,312.0,1.0,12.0,0.002491680565414989
LocStab,Moons,AE,KM,0.2,0.2,2,0.23088320414031704,0.3586047366397426,0.05301589996088296,230.0,1.0,12.0,0.18297907058776564
LocStab,Moons,AE,D,0.2,0.2,2,0.23088320414031704,0.3586047366397426,0.048052199999801815,230.0,1.0,12.0,0.23334155754479907
LocStab,Moons,B,S,0.25,0.35,2,0.34086636038368073,0.49358565966992796,0.10281369998119771,381.0,1.0,6.0,0.0
LocStab,Moons,B,P,0.25,0.35,2,0.30264266427180664,0.47045469082195446,0.06625659996643662,298.0,1.0,5.0,0.0013242460150834341
LocStab,Moons,B,KM,0.25,0.35,2,0.34086636038368073,0.49358565966992796,0.04133949999231845,169.0,1.0,6.0,0.30921618136993256
LocStab,Moons,B,D,0.25,0.35,2,0.2993108640043106,0.4692919099212285,0.04960739996749908,158.0,1.0,5.0,0.30323472686274633
LocStab,Moons,AF,S,0.25,0.35,2,0.47538844856585477,0.3119571311570073,0.08633129997178912,298.0,1.0,5.0,0.0
LocStab,Moons,AF,P,0.25,0.35,2,0.7736791418503088,0.14323571561746207,0.032465800060890615,131.0,1.0,4.0,0.014489725270931016
LocStab,Moons,AF,KM,0.25,0.35,2,0.6387921617943852,0.479988806401896,0.010622899979352951,16.0,1.0,2.0,0.7973669765601505
LocStab,Moons,AF,D,0.25,0.35,2,0.9342244691686101,0.4068464470569047,0.00946750002913177,5.0,1.0,2.0,0.940778426974007
LocStab,Moons,AE,S,0.25,0.35,2,0.21835639850785005,0.18511377346803806,0.09023650002200156,290.0,1.0,11.0,0.0
LocStab,Moons,AE,P,0.25,0.35,2,0.29277104670049503,0.33838884315296613,0.06257099995855242,293.0,1.0,7.0,-0.00022061319407399481
LocStab,Moons,AE,KM,0.25,0.35,2,0.32826481972302424,0.48987714287822703,0.03644489997532219,169.0,1.0,6.0,0.31252284435422295
LocStab,Moons,AE,D,0.25,0.35,2,0.32826481972302424,0.48987714287822703,0.03700280003249645,159.0,1.0,6.0,0.3320387588589363
LocStab,Moons,B,S,0.4,0.4,2,0.3064669498783942,0.3907772806593846,0.10764220007695258,394.0,1.0,4.0,0.0
LocStab,Moons,B,P,0.4,0.4,2,0.3064669498783942,0.3907772806593846,0.059318700106814504,259.0,1.0,4.0,0.004511474704722278
LocStab,Moons,B,KM,0.4,0.4,2,0.3064669498783942,0.3907772806593846,0.03298799996264279,86.0,1.0,4.0,0.5787134291187066
LocStab,Moons,B,D,0.4,0.4,2,0.3064669498783942,0.3907772806593846,0.03132529999129474,123.0,1.0,4.0,0.3102430193656576
LocStab,Moons,AF,S,0.4,0.4,2,0.5561406337368657,0.13352674339302864,0.08731680002529174,307.0,1.0,3.0,0.0
LocStab,Moons,AF,P,0.4,0.4,2,0.5362278031849589,0.48825324888487953,0.03306349995546043,140.0,1.0,2.0,0.0053870117535886565
LocStab,Moons,AF,KM,0.4,0.4,2,0.5362278031849589,0.48825324888487953,0.010091700009070337,8.0,1.0,2.0,0.9213371373798076
LocStab,Moons,AF,D,0.4,0.4,2,0.5362278031849589,0.48825324888487953,0.01502799999434501,40.0,1.0,2.0,0.5409912814612331
LocStab,Moons,AE,S,0.4,0.4,2,0.19791286915545742,0.09314958842516025,0.09577040001749992,312.0,1.0,9.0,0.0
LocStab,Moons,AE,P,0.4,0.4,2,0.27736429965731657,0.3989436181941028,0.05565810005646199,242.0,1.0,4.0,0.0077101152021455685
LocStab,Moons,AE,KM,0.4,0.4,2,0.3064669498783942,0.3907772806593846,0.02334300009533763,86.0,1.0,4.0,0.5787134291187066
LocStab,Moons,AE,D,0.4,0.4,2,0.3064669498783942,0.3907772806593846,0.03646059997845441,123.0,1.0,4.0,0.3102430193656576
KMeans,Moons,-,-,,,3,0.4789688417784687,0.4879604640613249,0.15299520001281053,,,,
DBSCAN,Moons,-,-,,,3,0.9933554078979533,0.017502488854272115,0.0037755999946966767,,,,
LocStab,Moons,B,S,0.2,0.2,3,0.2153735406808962,0.4944517307065099,0.08715319994371384,366.0,1.0,10.0,0.0
LocStab,Moons,B,P,0.2,0.2,3,0.23267612533020765,0.355917565042309,0.05954240006394684,278.0,1.0,12.0,0.0034133607024214255
LocStab,Moons,B,KM,0.2,0.2,3,0.23608261650532836,0.46633722421439433,0.06168519996572286,239.0,1.0,10.0,0.18817784654632974
LocStab,Moons,B,D,0.2,0.2,3,0.23608261650532836,0.46633722421439433,0.05849630001466721,239.0,1.0,10.0,0.23859412265604218
LocStab,Moons,AF,S,0.2,0.2,3,0.26279399489482635,0.4181326964454207,0.0627923000138253,291.0,1.0,10.0,0.0
LocStab,Moons,AF,P,0.2,0.2,3,0.3459469488947363,-0.2902994390349852,0.03681780002079904,176.0,1.0,5.0,-0.0008358497821033286
LocStab,Moons,AF,KM,0.2,0.2,3,0.9866665195128234,0.38878406465918774,0.01004990004003048,45.0,1.0,2.0,0.4882889681228791
LocStab,Moons,AF,D,0.2,0.2,3,0.9933554078979533,0.017502488854272115,0.007312599918805063,0.0,1.0,3.0,1.0
LocStab,Moons,AE,S,0.2,0.2,3,0.14174799190344803,0.33212282270681576,0.06291530001908541,283.0,1.0,17.0,0.0
LocStab,Moons,AE,P,0.2,0.2,3,0.2234423520077588,0.30800051086474517,0.05792460008524358,279.0,1.0,13.0,0.0038297567554190716
LocStab,Moons,AE,KM,0.2,0.2,3,0.22097692796313642,0.37625074997998126,0.051378700067289174,238.0,1.0,12.0,0.17906430713661206
LocStab,Moons,AE,D,0.2,0.2,3,0.22097692796313642,0.37625074997998126,0.05556630005594343,238.0,1.0,12.0,0.22333300142352452
LocStab,Moons,B,S,0.25,0.35,3,0.2993108640043106,0.4692919099212285,0.09289169998373836,330.0,1.0,5.0,0.0
LocStab,Moons,B,P,0.25,0.35,3,0.3351321120410065,0.49466597844514837,0.06123310001567006,312.0,1.0,6.0,0.0014915923809819878
LocStab,Moons,B,KM,0.25,0.35,3,0.2993108640043106,0.4692919099212285,0.034816899918951094,148.0,1.0,5.0,0.32690123637959145
LocStab,Moons,B,D,0.25,0.35,3,0.2993108640043106,0.4692919099212285,0.041193799930624664,158.0,1.0,5.0,0.30323472686274633
LocStab,Moons,AF,S,0.25,0.35,3,0.3362255294437018,0.4380353984317953,0.09635150001849979,319.0,1.0,5.0,0.0
LocStab,Moons,AF,P,0.25,0.35,3,0.6715392810909955,0.14456253095470434,0.04205419996287674,170.0,1.0,4.0,0.00025744252774554776
LocStab,Moons,AF,KM,0.25,0.35,3,0.6387921617943852,0.4799888064018961,0.013714800006709993,16.0,1.0,2.0,0.7973669765601505
LocStab,Moons,AF,D,0.25,0.35,3,0.9342244691686101,0.4068464470569047,0.012159400037489831,5.0,1.0,2.0,0.940778426974007
LocStab,Moons,AE,S,0.25,0.35,3,0.22675488942304672,0.27239758322506635,0.09788439993280917,306.0,1.0,10.0,0.0
LocStab,Moons,AE,P,0.25,0.35,3,0.32201735353054356,0.48618461721995726,0.06791420001536608,292.0,1.0,6.0,0.004454589980879221
LocStab,Moons,AE,KM,0.25,0.35,3,0.2919392686755039,0.4653644385865397,0.03729899995960295,143.0,1.0,5.0,0.3381146180288197
LocStab,Moons,AE,D,0.25,0.35,3,0.32826481972302424,0.4898771428782269,0.039222100051119924,158.0,1.0,6.0,0.3320387588589363
LocStab,Moons,B,S,0.4,0.4,3,0.29403922078174227,0.38809028365425574,0.10993899998720735,379.0,1.0,4.0,0.0
LocStab,Moons,B,P,0.4,0.4,3,0.29403922078174227,0.38809028365425574,0.05918380001094192,253.0,1.0,4.0,0.0046707693088907255
LocStab,Moons,B,KM,0.4,0.4,3,0.3064669498783942,0.3907772806593846,0.02441390010062605,86.0,1.0,4.0,0.5787134291187066
LocStab,Moons,B,D,0.4,0.4,3,0.3064669498783942,0.3907772806593846,0.034661300014704466,123.0,1.0,4.0,0.3102430193656576
LocStab,Moons,AF,S,0.4,0.4,3,0.4829168445252842,0.4046526647081714,0.10053739999420941,325.0,1.0,3.0,0.0
LocStab,Moons,AF,P,0.4,0.4,3,0.5362278031849589,0.48825324888487953,0.03986150003038347,168.0,1.0,2.0,-0.003174936495304411
LocStab,Moons,AF,KM,0.4,0.4,3,0.5362278031849589,0.48825324888487953,0.009960199939087033,8.0,1.0,2.0,0.9213371373798076
LocStab,Moons,AF,D,0.4,0.4,3,0.5362278031849589,0.48825324888487953,0.01706779992673546,40.0,1.0,2.0,0.5409912814612331
LocStab,Moons,AE,S,0.4,0.4,3,0.19154475365245802,0.18008265754568534,0.0817721999483183,298.0,1.0,8.0,0.0
LocStab,Moons,AE,P,0.4,0.4,3,0.2704184269660236,0.30657866711364146,0.06033949996344745,234.0,1.0,5.0,0.025140390781976208
LocStab,Moons,AE,KM,0.4,0.4,3,0.3064669498783942,0.3907772806593846,0.022716399980708957,86.0,1.0,4.0,0.5787134291187066
LocStab,Moons,AE,D,0.4,0.4,3,0.3064669498783942,0.3907772806593846,0.02984829992055893,123.0,1.0,4.0,0.3102430193656576
KMeans,Moons,-,-,,,4,0.4789688417784687,0.4879604640613249,0.14076290000230074,,,,
DBSCAN,Moons,-,-,,,4,0.9933554078979533,0.017502488854272115,0.0035436999751254916,,,,
LocStab,Moons,B,S,0.2,0.2,4,0.2461671693975214,0.359054496019068,0.08565709996037185,370.0,1.0,11.0,0.0
LocStab,Moons,B,P,0.2,0.2,4,0.2205734910767997,0.45669829936807343,0.07318810001015663,318.0,1.0,11.0,0.00015401714853847446
LocStab,Moons,B,KM,0.2,0.2,4,0.23608261650532836,0.46633722421439433,0.05141880002338439,231.0,1.0,10.0,0.18817784654632974
LocStab,Moons,B,D,0.2,0.2,4,0.23608261650532836,0.46633722421439433,0.057343199965544045,231.0,1.0,10.0,0.23859412265604218
LocStab,Moons,AF,S,0.2,0.2,4,0.28040476598401354,0.38229145109173746,0.0897096999688074,294.0,1.0,9.0,0.0
LocStab,Moons,AF,P,0.2,0.2,4,0.9734656404616282,0.0995266139036314,0.03859100001864135,141.0,1.0,4.0,0.0011040011764876087
LocStab,Moons,AF,KM,0.2,0.2,4,0.9866665195128234,0.38878406465918774,0.03344729996751994,45.0,1.0,2.0,0.4882889681228791
LocStab,Moons,AF,D,0.2,0.2,4,0.9933554078979533,0.017502488854272115,0.010644199908711016,0.0,1.0,3.0,1.0
LocStab,Moons,AE,S,0.2,0.2,4,0.1420619412798677,0.37551351465011135,0.0807871000142768,295.0,1.0,17.0,0.0
LocStab,Moons,AE,P,0.2,0.2,4,0.233258820099135,0.35782376514326786,0.0756718999473378,302.0,1.0,12.0,0.00015161823306443774
LocStab,Moons,AE,KM,0.2,0.2,4,0.23088320414031704,0.3586047366397426,0.049327599932439625,230.0,1.0,12.0,0.18297907058776564
LocStab,Moons,AE,D,0.2,0.2,4,0.23088320414031704,0.3586047366397426,0.03838400007225573,230.0,1.0,12.0,0.23334155754479907
LocStab,Moons,B,S,0.25,0.35,4,0.2993108640043106,0.4692919099212285,0.0782609999878332,337.0,1.0,5.0,0.0
LocStab,Moons,B,P,0.25,0.35,4,0.3351321120410065,0.49466597844514837,0.06621509999968112,331.0,1.0,6.0,-0.0012790628854152156
LocStab,Moons,B,KM,0.25,0.35,4,0.30264266427180664,0.47045469082195446,0.03639710007701069,147.0,1.0,5.0,0.33532736296515675
LocStab,Moons,B,D,0.25,0.35,4,0.30264266427180664,0.47045469082195446,0.036445199977606535,157.0,1.0,5.0,0.3065415089088243
LocStab,Moons,AF,S,0.25,0.35,4,0.33995723041701986,0.27290646161945326,0.0961470000911504,299.0,1.0,6.0,0.0
LocStab,Moons,AF,P,0.25,0.35,4,0.7561137813832376,0.280404738425734,0.030023899977095425,135.0,1.0,3.0,0.007375509199028232
LocStab,Moons,AF,KM,0.25,0.35,4,0.6387921617943852,0.479988806401896,0.012752000009641051,16.0,1.0,2.0,0.7973669765601505
LocStab,Moons,AF,D,0.25,0.35,4,0.9342244691686101,0.4068464470569047,0.00931200000923127,5.0,1.0,2.0,0.940778426974007
LocStab,Moons,AE,S,0.25,0.35,4,0.23135649233502617,0.353363775508548,0.09253050002735108,329.0,1.0,9.0,0.0
LocStab,Moons,AE,P,0.25,0.35,4,0.3200019609648425,0.35137444089157116,0.07151129993144423,309.0,1.0,7.0,-0.001316775934656825
LocStab,Moons,AE,KM,0.25,0.35,4,0.29630133260810443,0.4680116944677213,0.045727399992756546,145.0,1.0,5.0,0.342388782072532
LocStab,Moons,AE,D,0.25,0.35,4,0.32826481972302424,0.48987714287822703,0.03600580000784248,158.0,1.0,6.0,0.3320387588589363
LocStab,Moons,B,S,0.4,0.4,4,0.29403922078174227,0.38809028365425574,0.08176819991786033,345.0,1.0,4.0,0.0
LocStab,Moons,B,P,0.4,0.4,4,0.3064669498783942,0.3907772806593846,0.048903499962762,254.0,1.0,4.0,0.005493879385855194
LocStab,Moons,B,KM,0.4,0.4,4,0.3064669498783942,0.3907772806593846,0.021372499992139637,86.0,1.0,4.0,0.5787134291187066
LocStab,Moons,B,D,0.4,0.4,4,0.3064669498783942,0.3907772806593846,0.02765860001090914,123.0,1.0,4.0,0.3102430193656576
LocStab,Moons,AF,S,0.4,0.4,4,0.40638111357079987,0.3325217749364494,0.07752020005136728,296.0,1.0,4.0,0.0
LocStab,Moons,AF,P,0.4,0.4,4,0.5362278031849589,0.48825324888487953,0.030340999946929514,150.0,1.0,2.0,-0.003174936495304411
LocStab,Moons,AF,KM,0.4,0.4,4,0.5362278031849589,0.48825324888487953,0.009131500031799078,8.0,1.0,2.0,0.9213371373798076
LocStab,Moons,AF,D,0.4,0.4,4,0.5362278031849589,0.48825324888487953,0.014918899978511035,40.0,1.0,2.0,0.5409912814612331
LocStab,Moons,AE,S,0.4,0.4,4,0.17373484120525312,0.25248876200628,0.08327780000399798,292.0,1.0,8.0,0.0
LocStab,Moons,AE,P,0.4,0.4,4,0.2785375162821556,0.24663305451705203,0.05028530000708997,242.0,1.0,5.0,0.009959653262711731
LocStab,Moons,AE,KM,0.4,0.4,4,0.3064669498783942,0.3907772806593846,0.02363190008327365,86.0,1.0,4.0,0.5787134291187066
LocStab,Moons,AE,D,0.4,0.4,4,0.3064669498783942,0.3907772806593846,0.03100690001156181,123.0,1.0,4.0,0.3102430193656576
KMeans,Moons,-,-,,,5,0.4789688417784687,0.4879604640613249,0.16917240002658218,,,,
DBSCAN,Moons,-,-,,,5,0.9933554078979533,0.01750248885427212,0.005541199934668839,,,,
LocStab,Moons,B,S,0.2,0.2,5,0.22689387754369658,0.47971577572099494,0.11193319992162287,368.0,1.0,10.0,0.0
LocStab,Moons,B,P,0.2,0.2,5,0.23576886397625804,0.46218151738056795,0.07009470008779317,297.0,1.0,10.0,0.0006070659485943731
LocStab,Moons,B,KM,0.2,0.2,5,0.23608261650532836,0.46633722421439433,0.05581630009692162,241.0,1.0,10.0,0.18817784654632974
LocStab,Moons,B,D,0.2,0.2,5,0.23608261650532836,0.46633722421439433,0.0609469999326393,239.0,1.0,10.0,0.23859412265604218
LocStab,Moons,AF,S,0.2,0.2,5,0.264989852820294,0.25859371977598683,0.07901800004765391,288.0,1.0,12.0,0.0
LocStab,Moons,AF,P,0.2,0.2,5,0.3459469488947363,-0.18174598732755623,0.03970700001809746,146.0,1.0,5.0,-0.0019953601686256836
LocStab,Moons,AF,KM,0.2,0.2,5,0.4605959731543624,0.4866638448090901,0.00966139999218285,2.0,1.0,2.0,0.9734222380777103
LocStab,Moons,AF,D,0.2,0.2,5,0.9933554078979533,0.01750248885427212,0.009225600049830973,0.0,1.0,3.0,1.0
LocStab,Moons,AE,S,0.2,0.2,5,0.13547041804716678,0.3016532950412063,0.07118159998208284,281.0,1.0,19.0,0.0
LocStab,Moons,AE,P,0.2,0.2,5,0.2205734910767997,0.316847393950037,0.054442099994048476,269.0,1.0,12.0,0.009095983636500389
LocStab,Moons,AE,KM,0.2,0.2,5,0.22097692796313642,0.37324819404875903,0.05510680004954338,237.0,1.0,12.0,0.17906430713661206
LocStab,Moons,AE,D,0.2,0.2,5,0.22097692796313642,0.37625074997998115,0.05898300011176616,238.0,1.0,12.0,0.22333300142352452
LocStab,Moons,B,S,0.25,0.35,5,0.2993108640043106,0.46929190992122843,0.11403259995859116,363.0,1.0,5.0,0.0
LocStab,Moons,B,P,0.25,0.35,5,0.2993108640043106,0.46929190992122843,0.06631610007025301,319.0,1.0,5.0,-0.0018206016981025786
LocStab,Moons,B,KM,0.25,0.35,5,0.30264266427180664,0.47045469082195446,0.036581299966201186,147.0,1.0,5.0,0.33532736296515675
LocStab,Moons,B,D,0.25,0.35,5,0.30264266427180664,0.47045469082195446,0.045428200042806566,157.0,1.0,5.0,0.3065415089088243
LocStab,Moons,AF,S,0.25,0.35,5,0.4398924651665871,0.38161681787282503,0.11438150005415082,324.0,1.0,5.0,0.0
LocStab,Moons,AF,P,0.25,0.35,5,0.7387616510404689,0.15111015987276333,0.03631269990000874,140.0,1.0,4.0,0.0020498851115758553
LocStab,Moons,AF,KM,0.25,0.35,5,0.6387921617943852,0.4799888064018961,0.01592160004656762,16.0,1.0,2.0,0.7973669765601505
LocStab,Moons,AF,D,0.25,0.35,5,0.9342244691686101,0.40684644705690465,0.009908800013363361,5.0,1.0,2.0,0.940778426974007
LocStab,Moons,AE,S,0.25,0.35,5,0.21835709965109246,0.32399876169834374,0.09421419992577285,321.0,1.0,9.0,0.0
LocStab,Moons,AE,P,0.25,0.35,5,0.26636348691584594,0.237586984818273,0.06916130008175969,293.0,1.0,7.0,0.004063186525787217
LocStab,Moons,AE,KM,0.25,0.35,5,0.29630133260810443,0.4680116944677213,0.043461899971589446,145.0,1.0,5.0,0.342388782072532
LocStab,Moons,AE,D,0.25,0.35,5,0.32826481972302424,0.48987714287822703,0.04076180001720786,159.0,1.0,6.0,0.3320387588589363
LocStab,Moons,B,S,0.4,0.4,5,0.29403922078174227,0.38809028365425574,0.12360299995634705,379.0,1.0,4.0,0.0
LocStab,Moons,B,P,0.4,0.4,5,0.3064669498783942,0.3907772806593846,0.06905819999519736,268.0,1.0,4.0,0.0014749511448568994
LocStab,Moons,B,KM,0.4,0.4,5,0.3064669498783942,0.3907772806593846,0.02387030003592372,86.0,1.0,4.0,0.5787134291187066
LocStab,Moons,B,D,0.4,0.4,5,0.3064669498783942,0.3907772806593846,0.031167199951596558,123.0,1.0,4.0,0.3102430193656576
LocStab,Moons,AF,S,0.4,0.4,5,0.4829168445252842,0.4046526647081714,0.09789959993213415,325.0,1.0,3.0,0.0
LocStab,Moons,AF,P,0.4,0.4,5,0.5362278031849589,0.48825324888487953,0.036129600019194186,138.0,1.0,2.0,0.0030681507695134507
LocStab,Moons,AF,KM,0.4,0.4,5,0.5362278031849589,0.48825324888487953,0.010145900072529912,8.0,1.0,2.0,0.9213371373798076
LocStab,Moons,AF,D,0.4,0.4,5,0.5362278031849589,0.48825324888487953,0.017672999994829297,40.0,1.0,2.0,0.5409912814612331
LocStab,Moons,AE,S,0.4,0.4,5,0.16306615979948533,-0.030654354439278133,0.09756230004131794,291.0,1.0,11.0,0.0
LocStab,Moons,AE,P,0.4,0.4,5,0.2522152253322278,0.22129696061050358,0.05917509994469583,259.0,1.0,6.0,0.009118167761020101
LocStab,Moons,AE,KM,0.4,0.4,5,0.3064669498783942,0.3907772806593846,0.026576000032946467,86.0,1.0,4.0,0.5787134291187066
LocStab,Moons,AE,D,0.4,0.4,5,0.3064669498783942,0.3907772806593846,0.03616410004906356,123.0,1.0,4.0,0.3102430193656576
KMeans,Moons,-,-,,,6,0.4789688417784687,0.487960464061325,0.11707230005413294,,,,
DBSCAN,Moons,-,-,,,6,0.9933554078979533,0.01750248885427209,0.0033574000699445605,,,,
LocStab,Moons,B,S,0.2,0.2,6,0.22626633335795568,0.48218088728278785,0.08772279997356236,382.0,1.0,10.0,0.0
LocStab,Moons,B,P,0.2,0.2,6,0.23805476022049782,0.4266408212465906,0.06898630002979189,315.0,1.0,11.0,0.0011958808945691487
LocStab,Moons,B,KM,0.2,0.2,6,0.23608261650532836,0.46633722421439444,0.05884970002807677,241.0,1.0,10.0,0.18817784654632974
LocStab,Moons,B,D,0.2,0.2,6,0.23608261650532836,0.46633722421439444,0.060897900024428964,239.0,1.0,10.0,0.23859412265604218
LocStab,Moons,AF,S,0.2,0.2,6,0.27520689105616475,0.3812750625794839,0.0677750000031665,290.0,1.0,10.0,0.0
LocStab,Moons,AF,P,0.2,0.2,6,0.3001785420522388,0.16952234068472383,0.03325589990708977,143.0,1.0,3.0,0.0006818931274210972
LocStab,Moons,AF,KM,0.2,0.2,6,0.9866665195128234,0.38878406465918774,0.013863100088201463,45.0,1.0,2.0,0.4882889681228791
LocStab,Moons,AF,D,0.2,0.2,6,0.9933554078979533,0.01750248885427209,0.009882000042125583,0.0,1.0,3.0,1.0
LocStab,Moons,AE,S,0.2,0.2,6,0.137576887800798,0.28470390433111503,0.07161659991834313,283.0,1.0,19.0,0.0
LocStab,Moons,AE,P,0.2,0.2,6,0.22276996765364518,0.3048293326513041,0.07239390001632273,309.0,1.0,13.0,0.0011896616073650162
LocStab,Moons,AE,KM,0.2,0.2,6,0.22106658045708028,0.3798644586569206,0.05962870002258569,235.0,1.0,12.0,0.17906453952090082
LocStab,Moons,AE,D,0.2,0.2,6,0.22097692796313642,0.37625074997998126,0.062319900025613606,238.0,1.0,12.0,0.22333300142352452
LocStab,Moons,B,S,0.25,0.35,6,0.3351321120410065,0.49466597844514837,0.09920850000344217,325.0,1.0,6.0,0.0
LocStab,Moons,B,P,0.25,0.35,6,0.3351321120410065,0.49466597844514837,0.06264529994223267,310.0,1.0,6.0,0.0009553365229696259
LocStab,Moons,B,KM,0.25,0.35,6,0.34086636038368073,0.49358565966992796,0.034271499956957996,150.0,1.0,6.0,0.30921618136993256
LocStab,Moons,B,D,0.25,0.35,6,0.30264266427180664,0.47045469082195457,0.041542100021615624,157.0,1.0,5.0,0.3065415089088243
LocStab,Moons,AF,S,0.25,0.35,6,0.3693096408665612,0.4766687404588557,0.09896120009943843,316.0,1.0,6.0,0.0
LocStab,Moons,AF,P,0.25,0.35,6,0.7387616510404689,0.15026948442498647,0.03480269992724061,156.0,1.0,4.0,0.0020498851115758553
LocStab,Moons,AF,KM,0.25,0.35,6,0.6387921617943852,0.4799888064018961,0.011348200030624866,16.0,1.0,2.0,0.7973669765601505
LocStab,Moons,AF,D,0.25,0.35,6,0.9342244691686101,0.40684644705690465,0.011805300018750131,5.0,1.0,2.0,0.940778426974007
LocStab,Moons,AE,S,0.25,0.35,6,0.23272790228502552,0.26126065732838594,0.10454219998791814,309.0,1.0,11.0,0.0
LocStab,Moons,AE,P,0.25,0.35,6,0.32201735353054356,0.48618461721995726,0.06149240001104772,286.0,1.0,6.0,0.002845772152594966
LocStab,Moons,AE,KM,0.25,0.35,6,0.32826481972302424,0.48987714287822703,0.03744870005175471,150.0,1.0,6.0,0.31252284435422295
LocStab,Moons,AE,D,0.25,0.35,6,0.32826481972302424,0.48987714287822703,0.034520800109021366,158.0,1.0,6.0,0.3320387588589363
LocStab,Moons,B,S,0.4,0.4,6,0.29403922078174227,0.3880902836542557,0.08996470004785806,345.0,1.0,4.0,0.0
LocStab,Moons,B,P,0.4,0.4,6,0.3064669498783942,0.3907772806593846,0.06195950007531792,280.0,1.0,4.0,-0.003615691293740941
LocStab,Moons,B,KM,0.4,0.4,6,0.3064669498783942,0.3907772806593846,0.024610500084236264,86.0,1.0,4.0,0.5787134291187066
LocStab,Moons,B,D,0.4,0.4,6,0.3064669498783942,0.3907772806593846,0.03237239993177354,123.0,1.0,4.0,0.3102430193656576
LocStab,Moons,AF,S,0.4,0.4,6,0.40638111357079987,0.3325217749364494,0.09680940001271665,296.0,1.0,4.0,0.0
LocStab,Moons,AF,P,0.4,0.4,6,0.5362278031849589,0.48825324888487953,0.041470899945124984,158.0,1.0,2.0,-0.0017479451204888996
LocStab,Moons,AF,KM,0.4,0.4,6,0.5362278031849589,0.48825324888487953,0.010928099974989891,8.0,1.0,2.0,0.9213371373798076
LocStab,Moons,AF,D,0.4,0.4,6,0.5362278031849589,0.48825324888487953,0.01703850005287677,40.0,1.0,2.0,0.5409912814612331
LocStab,Moons,AE,S,0.4,0.4,6,0.16116645569885157,-0.14470742377603812,0.08441560005303472,295.0,1.0,12.0,0.0
LocStab,Moons,AE,P,0.4,0.4,6,0.29197116708134735,0.2923811858792797,0.06102129991631955,254.0,1.0,5.0,0.005508230454826341
LocStab,Moons,AE,KM,0.4,0.4,6,0.3064669498783942,0.3907772806593846,0.023141999961808324,86.0,1.0,4.0,0.5787134291187066
LocStab,Moons,AE,D,0.4,0.4,6,0.3064669498783942,0.3907772806593846,0.03205429995432496,123.0,1.0,4.0,0.3102430193656576
KMeans,Moons,-,-,,,7,0.4789688417784687,0.4879604640613249,0.2445619999198243,,,,
DBSCAN,Moons,-,-,,,7,0.9933554078979533,0.017502488854272098,0.003440900007262826,,,,
LocStab,Moons,B,S,0.2,0.2,7,0.21963213411915222,0.48552324945747877,0.07957489998079836,351.0,1.0,10.0,0.0
LocStab,Moons,B,P,0.2,0.2,7,0.23608261650532836,0.46633722421439433,0.07848540006671101,318.0,1.0,10.0,0.0006528194969043407
LocStab,Moons,B,KM,0.2,0.2,7,0.23563439840559888,0.4647770835817577,0.056425899965688586,237.0,1.0,10.0,0.1861204301954155
LocStab,Moons,B,D,0.2,0.2,7,0.23608261650532836,0.46633722421439433,0.05679760000202805,241.0,1.0,10.0,0.23859412265604218
LocStab,Moons,AF,S,0.2,0.2,7,0.27000883583731894,0.23188537233267206,0.07961590006016195,289.0,1.0,12.0,0.0
LocStab,Moons,AF,P,0.2,0.2,7,0.9603527948109356,-0.20259171264148815,0.03853309992700815,135.0,1.0,6.0,0.0095334307717297
LocStab,Moons,AF,KM,0.2,0.2,7,0.9866665195128234,0.38878406465918774,0.022678000037558377,45.0,1.0,2.0,0.4882889681228791
LocStab,Moons,AF,D,0.2,0.2,7,0.9933554078979533,0.017502488854272098,0.013017200049944222,0.0,1.0,3.0,1.0
LocStab,Moons,AE,S,0.2,0.2,7,0.14071643932366368,0.3560767499817146,0.08907819993328303,284.0,1.0,17.0,0.0
LocStab,Moons,AE,P,0.2,0.2,7,0.2085595395091501,0.3242470540908022,0.06452530005481094,298.0,1.0,13.0,0.008340886208318186
LocStab,Moons,AE,KM,0.2,0.2,7,0.2166287176378423,0.3798729521443222,0.07348549994640052,242.0,1.0,12.0,0.18070708979610361
LocStab,Moons,AE,D,0.2,0.2,7,0.22097692796313642,0.37324819404875903,0.055674799950793386,235.0,1.0,12.0,0.22333300142352452
LocStab,Moons,B,S,0.25,0.35,7,0.2993108640043106,0.4692919099212285,0.10996060003526509,348.0,1.0,5.0,0.0
LocStab,Moons,B,P,0.25,0.35,7,0.30264266427180664,0.47045469082195457,0.06753730005584657,307.0,1.0,5.0,0.002932707322503665
LocStab,Moons,B,KM,0.25,0.35,7,0.30264266427180664,0.47045469082195457,0.037555300048552454,147.0,1.0,5.0,0.33532736296515675
LocStab,Moons,B,D,0.25,0.35,7,0.30264266427180664,0.47045469082195457,0.04128439992200583,157.0,1.0,5.0,0.3065415089088243
LocStab,Moons,AF,S,0.25,0.35,7,0.3799240451330525,0.4330218006913221,0.09588919999077916,298.0,1.0,5.0,0.0
LocStab,Moons,AF,P,0.25,0.35,7,0.715928937713859,0.1157430807104142,0.03324609994888306,128.0,1.0,4.0,0.020244703543718007
LocStab,Moons,AF,KM,0.25,0.35,7,0.6387921617943852,0.479988806401896,0.012504999991506338,16.0,1.0,2.0,0.7973669765601505
LocStab,Moons,AF,D,0.25,0.35,7,0.9342244691686101,0.4068464470569047,0.011049700086005032,5.0,1.0,2.0,0.940778426974007
LocStab,Moons,AE,S,0.25,0.35,7,0.21412259954094653,-0.003044719145310078,0.10401300003286451,291.0,1.0,13.0,0.0
LocStab,Moons,AE,P,0.25,0.35,7,0.27699644897042863,0.4625796091124649,0.06833180005196482,312.0,1.0,6.0,0.0013452001911977872
LocStab,Moons,AE,KM,0.25,0.35,7,0.29630133260810443,0.4680116944677214,0.0321566000347957,145.0,1.0,5.0,0.342388782072532
LocStab,Moons,AE,D,0.25,0.35,7,0.32826481972302424,0.4898771428782269,0.035095499944873154,158.0,1.0,6.0,0.3320387588589363
LocStab,Moons,B,S,0.4,0.4,7,0.29403922078174227,0.38809028365425574,0.08154799998737872,365.0,1.0,4.0,0.0
LocStab,Moons,B,P,0.4,0.4,7,0.3064669498783942,0.3907772806593846,0.05655590002425015,309.0,1.0,4.0,-0.0007577867668088201
LocStab,Moons,B,KM,0.4,0.4,7,0.3064669498783942,0.3907772806593846,0.022078500012867153,89.0,1.0,4.0,0.5787134291187066
LocStab,Moons,B,D,0.4,0.4,7,0.3064669498783942,0.3907772806593846,0.019055199925787747,123.0,1.0,4.0,0.3102430193656576
LocStab,Moons,AF,S,0.4,0.4,7,0.4064204517384781,0.33396957064575117,0.05572309996932745,304.0,1.0,4.0,0.0
LocStab,Moons,AF,P,0.4,0.4,7,0.5362278031849589,0.48825324888487953,0.01814830000512302,136.0,1.0,2.0,0.0053870117535886565
LocStab,Moons,AF,KM,0.4,0.4,7,0.5362278031849589,0.48825324888487953,0.006830600090324879,6.0,1.0,2.0,0.9213371373798076
LocStab,Moons,AF,D,0.4,0.4,7,0.5362278031849589,0.48825324888487953,0.02265679999254644,40.0,1.0,2.0,0.5409912814612331
LocStab,Moons,AE,S,0.4,0.4,7,0.2087468849102902,0.1756941491863322,0.09625870001036674,310.0,1.0,9.0,0.0
LocStab,Moons,AE,P,0.4,0.4,7,0.29528640582506344,0.3646242513737711,0.048495199996978045,231.0,1.0,5.0,0.01416919440808726
LocStab,Moons,AE,KM,0.4,0.4,7,0.3064669498783942,0.3907772806593846,0.02434710005763918,89.0,1.0,4.0,0.5787134291187066
LocStab,Moons,AE,D,0.4,0.4,7,0.3064669498783942,0.3907772806593846,0.0327402000548318,123.0,1.0,4.0,0.3102430193656576
KMeans,Moons,-,-,,,8,0.4789688417784687,0.4879604640613249,0.1626539999851957,,,,
DBSCAN,Moons,-,-,,,8,0.9933554078979533,0.017502488854272136,0.003453100100159645,,,,
LocStab,Moons,B,S,0.2,0.2,8,0.22563878654481076,0.4882438770030247,0.08107390010263771,358.0,1.0,10.0,0.0
LocStab,Moons,B,P,0.2,0.2,8,0.22268031617853543,0.4833402004726923,0.059901799890212715,303.0,1.0,10.0,0.004140191105527323
LocStab,Moons,B,KM,0.2,0.2,8,0.23563439840559888,0.4647770835817577,0.035661800066009164,239.0,1.0,10.0,0.1861204301954155
LocStab,Moons,B,D,0.2,0.2,8,0.23563439840559888,0.4647770835817577,0.04614290001336485,239.0,1.0,10.0,0.23814133686340075
LocStab,Moons,AF,S,0.2,0.2,8,0.27269750759860245,0.14025094711824365,0.06743410008493811,287.0,1.0,13.0,0.0
LocStab,Moons,AF,P,0.2,0.2,8,0.9734656404616282,0.0665042507217193,0.029103000066243112,169.0,1.0,4.0,0.0011040011764876087
LocStab,Moons,AF,KM,0.2,0.2,8,0.9866665195128234,0.3887840646591878,0.015539800049737096,45.0,1.0,2.0,0.4882889681228791
LocStab,Moons,AF,D,0.2,0.2,8,0.9933554078979533,0.017502488854272136,0.008789899991825223,0.0,1.0,3.0,1.0
LocStab,Moons,AE,S,0.2,0.2,8,0.13511005119763028,0.2765679887944157,0.06094859994482249,280.0,1.0,20.0,0.0
LocStab,Moons,AE,P,0.2,0.2,8,0.2182425011383152,0.38712799121856584,0.050612700055353343,300.0,1.0,12.0,0.004617260671564849
LocStab,Moons,AE,KM,0.2,0.2,8,0.22097692796313642,0.37625074997998126,0.047790000098757446,238.0,1.0,12.0,0.17906430713661206
LocStab,Moons,AE,D,0.2,0.2,8,0.22097692796313642,0.37625074997998126,0.039928499958477914,238.0,1.0,12.0,0.22333300142352452
LocStab,Moons,B,S,0.25,0.35,8,0.2993108640043106,0.4692919099212285,0.07127920002676547,316.0,1.0,5.0,0.0
LocStab,Moons,B,P,0.25,0.35,8,0.3351321120410065,0.49466597844514837,0.05908509995788336,303.0,1.0,6.0,0.01033981403818596
LocStab,Moons,B,KM,0.25,0.35,8,0.3378201211674835,0.4942394714131099,0.03740350005682558,171.0,1.0,6.0,0.305812885279101
LocStab,Moons,B,D,0.25,0.35,8,0.30264266427180664,0.4704546908219544,0.03655820002313703,157.0,1.0,5.0,0.3065415089088243
LocStab,Moons,AF,S,0.25,0.35,8,0.321212999583136,0.46031809640917515,0.07681399991270155,300.0,1.0,5.0,0.0
LocStab,Moons,AF,P,0.25,0.35,8,0.6495688558415134,0.1177658073653338,0.026659399969503284,150.0,1.0,4.0,0.00025892215004419275
LocStab,Moons,AF,KM,0.25,0.35,8,0.6387921617943852,0.479988806401896,0.006836700020357966,16.0,1.0,2.0,0.7973669765601505
LocStab,Moons,AF,D,0.25,0.35,8,0.9342244691686101,0.4068464470569047,0.005740100052207708,5.0,1.0,2.0,0.940778426974007
LocStab,Moons,AE,S,0.25,0.35,8,0.23926105021935384,0.2830099379953944,0.06027139991056174,298.0,1.0,11.0,0.0
LocStab,Moons,AE,P,0.25,0.35,8,0.2998131164090609,0.2887216860468472,0.03683269990142435,285.0,1.0,8.0,0.016109386464892773
LocStab,Moons,AE,KM,0.25,0.35,8,0.32830920557365373,0.4886882986541066,0.026072700042277575,169.0,1.0,6.0,0.3122991425223883
LocStab,Moons,AE,D,0.25,0.35,8,0.32826481972302424,0.48987714287822703,0.02252040000166744,158.0,1.0,6.0,0.3320387588589363
LocStab,Moons,B,S,0.4,0.4,8,0.29403922078174227,0.38809028365425574,0.07478979998268187,393.0,1.0,4.0,0.0
LocStab,Moons,B,P,0.4,0.4,8,0.29681396075088307,0.38673669188592613,0.0349284999538213,283.0,1.0,4.0,0.00021386722877505903
LocStab,Moons,B,KM,0.4,0.4,8,0.3064669498783942,0.3907772806593846,0.013755699968896806,86.0,1.0,4.0,0.5787134291187066
LocStab,Moons,B,D,0.4,0.4,8,0.3064669498783942,0.3907772806593846,0.017323599895462394,123.0,1.0,4.0,0.3102430193656576
LocStab,Moons,AF,S,0.4,0.4,8,0.4035044699857038,0.2826633269605158,0.06444389990065247,296.0,1.0,4.0,0.0
LocStab,Moons,AF,P,0.4,0.4,8,0.5362278031849589,0.48825324888487953,0.029059599968604743,146.0,1.0,2.0,-0.0017479451204888996
LocStab,Moons,AF,KM,0.4,0.4,8,0.5362278031849589,0.48825324888487953,0.009235200006514788,8.0,1.0,2.0,0.9213371373798076
LocStab,Moons,AF,D,0.4,0.4,8,0.5362278031849589,0.48825324888487953,0.015146999969147146,40.0,1.0,2.0,0.5409912814612331
LocStab,Moons,AE,S,0.4,0.4,8,0.19186410985768546,0.1030301581096439,0.07141400000546128,301.0,1.0,9.0,0.0
LocStab,Moons,AE,P,0.4,0.4,8,0.30666614884565746,0.35658823621769886,0.028333900030702353,227.0,1.0,5.0,0.027974881697815594
LocStab,Moons,AE,KM,0.4,0.4,8,0.3064669498783942,0.3907772806593846,0.016139899962581694,86.0,1.0,4.0,0.5787134291187066
LocStab,Moons,AE,D,0.4,0.4,8,0.3064669498783942,0.3907772806593846,0.017551600001752377,123.0,1.0,4.0,0.3102430193656576
KMeans,Moons,-,-,,,9,0.4789688417784687,0.487960464061325,0.06155450001824647,,,,
DBSCAN,Moons,-,-,,,9,0.9933554078979533,0.017502488854272125,0.0033273999579250813,,,,
LocStab,Moons,B,S,0.2,0.2,9,0.23052461732868665,0.47229148566005696,0.07828360004350543,367.0,1.0,10.0,0.0
LocStab,Moons,B,P,0.2,0.2,9,0.22752141910204998,0.46991021782845377,0.037823099992237985,319.0,1.0,10.0,0.005050449166397766
LocStab,Moons,B,KM,0.2,0.2,9,0.23608261650532836,0.46633722421439433,0.027933700010180473,231.0,1.0,10.0,0.18817784654632974
LocStab,Moons,B,D,0.2,0.2,9,0.23608261650532836,0.46633722421439433,0.029928999952971935,231.0,1.0,10.0,0.23859412265604218
LocStab,Moons,AF,S,0.2,0.2,9,0.26718567857253384,0.32161954924337843,0.047967599937692285,290.0,1.0,11.0,0.0
LocStab,Moons,AF,P,0.2,0.2,9,0.3075951523185841,-0.1489759239530622,0.02090090001001954,145.0,1.0,5.0,0.008798779816620495
LocStab,Moons,AF,KM,0.2,0.2,9,0.9866665195128234,0.3887840646591878,0.009394299937412143,45.0,1.0,2.0,0.4882889681228791
LocStab,Moons,AF,D,0.2,0.2,9,0.9933554078979533,0.017502488854272125,0.005944899981841445,0.0,1.0,3.0,1.0
LocStab,Moons,AE,S,0.2,0.2,9,0.13685926679330512,0.3397469742629838,0.04510009998921305,282.0,1.0,18.0,0.0
LocStab,Moons,AE,P,0.2,0.2,9,0.21676320025982873,0.4617017419696297,0.0356413999106735,304.0,1.0,11.0,0.004657059263860448
LocStab,Moons,AE,KM,0.2,0.2,9,0.23088320414031704,0.3586047366397427,0.028682800009846687,230.0,1.0,12.0,0.18297907058776564
LocStab,Moons,AE,D,0.2,0.2,9,0.23088320414031704,0.3586047366397427,0.030480599962174892,230.0,1.0,12.0,0.23334155754479907
LocStab,Moons,B,S,0.25,0.35,9,0.3351321120410065,0.49466597844514837,0.07282670005224645,381.0,1.0,6.0,0.0
LocStab,Moons,B,P,0.25,0.35,9,0.3351321120410065,0.49466597844514837,0.04357670003082603,334.0,1.0,6.0,0.0005084566412926576
LocStab,Moons,B,KM,0.25,0.35,9,0.34086636038368073,0.493585659669928,0.01989080000203103,150.0,1.0,6.0,0.30921618136993256
LocStab,Moons,B,D,0.25,0.35,9,0.30264266427180664,0.4704546908219544,0.02683500002603978,157.0,1.0,5.0,0.3065415089088243
LocStab,Moons,AF,S,0.25,0.35,9,0.45108404749907416,0.35678696605084237,0.059625099995173514,299.0,1.0,5.0,0.0
LocStab,Moons,AF,P,0.25,0.35,9,0.7619524036653134,0.11332232158712927,0.020521899918094277,166.0,1.0,4.0,-0.0032961450614052436
LocStab,Moons,AF,KM,0.25,0.35,9,0.6387921617943852,0.4799888064018961,0.007063899887725711,16.0,1.0,2.0,0.7973669765601505
LocStab,Moons,AF,D,0.25,0.35,9,0.9342244691686101,0.4068464470569046,0.006655800039879978,5.0,1.0,2.0,0.940778426974007
LocStab,Moons,AE,S,0.25,0.35,9,0.2509286130016435,0.38779390828936344,0.06178700004238635,317.0,1.0,9.0,0.0
LocStab,Moons,AE,P,0.25,0.35,9,0.30061333371595694,0.4758932573765924,0.03758649993687868,314.0,1.0,6.0,0.0013741568828609726
LocStab,Moons,AE,KM,0.25,0.35,9,0.32826481972302424,0.4898771428782269,0.026462599984370172,150.0,1.0,6.0,0.31252284435422295
LocStab,Moons,AE,D,0.25,0.35,9,0.32826481972302424,0.4898771428782269,0.02108630002476275,158.0,1.0,6.0,0.3320387588589363
LocStab,Moons,B,S,0.4,0.4,9,0.29403922078174227,0.38809028365425574,0.06995850009843707,405.0,1.0,4.0,0.0
LocStab,Moons,B,P,0.4,0.4,9,0.3064669498783942,0.3907772806593846,0.03898769989609718,276.0,1.0,4.0,-0.0035263817772743125
LocStab,Moons,B,KM,0.4,0.4,9,0.3064669498783942,0.3907772806593846,0.015118899988010526,86.0,1.0,4.0,0.5787134291187066
LocStab,Moons,B,D,0.4,0.4,9,0.3064669498783942,0.3907772806593846,0.019709200016222894,123.0,1.0,4.0,0.3102430193656576
LocStab,Moons,AF,S,0.4,0.4,9,0.5362278031849589,0.4882532488848795,0.05203669995535165,306.0,1.0,2.0,0.0
LocStab,Moons,AF,P,0.4,0.4,9,0.5362278031849589,0.4882532488848795,0.01842239999677986,158.0,1.0,2.0,0.0030681507695134507
LocStab,Moons,AF,KM,0.4,0.4,9,0.5362278031849589,0.4882532488848795,0.006049799965694547,8.0,1.0,2.0,0.9213371373798076
LocStab,Moons,AF,D,0.4,0.4,9,0.5362278031849589,0.4882532488848795,0.009200199972838163,40.0,1.0,2.0,0.5409912814612331
LocStab,Moons,AE,S,0.4,0.4,9,0.17748949066730602,0.11043986070734015,0.052039199974387884,303.0,1.0,9.0,0.0
LocStab,Moons,AE,P,0.4,0.4,9,0.3020479204940977,0.3587412563670669,0.028536400059238076,234.0,1.0,5.0,0.01120105662115749
LocStab,Moons,AE,KM,0.4,0.4,9,0.3064669498783942,0.3907772806593846,0.014214200084097683,86.0,1.0,4.0,0.5787134291187066
LocStab,Moons,AE,D,0.4,0.4,9,0.3064669498783942,0.3907772806593846,0.016482300008647144,123.0,1.0,4.0,0.3102430193656576
KMeans,3 Circles,-,-,,,0,0.4447491432816625,0.4086700253321924,0.07118709990754724,,,,
DBSCAN,3 Circles,-,-,,,0,0.18664222491319388,0.12725450269910887,0.003231800044886768,,,,
LocStab,3 Circles,B,S,0.2,0.2,0,0.28388796206866274,0.26513767125850707,0.07188040006440133,337.0,1.0,9.0,0.0
LocStab,3 Circles,B,P,0.2,0.2,0,0.2888443463577557,0.42632864282771027,0.034624099964275956,290.0,1.0,7.0,0.0033379738269949466
LocStab,3 Circles,B,KM,0.2,0.2,0,0.287725215223464,0.39828850643392244,0.021344900014810264,160.0,1.0,7.0,0.4296927643933338
LocStab,3 Circles,B,D,0.2,0.2,0,0.28213033633123785,0.39560479367757506,0.019732299959287047,161.0,1.0,7.0,0.33513687012802246
LocStab,3 Circles,AF,S,0.2,0.2,0,0.2894670110497154,0.2618450372228203,0.05015829997137189,303.0,1.0,8.0,0.0
LocStab,3 Circles,AF,P,0.2,0.2,0,0.4303765351764564,0.2534140504163778,0.024646800011396408,191.0,1.0,4.0,0.006592373057448135
LocStab,3 Circles,AF,KM,0.2,0.2,0,0.45397512360655135,0.41231580003181195,0.00611610000487417,7.0,1.0,3.0,0.9212365980567393
LocStab,3 Circles,AF,D,0.2,0.2,0,0.28492769431524156,0.288280750911675,0.014462099992670119,84.0,1.0,7.0,0.6827510427836281
LocStab,3 Circles,AE,S,0.2,0.2,0,0.16192193989135364,0.15121641918158119,0.05124409997370094,299.0,1.0,19.0,0.0
LocStab,3 Circles,AE,P,0.2,0.2,0,0.2809308430165161,0.24696095284847047,0.033275799942202866,262.0,1.0,10.0,0.00963497970362977
LocStab,3 Circles,AE,KM,0.2,0.2,0,0.27057967891391016,0.2858656714209267,0.020678099943324924,153.0,1.0,9.0,0.4183222579426824
LocStab,3 Circles,AE,D,0.2,0.2,0,0.23961883182735969,0.2708851067681184,0.024696100037544966,174.0,1.0,11.0,0.4363871985328154
LocStab,3 Circles,B,S,0.25,0.35,0,0.4255115220339167,0.2886952363410169,0.07134729996323586,327.0,1.0,4.0,0.0
LocStab,3 Circles,B,P,0.25,0.35,0,0.4150338819655981,0.28948886336267493,0.03451939998194575,250.0,1.0,4.0,-0.0002582544327259493
LocStab,3 Circles,B,KM,0.25,0.35,0,0.42430898484829066,0.289110220600377,0.006273500039242208,6.0,1.0,4.0,0.9548413465442873
LocStab,3 Circles,B,D,0.25,0.35,0,0.4171069276537409,0.28881208261549174,0.022194699966348708,158.0,1.0,4.0,0.27894114278861326
LocStab,3 Circles,AF,S,0.25,0.35,0,0.3616320893069357,0.14046969321658279,0.06103330000769347,295.0,1.0,5.0,0.0
LocStab,3 Circles,AF,P,0.25,0.35,0,0.4267684209070557,0.34143905434417804,0.022999399923719466,175.0,1.0,3.0,0.011351607901292957
LocStab,3 Circles,AF,KM,0.25,0.35,0,0.41916414041979705,0.4147989771931184,0.006016099941916764,7.0,1.0,3.0,0.9410832608688661
LocStab,3 Circles,AF,D,0.25,0.35,0,0.40110580753006936,0.28853288752307216,0.018896800000220537,154.0,1.0,4.0,0.28548248749916433
LocStab,3 Circles,AE,S,0.25,0.35,0,0.36066603536098957,0.12487659618867492,0.06045350001659244,293.0,1.0,8.0,0.0
LocStab,3 Circles,AE,P,0.25,0.35,0,0.4188304260918957,0.055304440763951405,0.027923500048927963,213.0,1.0,7.0,0.01641444558623949
LocStab,3 Circles,AE,KM,0.25,0.35,0,0.44672351952537237,0.28590029865583055,0.006342999986372888,2.0,1.0,4.0,0.9831252635886957
LocStab,3 Circles,AE,D,0.25,0.35,0,0.29157768165098136,0.265066240235872,0.01783699996303767,108.0,1.0,6.0,0.5350938043016246
LocStab,3 Circles,B,S,0.4,0.4,0,0.36214404584754967,0.4566495437758118,0.061943699955008924,319.0,1.0,2.0,0.0
LocStab,3 Circles,B,P,0.4,0.4,0,0.4674504149185697,0.47871049780308444,0.030420599970966578,252.0,1.0,2.0,0.000317206965983555
LocStab,3 Circles,B,KM,0.4,0.4,0,0.4674504149185697,0.47871049780308444,0.017391699948348105,103.0,1.0,2.0,0.44316260234437427
LocStab,3 Circles,B,D,0.4,0.4,0,0.36214404584754967,0.4566495437758118,0.029422400053590536,244.0,1.0,2.0,0.1838698951432863
LocStab,3 Circles,AF,S,0.4,0.4,0,0.23820462188072306,0.19130579547700038,0.05420260003302246,297.0,1.0,3.0,0.0
LocStab,3 Circles,AF,P,0.4,0.4,0,0.4223903661608615,0.45522071866617786,0.02603019995149225,188.0,1.0,2.0,0.008052184842789157
LocStab,3 Circles,AF,KM,0.4,0.4,0,0.4674504149185697,0.47871049780308444,0.018098199972882867,103.0,1.0,2.0,0.44316260234437427
LocStab,3 Circles,AF,D,0.4,0.4,0,0.18071676129391537,0.1789533196730562,0.026595299947075546,214.0,1.0,3.0,0.1416189121461251
LocStab,3 Circles,AE,S,0.4,0.4,0,0.4299546772989657,0.019016416920113455,0.0542016999097541,293.0,1.0,7.0,0.0
LocStab,3 Circles,AE,P,0.4,0.4,0,0.45470328254015774,0.16709741908231532,0.024749799980781972,201.0,1.0,4.0,0.061696639325857054
LocStab,3 Circles,AE,KM,0.4,0.4,0,0.4292496551864705,0.40893101346619554,0.006303900037892163,4.0,1.0,3.0,0.9608663985146999
LocStab,3 Circles,AE,D,0.4,0.4,0,0.3982838753347879,0.3330446512392189,0.01872149994596839,135.0,1.0,4.0,0.408183088503884
KMeans,3 Circles,-,-,,,1,0.4447491432816625,0.40867002533219243,0.08393630001228303,,,,
DBSCAN,3 Circles,-,-,,,1,0.1875163037340018,0.1260733437153401,0.003194799995981157,,,,
LocStab,3 Circles,B,S,0.2,0.2,1,0.2850615735362706,0.26654603032819274,0.08201250003185123,360.0,1.0,9.0,0.0
LocStab,3 Circles,B,P,0.2,0.2,1,0.287691645572861,0.4249042120057072,0.03927959990687668,319.0,1.0,7.0,-0.003077229221381099
LocStab,3 Circles,B,KM,0.2,0.2,1,0.287725215223464,0.39828850643392244,0.020698899985291064,160.0,1.0,7.0,0.4296927643933338
LocStab,3 Circles,B,D,0.2,0.2,1,0.28948251315489837,0.30951724115840873,0.020350900012999773,156.0,1.0,8.0,0.34720040613400116
LocStab,3 Circles,AF,S,0.2,0.2,1,0.32557632081024107,0.22284214363930052,0.05061919998843223,299.0,1.0,8.0,0.0
LocStab,3 Circles,AF,P,0.2,0.2,1,0.3379505638454641,-0.04234457034455514,0.023285500006750226,173.0,1.0,7.0,0.02278916975509228
LocStab,3 Circles,AF,KM,0.2,0.2,1,0.45397512360655135,0.41231580003181195,0.006668400019407272,7.0,1.0,3.0,0.9212365980567393
LocStab,3 Circles,AF,D,0.2,0.2,1,0.28492769431524156,0.288280750911675,0.012793099973350763,83.0,1.0,7.0,0.684404514312808
LocStab,3 Circles,AE,S,0.2,0.2,1,0.1781153627207179,0.19849948866684716,0.04670989990700036,288.0,1.0,16.0,0.0
LocStab,3 Circles,AE,P,0.2,0.2,1,0.28896546956373775,0.3240111526928206,0.0334724000422284,274.0,1.0,9.0,0.007631523743475736
LocStab,3 Circles,AE,KM,0.2,0.2,1,0.27057967891391016,0.2858656714209267,0.019896000041626394,153.0,1.0,9.0,0.4183222579426824
LocStab,3 Circles,AE,D,0.2,0.2,1,0.24080799745115727,0.22474506761754787,0.02250580000691116,174.0,1.0,12.0,0.43477062269728506
LocStab,3 Circles,B,S,0.25,0.35,1,0.4171069276537409,0.28881208261549174,0.06313600006978959,326.0,1.0,4.0,0.0
LocStab,3 Circles,B,P,0.25,0.35,1,0.4150338819655981,0.2894888633626749,0.029574899934232235,238.0,1.0,4.0,0.0030734899366801427
LocStab,3 Circles,B,KM,0.25,0.35,1,0.42430898484829066,0.289110220600377,0.005843400023877621,6.0,1.0,4.0,0.9548413465442873
LocStab,3 Circles,B,D,0.25,0.35,1,0.4171069276537409,0.28881208261549174,0.020371300051920116,160.0,1.0,4.0,0.27971707944252167
LocStab,3 Circles,AF,S,0.25,0.35,1,0.3616320893069357,0.1404696932165828,0.058044400066137314,295.0,1.0,5.0,0.0
LocStab,3 Circles,AF,P,0.25,0.35,1,0.4592898942667877,0.30485218800093256,0.025959499995224178,188.0,1.0,3.0,0.005405179296635585
LocStab,3 Circles,AF,KM,0.25,0.35,1,0.41916414041979705,0.4147989771931185,0.0061539000598713756,7.0,1.0,3.0,0.9410832608688661
LocStab,3 Circles,AF,D,0.25,0.35,1,0.4124106366343392,0.2902078609762837,0.019284000038169324,154.0,1.0,4.0,0.2869772958993193
LocStab,3 Circles,AE,S,0.25,0.35,1,0.3061067938622981,0.01751648226690058,0.06615660001989454,292.0,1.0,9.0,0.0
LocStab,3 Circles,AE,P,0.25,0.35,1,0.46351699577075334,0.08825187966376993,0.03533429990056902,225.0,1.0,6.0,0.007813927091859572
LocStab,3 Circles,AE,KM,0.25,0.35,1,0.44672351952537237,0.28590029865583055,0.00667480006814003,2.0,1.0,4.0,0.9831252635886957
LocStab,3 Circles,AE,D,0.25,0.35,1,0.29157768165098136,0.265066240235872,0.015185399912297726,107.0,1.0,6.0,0.5373273766693109
LocStab,3 Circles,B,S,0.4,0.4,1,0.36214404584754967,0.4566495437758118,0.06048690003808588,319.0,1.0,2.0,0.0
LocStab,3 Circles,B,P,0.4,0.4,1,0.4674504149185697,0.47871049780308433,0.031216599978506565,258.0,1.0,2.0,0.003153689443115008
LocStab,3 Circles,B,KM,0.4,0.4,1,0.4674504149185697,0.47871049780308433,0.016504099941812456,103.0,1.0,2.0,0.44316260234437427
LocStab,3 Circles,B,D,0.4,0.4,1,0.36214404584754967,0.4566495437758118,0.030098399962298572,242.0,1.0,2.0,0.18428613325215568
LocStab,3 Circles,AF,S,0.4,0.4,1,0.23820462188072306,0.19130579547700038,0.05573929997626692,297.0,1.0,3.0,0.0
LocStab,3 Circles,AF,P,0.4,0.4,1,0.36214404584754967,0.4566495437758118,0.02724840003065765,203.0,1.0,2.0,-7.846741287859116e-05
LocStab,3 Circles,AF,KM,0.4,0.4,1,0.4674504149185697,0.47871049780308433,0.015887700021266937,103.0,1.0,2.0,0.44316260234437427
LocStab,3 Circles,AF,D,0.4,0.4,1,0.18071676129391537,0.17895331967305617,0.02284640003927052,213.0,1.0,3.0,0.1419210816512671
LocStab,3 Circles,AE,S,0.4,0.4,1,0.3890722280696938,0.09058777770155489,0.05289649998303503,293.0,1.0,7.0,0.0
LocStab,3 Circles,AE,P,0.4,0.4,1,0.516463123703962,0.07208621848343931,0.028018000070005655,217.0,1.0,5.0,0.02743930413080579
LocStab,3 Circles,AE,KM,0.4,0.4,1,0.4292496551864705,0.40893101346619565,0.005657799891196191,4.0,1.0,3.0,0.9608663985146999
LocStab,3 Circles,AE,D,0.4,0.4,1,0.3982838753347879,0.3330446512392189,0.017201900016516447,133.0,1.0,4.0,0.4090722119207599
KMeans,3 Circles,-,-,,,2,0.44004042939528837,0.4206514690306235,0.06531829992309213,,,,
DBSCAN,3 Circles,-,-,,,2,0.18664222491319388,0.12725450269910887,0.0031687000300735235,,,,
LocStab,3 Circles,B,S,0.2,0.2,2,0.2850615735362706,0.2665460303281927,0.06841149996034801,339.0,1.0,9.0,0.0
LocStab,3 Circles,B,P,0.2,0.2,2,0.2888443463577557,0.42632864282771027,0.03661229996941984,282.0,1.0,7.0,-0.00014239641921505816
LocStab,3 Circles,B,KM,0.2,0.2,2,0.287725215223464,0.39828850643392244,0.019913900061510503,146.0,1.0,7.0,0.4660422818098498
LocStab,3 Circles,B,D,0.2,0.2,2,0.28948251315489837,0.30951724115840873,0.018676400068216026,160.0,1.0,8.0,0.34519116991451415
LocStab,3 Circles,AF,S,0.2,0.2,2,0.2972948587629015,0.22904286270620303,0.048219399992376566,299.0,1.0,8.0,0.0
LocStab,3 Circles,AF,P,0.2,0.2,2,0.417753984294448,0.15063908686487984,0.02366589999292046,180.0,1.0,5.0,0.011022740358080232
LocStab,3 Circles,AF,KM,0.2,0.2,2,0.44004042939528837,0.4206514690306235,0.005263199913315475,0.0,1.0,3.0,1.0
LocStab,3 Circles,AF,D,0.2,0.2,2,0.28492769431524156,0.288280750911675,0.012579599977470934,84.0,1.0,7.0,0.6827510427836281
LocStab,3 Circles,AE,S,0.2,0.2,2,0.16377074423854565,0.1653114640419761,0.04902550007682294,297.0,1.0,17.0,0.0
LocStab,3 Circles,AE,P,0.2,0.2,2,0.265805905453548,0.22217584166963622,0.03290180000476539,257.0,1.0,11.0,0.011627803866725598
LocStab,3 Circles,AE,KM,0.2,0.2,2,0.27225511064888835,0.282703237296729,0.018735099933110178,143.0,1.0,9.0,0.43322864222950275
LocStab,3 Circles,AE,D,0.2,0.2,2,0.23961883182735969,0.2708851067681184,0.02220770006533712,174.0,1.0,11.0,0.4363871985328154
LocStab,3 Circles,B,S,0.25,0.35,2,0.4150338819655981,0.28948886336267493,0.06450069998390973,332.0,1.0,4.0,0.0
LocStab,3 Circles,B,P,0.25,0.35,2,0.4150338819655981,0.28948886336267493,0.02812100003939122,224.0,1.0,4.0,0.0013096252705239763
LocStab,3 Circles,B,KM,0.25,0.35,2,0.42430898484829066,0.28911022060037705,0.006217799964360893,9.0,1.0,4.0,0.9073303495246537
LocStab,3 Circles,B,D,0.25,0.35,2,0.4171069276537409,0.28881208261549174,0.019958000048063695,158.0,1.0,4.0,0.27894114278861326
LocStab,3 Circles,AF,S,0.25,0.35,2,0.3616320893069357,0.14046969321658284,0.061882999958470464,295.0,1.0,5.0,0.0
LocStab,3 Circles,AF,P,0.25,0.35,2,0.3913948063973467,0.15151874878317603,0.02688829996623099,214.0,1.0,4.0,0.009014417788747509
LocStab,3 Circles,AF,KM,0.25,0.35,2,0.4302954714829848,0.4205463282732762,0.00543889997061342,3.0,1.0,3.0,0.9729589456112675
LocStab,3 Circles,AF,D,0.25,0.35,2,0.40110580753006936,0.2885328875230721,0.019309199997223914,154.0,1.0,4.0,0.28548248749916433
LocStab,3 Circles,AE,S,0.25,0.35,2,0.2820697253018449,0.2269282607879964,0.06205069995485246,295.0,1.0,8.0,0.0
LocStab,3 Circles,AE,P,0.25,0.35,2,0.4208224899151868,0.09259412969249389,0.026480400003492832,200.0,1.0,6.0,0.02854010819675549
LocStab,3 Circles,AE,KM,0.25,0.35,2,0.4277280900750269,0.2900129834519917,0.006254900014027953,8.0,1.0,4.0,0.9153899463087162
LocStab,3 Circles,AE,D,0.25,0.35,2,0.28533009766818634,0.2631843438715198,0.01613350003026426,109.0,1.0,6.0,0.5312184942259691
LocStab,3 Circles,B,S,0.4,0.4,2,0.36214404584754967,0.4566495437758118,0.0559171000495553,319.0,1.0,2.0,0.0
LocStab,3 Circles,B,P,0.4,0.4,2,0.4674504149185697,0.47871049780308433,0.03253900003619492,264.0,1.0,2.0,-0.002696555665968614
LocStab,3 Circles,B,KM,0.4,0.4,2,0.4674504149185697,0.47871049780308433,0.015166700002737343,92.0,1.0,2.0,0.4887521029684802
LocStab,3 Circles,B,D,0.4,0.4,2,0.36214404584754967,0.4566495437758118,0.029595599975436926,244.0,1.0,2.0,0.1838698951432863
LocStab,3 Circles,AF,S,0.4,0.4,2,0.23820462188072306,0.19130579547700038,0.05537219997495413,297.0,1.0,3.0,0.0
LocStab,3 Circles,AF,P,0.4,0.4,2,0.4674504149185697,0.47871049780308433,0.02553109999280423,225.0,1.0,2.0,-0.002696555665968614
LocStab,3 Circles,AF,KM,0.4,0.4,2,0.4674504149185697,0.47871049780308433,0.015050299931317568,92.0,1.0,2.0,0.4887521029684802
LocStab,3 Circles,AF,D,0.4,0.4,2,0.18071676129391537,0.17895331967305614,0.02579320000950247,214.0,1.0,3.0,0.1416189121461251
LocStab,3 Circles,AE,S,0.4,0.4,2,0.36951727423281666,-0.04300178993466949,0.0512381000444293,292.0,1.0,8.0,0.0
LocStab,3 Circles,AE,P,0.4,0.4,2,0.5100643779415706,0.05141407894121912,0.02313059999141842,205.0,1.0,5.0,0.03262113827825646
LocStab,3 Circles,AE,KM,0.4,0.4,2,0.4302954714829848,0.4205463282732762,0.005818299949169159,3.0,1.0,3.0,0.9729589456112675
LocStab,3 Circles,AE,D,0.4,0.4,2,0.3982838753347879,0.3330446512392189,0.018481099978089333,135.0,1.0,4.0,0.408183088503884
KMeans,3 Circles,-,-,,,3,0.4447491432816625,0.4086700253321924,0.06946879997849464,,,,
DBSCAN,3 Circles,-,-,,,3,0.1875163037340018,0.1260733437153401,0.003176600090228021,,,,
LocStab,3 Circles,B,S,0.2,0.2,3,0.2850615735362706,0.2665460303281927,0.08218070003204048,378.0,1.0,9.0,0.0
LocStab,3 Circles,B,P,0.2,0.2,3,0.28973280891310216,0.4251643631272045,0.03392539999913424,268.0,1.0,7.0,0.0006416013128209582
LocStab,3 Circles,B,KM,0.2,0.2,3,0.287725215223464,0.39828850643392244,0.01976330007892102,160.0,1.0,7.0,0.4296927643933338
LocStab,3 Circles,B,D,0.2,0.2,3,0.28948251315489837,0.30951724115840873,0.01877189998049289,156.0,1.0,8.0,0.34720040613400116
LocStab,3 Circles,AF,S,0.2,0.2,3,0.319649261758073,0.2750663559913207,0.056802499922923744,297.0,1.0,7.0,0.0
LocStab,3 Circles,AF,P,0.2,0.2,3,0.1668611587665137,0.008823161842336391,0.02265220007393509,189.0,1.0,5.0,0.008024976269060952
LocStab,3 Circles,AF,KM,0.2,0.2,3,0.45397512360655135,0.41231580003181195,0.0060680999886244535,7.0,1.0,3.0,0.9212365980567393
LocStab,3 Circles,AF,D,0.2,0.2,3,0.28492769431524156,0.288280750911675,0.012927799951285124,83.0,1.0,7.0,0.684404514312808
LocStab,3 Circles,AE,S,0.2,0.2,3,0.18821743758143886,0.10396950209310196,0.04653439996764064,281.0,1.0,19.0,0.0
LocStab,3 Circles,AE,P,0.2,0.2,3,0.27566663356732024,0.19594356826247028,0.03398830001242459,261.0,1.0,11.0,0.005000547412267636
LocStab,3 Circles,AE,KM,0.2,0.2,3,0.27057967891391016,0.28586567142092667,0.02034849999472499,153.0,1.0,9.0,0.4183222579426824
LocStab,3 Circles,AE,D,0.2,0.2,3,0.24080799745115727,0.22474506761754792,0.0216702000470832,174.0,1.0,12.0,0.43477062269728506
LocStab,3 Circles,B,S,0.25,0.35,3,0.4150338819655981,0.2894888633626749,0.08503730001393706,409.0,1.0,4.0,0.0
LocStab,3 Circles,B,P,0.25,0.35,3,0.42020638317425724,0.2888147244972198,0.028621200006455183,224.0,1.0,4.0,0.0039090706192808095
LocStab,3 Circles,B,KM,0.25,0.35,3,0.42430898484829066,0.289110220600377,0.0068672000197693706,6.0,1.0,4.0,0.9548413465442873
LocStab,3 Circles,B,D,0.25,0.35,3,0.4171069276537409,0.28881208261549174,0.02763329993467778,157.0,1.0,4.0,0.27971707944252167
LocStab,3 Circles,AF,S,0.25,0.35,3,0.4265200423117895,0.03788536545388017,0.07641770003829151,313.0,1.0,5.0,0.0
LocStab,3 Circles,AF,P,0.25,0.35,3,0.42398154732705595,0.3345343578700351,0.027976099983789027,192.0,1.0,3.0,0.008990254556768358
LocStab,3 Circles,AF,KM,0.25,0.35,3,0.41916414041979705,0.4147989771931184,0.008297099964693189,7.0,1.0,3.0,0.9410832608688661
LocStab,3 Circles,AF,D,0.25,0.35,3,0.40110580753006936,0.2885328875230721,0.023092499934136868,153.0,1.0,4.0,0.2862415895007724
LocStab,3 Circles,AE,S,0.25,0.35,3,0.29864062313617534,0.18455116859732773,0.06248349999077618,299.0,1.0,8.0,0.0
LocStab,3 Circles,AE,P,0.25,0.35,3,0.4589349997819467,0.1251668415608483,0.025572799961082637,196.0,1.0,6.0,0.02992734046359005
LocStab,3 Circles,AE,KM,0.25,0.35,3,0.44672351952537237,0.28590029865583055,0.005367900012061,2.0,1.0,4.0,0.9831252635886957
LocStab,3 Circles,AE,D,0.25,0.35,3,0.29157768165098136,0.265066240235872,0.013959500007331371,107.0,1.0,6.0,0.5373273766693109
LocStab,3 Circles,B,S,0.4,0.4,3,0.36214404584754967,0.4566495437758118,0.05856899998616427,385.0,1.0,2.0,0.0
LocStab,3 Circles,B,P,0.4,0.4,3,0.4674504149185697,0.47871049780308433,0.02562180010136217,204.0,1.0,2.0,0.0029764092882942923
LocStab,3 Circles,B,KM,0.4,0.4,3,0.4674504149185697,0.47871049780308433,0.015371400048024952,103.0,1.0,2.0,0.44316260234437427
LocStab,3 Circles,B,D,0.4,0.4,3,0.36214404584754967,0.4566495437758118,0.02955209999345243,243.0,1.0,2.0,0.18428613325215568
LocStab,3 Circles,AF,S,0.4,0.4,3,0.09119655574551484,0.06131045259331081,0.05059550004079938,297.0,1.0,3.0,0.0
LocStab,3 Circles,AF,P,0.4,0.4,3,0.1650823861723058,0.08853870702785821,0.023866000003181398,182.0,1.0,3.0,0.010498905223854922
LocStab,3 Circles,AF,KM,0.4,0.4,3,0.4674504149185697,0.47871049780308433,0.015392799978144467,103.0,1.0,2.0,0.44316260234437427
LocStab,3 Circles,AF,D,0.4,0.4,3,0.18071676129391537,0.17895331967305617,0.025985299958847463,213.0,1.0,3.0,0.1419210816512671
LocStab,3 Circles,AE,S,0.4,0.4,3,0.35003062610029084,-0.019593553338106067,0.0506274999352172,311.0,1.0,8.0,0.0
LocStab,3 Circles,AE,P,0.4,0.4,3,0.3860228978179711,-0.11449683376355371,0.02122860006056726,158.0,1.0,6.0,0.05496721601298713
LocStab,3 Circles,AE,KM,0.4,0.4,3,0.4292496551864705,0.4089310134661956,0.005689700017683208,4.0,1.0,3.0,0.9608663985146999
LocStab,3 Circles,AE,D,0.4,0.4,3,0.3982838753347879,0.3330446512392189,0.018311699968762696,133.0,1.0,4.0,0.4090722119207599
KMeans,3 Circles,-,-,,,4,0.4447491432816625,0.40867002533219243,0.06277550000231713,,,,
DBSCAN,3 Circles,-,-,,,4,0.18664222491319388,0.12725450269910887,0.003133099991828203,,,,
LocStab,3 Circles,B,S,0.2,0.2,4,0.28644861068924266,0.2633313984361903,0.07005660003051162,338.0,1.0,9.0,0.0
LocStab,3 Circles,B,P,0.2,0.2,4,0.287691645572861,0.4249042120057072,0.03550330002326518,302.0,1.0,7.0,-0.002961246423298035
LocStab,3 Circles,B,KM,0.2,0.2,4,0.287725215223464,0.3982885064339224,0.0209618000080809,160.0,1.0,7.0,0.4296927643933338
LocStab,3 Circles,B,D,0.2,0.2,4,0.2805492102404101,0.3951026098479774,0.01956019992940128,161.0,1.0,7.0,0.33501585056458477
LocStab,3 Circles,AF,S,0.2,0.2,4,0.30560687935872743,0.2431652513675969,0.05046940001193434,301.0,1.0,8.0,0.0
LocStab,3 Circles,AF,P,0.2,0.2,4,0.263398728249452,0.04540953976913217,0.026837400044314563,218.0,1.0,5.0,-0.0014353585180041175
LocStab,3 Circles,AF,KM,0.2,0.2,4,0.45397512360655135,0.41231580003181195,0.005952300038188696,7.0,1.0,3.0,0.9212365980567393
LocStab,3 Circles,AF,D,0.2,0.2,4,0.28492769431524156,0.288280750911675,0.013169100042432547,85.0,1.0,7.0,0.6827510427836281
LocStab,3 Circles,AE,S,0.2,0.2,4,0.15377875812580133,0.11899935719928294,0.04784100002143532,284.0,1.0,19.0,0.0
LocStab,3 Circles,AE,P,0.2,0.2,4,0.2707345798883694,0.2247135781879092,0.034744199947454035,280.0,1.0,11.0,0.003148818503740059
LocStab,3 Circles,AE,KM,0.2,0.2,4,0.27057967891391016,0.2858656714209267,0.020968399941921234,153.0,1.0,9.0,0.4183222579426824
LocStab,3 Circles,AE,D,0.2,0.2,4,0.23961883182735969,0.2708851067681184,0.02183869993314147,174.0,1.0,11.0,0.4363871985328154
LocStab,3 Circles,B,S,0.25,0.35,4,0.4150338819655981,0.2894888633626749,0.0662795000243932,341.0,1.0,4.0,0.0
LocStab,3 Circles,B,P,0.25,0.35,4,0.4150338819655981,0.2894888633626749,0.04261419991962612,367.0,1.0,4.0,-0.0034920063206789207
LocStab,3 Circles,B,KM,0.25,0.35,4,0.42430898484829066,0.289110220600377,0.006019300082698464,6.0,1.0,4.0,0.9548413465442873
LocStab,3 Circles,B,D,0.25,0.35,4,0.4171069276537409,0.28881208261549174,0.02130659995600581,158.0,1.0,4.0,0.27894114278861326
LocStab,3 Circles,AF,S,0.25,0.35,4,0.31644632392950167,0.1456168724178906,0.06607679999433458,295.0,1.0,5.0,0.0
LocStab,3 Circles,AF,P,0.25,0.35,4,0.37543344719168054,0.1975395741226705,0.025314199971035123,181.0,1.0,4.0,0.008936431075476673
LocStab,3 Circles,AF,KM,0.25,0.35,4,0.41916414041979705,0.4147989771931184,0.0059331998927518725,7.0,1.0,3.0,0.9410832608688661
LocStab,3 Circles,AF,D,0.25,0.35,4,0.40110580753006936,0.28853288752307216,0.01954560005106032,154.0,1.0,4.0,0.28548248749916433
LocStab,3 Circles,AE,S,0.25,0.35,4,0.32999449063939695,0.20258969378850358,0.0568403999786824,294.0,1.0,8.0,0.0
LocStab,3 Circles,AE,P,0.25,0.35,4,0.42064844368715354,0.0452006157201523,0.031218499992974102,254.0,1.0,7.0,0.0015519130928667994
LocStab,3 Circles,AE,KM,0.25,0.35,4,0.44672351952537237,0.28590029865583055,0.005367400008253753,2.0,1.0,4.0,0.9831252635886957
LocStab,3 Circles,AE,D,0.25,0.35,4,0.29157768165098136,0.265066240235872,0.014908700017258525,108.0,1.0,6.0,0.5350938043016246
LocStab,3 Circles,B,S,0.4,0.4,4,0.36214404584754967,0.4566495437758118,0.05213500000536442,319.0,1.0,2.0,0.0
LocStab,3 Circles,B,P,0.4,0.4,4,0.4674504149185697,0.47871049780308433,0.030632699956186116,265.0,1.0,2.0,0.00013992681116283922
LocStab,3 Circles,B,KM,0.4,0.4,4,0.4674504149185697,0.47871049780308433,0.01572119991760701,103.0,1.0,2.0,0.44316260234437427
LocStab,3 Circles,B,D,0.4,0.4,4,0.36214404584754967,0.4566495437758118,0.03336610004771501,244.0,1.0,2.0,0.1838698951432863
LocStab,3 Circles,AF,S,0.4,0.4,4,0.23820462188072306,0.19130579547700038,0.05233480001334101,297.0,1.0,3.0,0.0
LocStab,3 Circles,AF,P,0.4,0.4,4,0.36214404584754967,0.4566495437758118,0.02641079993918538,202.0,1.0,2.0,-0.0024415220194237896
LocStab,3 Circles,AF,KM,0.4,0.4,4,0.4674504149185697,0.47871049780308433,0.01684429997112602,103.0,1.0,2.0,0.44316260234437427
LocStab,3 Circles,AF,D,0.4,0.4,4,0.18071676129391537,0.17895331967305614,0.02401349996216595,214.0,1.0,3.0,0.1416189121461251
LocStab,3 Circles,AE,S,0.4,0.4,4,0.44020128622647614,0.05891324395586102,0.04982159996870905,293.0,1.0,7.0,0.0
LocStab,3 Circles,AE,P,0.4,0.4,4,0.5192955298172542,0.21915062865758728,0.027394499978981912,215.0,1.0,4.0,0.02624765073262932
LocStab,3 Circles,AE,KM,0.4,0.4,4,0.4292496551864705,0.4089310134661956,0.005869899992831051,4.0,1.0,3.0,0.9608663985146999
LocStab,3 Circles,AE,D,0.4,0.4,4,0.3982838753347879,0.3330446512392189,0.017131399945355952,135.0,1.0,4.0,0.408183088503884
KMeans,3 Circles,-,-,,,5,0.4447491432816625,0.4086700253321924,0.06486779998522252,,,,
DBSCAN,3 Circles,-,-,,,5,0.1875163037340018,0.1260733437153401,0.002952600014396012,,,,
LocStab,3 Circles,B,S,0.2,0.2,5,0.2850615735362706,0.2665460303281927,0.07958489994052798,360.0,1.0,9.0,0.0
LocStab,3 Circles,B,P,0.2,0.2,5,0.287691645572861,0.4249042120057072,0.03415679989848286,288.0,1.0,7.0,0.001794048298107599
LocStab,3 Circles,B,KM,0.2,0.2,5,0.287725215223464,0.3982885064339224,0.020396800013259053,160.0,1.0,7.0,0.4296927643933338
LocStab,3 Circles,B,D,0.2,0.2,5,0.28213033633123785,0.3956047936775751,0.019703500089235604,160.0,1.0,7.0,0.3371603999585171
LocStab,3 Circles,AF,S,0.2,0.2,5,0.328142703940978,0.23803792887851982,0.055528400000184774,307.0,1.0,8.0,0.0
LocStab,3 Circles,AF,P,0.2,0.2,5,0.37080955550629874,-0.18419874442381332,0.024633900029584765,172.0,1.0,7.0,0.023872303694599997
LocStab,3 Circles,AF,KM,0.2,0.2,5,0.45397512360655135,0.41231580003181195,0.00947769999038428,7.0,1.0,3.0,0.9212365980567393
LocStab,3 Circles,AF,D,0.2,0.2,5,0.28492769431524156,0.288280750911675,0.021700000041164458,83.0,1.0,7.0,0.684404514312808
LocStab,3 Circles,AE,S,0.2,0.2,5,0.166049215693444,0.14835596063231132,0.06424830004107207,290.0,1.0,18.0,0.0
LocStab,3 Circles,AE,P,0.2,0.2,5,0.2850922950223425,0.37451530682919365,0.03265710000414401,276.0,1.0,8.0,0.007059597156072694
LocStab,3 Circles,AE,KM,0.2,0.2,5,0.27057967891391016,0.28586567142092667,0.020459100021980703,153.0,1.0,9.0,0.4183222579426824
LocStab,3 Circles,AE,D,0.2,0.2,5,0.24133475185724657,0.2694092922400753,0.021226600045338273,174.0,1.0,11.0,0.4365937548229324
LocStab,3 Circles,B,S,0.25,0.35,5,0.4150338819655981,0.28948886336267493,0.06375289999414235,340.0,1.0,4.0,0.0
LocStab,3 Circles,B,P,0.25,0.35,5,0.4150338819655981,0.28948886336267493,0.025797500042244792,229.0,1.0,4.0,0.0028775049737739017
LocStab,3 Circles,B,KM,0.25,0.35,5,0.42430898484829066,0.289110220600377,0.005601500044576824,6.0,1.0,4.0,0.9548413465442873
LocStab,3 Circles,B,D,0.25,0.35,5,0.4171069276537409,0.28881208261549174,0.02021370001602918,160.0,1.0,4.0,0.27971707944252167
LocStab,3 Circles,AF,S,0.25,0.35,5,0.32371965332423475,0.14612197513058492,0.05507399991620332,295.0,1.0,5.0,0.0
LocStab,3 Circles,AF,P,0.25,0.35,5,0.4232419058633283,0.013197637875700753,0.02356780006084591,182.0,1.0,5.0,0.011809345745083268
LocStab,3 Circles,AF,KM,0.25,0.35,5,0.41916414041979705,0.4147989771931185,0.0061926000053063035,7.0,1.0,3.0,0.9410832608688661
LocStab,3 Circles,AF,D,0.25,0.35,5,0.4124106366343392,0.2902078609762837,0.019438899937085807,154.0,1.0,4.0,0.2869772958993193
LocStab,3 Circles,AE,S,0.25,0.35,5,0.3538777674665253,0.1043559674049519,0.05796170001849532,292.0,1.0,9.0,0.0
LocStab,3 Circles,AE,P,0.25,0.35,5,0.4975454723186893,0.13318221955751797,0.025338200037367642,205.0,1.0,6.0,0.013268127961512343
LocStab,3 Circles,AE,KM,0.25,0.35,5,0.44672351952537237,0.28590029865583055,0.005247499910183251,2.0,1.0,4.0,0.9831252635886957
LocStab,3 Circles,AE,D,0.25,0.35,5,0.28533009766818634,0.2631843438715198,0.01491090003401041,108.0,1.0,6.0,0.5334682505924384
LocStab,3 Circles,B,S,0.4,0.4,5,0.36214404584754967,0.4566495437758118,0.060249999980442226,384.0,1.0,2.0,0.0
LocStab,3 Circles,B,P,0.4,0.4,5,0.36214404584754967,0.4566495437758118,0.024451600038446486,209.0,1.0,2.0,0.0019470079641601503
LocStab,3 Circles,B,KM,0.4,0.4,5,0.4674504149185697,0.47871049780308433,0.01695850002579391,103.0,1.0,2.0,0.44316260234437427
LocStab,3 Circles,B,D,0.4,0.4,5,0.36214404584754967,0.4566495437758118,0.034201900009065866,243.0,1.0,2.0,0.18428613325215568
LocStab,3 Circles,AF,S,0.4,0.4,5,0.09050773107910333,0.0718399573131953,0.06189839995931834,297.0,1.0,3.0,0.0
LocStab,3 Circles,AF,P,0.4,0.4,5,0.33834547577998997,0.4548502390607831,0.02840670000296086,189.0,1.0,2.0,0.00676992380846449
LocStab,3 Circles,AF,KM,0.4,0.4,5,0.4674504149185697,0.47871049780308433,0.01797779998742044,103.0,1.0,2.0,0.44316260234437427
LocStab,3 Circles,AF,D,0.4,0.4,5,0.18071676129391537,0.17895331967305614,0.03050170000642538,213.0,1.0,3.0,0.1419210816512671
LocStab,3 Circles,AE,S,0.4,0.4,5,0.3550599623245492,-0.02005997138754274,0.05083860002923757,292.0,1.0,8.0,0.0
LocStab,3 Circles,AE,P,0.4,0.4,5,0.3610719927505174,0.033605019833190274,0.0199381000129506,149.0,1.0,5.0,0.0797162724717526
LocStab,3 Circles,AE,KM,0.4,0.4,5,0.4292496551864705,0.40893101346619554,0.005457599996589124,4.0,1.0,3.0,0.9608663985146999
LocStab,3 Circles,AE,D,0.4,0.4,5,0.3982838753347879,0.3330446512392189,0.016452500014565885,133.0,1.0,4.0,0.4090722119207599
KMeans,3 Circles,-,-,,,6,0.4447491432816625,0.4086700253321924,0.060081099974922836,,,,
DBSCAN,3 Circles,-,-,,,6,0.1875163037340018,0.1260733437153401,0.0031729000620543957,,,,
LocStab,3 Circles,B,S,0.2,0.2,6,0.2850615735362706,0.2665460303281927,0.07419419998768717,347.0,1.0,9.0,0.0
LocStab,3 Circles,B,P,0.2,0.2,6,0.287691645572861,0.4249042120057072,0.03835480008274317,313.0,1.0,7.0,-0.004353040000294806
LocStab,3 Circles,B,KM,0.2,0.2,6,0.287725215223464,0.3982885064339224,0.02111600001808256,160.0,1.0,7.0,0.4296927643933338
LocStab,3 Circles,B,D,0.2,0.2,6,0.28948251315489837,0.30951724115840873,0.019513100036419928,159.0,1.0,8.0,0.34720040613400116
LocStab,3 Circles,AF,S,0.2,0.2,6,0.2896025419460304,0.24260495938576232,0.048349699936807156,294.0,1.0,8.0,0.0
LocStab,3 Circles,AF,P,0.2,0.2,6,0.2518310963668845,-0.16941993700742383,0.027555799926631153,227.0,1.0,8.0,-0.0015948436326308532
LocStab,3 Circles,AF,KM,0.2,0.2,6,0.45397512360655135,0.41231580003181195,0.005803599953651428,7.0,1.0,3.0,0.9212365980567393
LocStab,3 Circles,AF,D,0.2,0.2,6,0.28492769431524156,0.288280750911675,0.012468499946407974,83.0,1.0,7.0,0.684404514312808
LocStab,3 Circles,AE,S,0.2,0.2,6,0.18802908909175609,0.15398330626960416,0.04658039996866137,285.0,1.0,18.0,0.0
LocStab,3 Circles,AE,P,0.2,0.2,6,0.27812067638392485,0.13259214025774976,0.03553960006684065,293.0,1.0,11.0,-0.0022811533238219907
LocStab,3 Circles,AE,KM,0.2,0.2,6,0.27657659906590976,0.21916439114538036,0.020171500043943524,146.0,1.0,10.0,0.4280324254333698
LocStab,3 Circles,AE,D,0.2,0.2,6,0.24080799745115727,0.22474506761754792,0.02177769993431866,174.0,1.0,12.0,0.43477062269728506
LocStab,3 Circles,B,S,0.25,0.35,6,0.4150338819655981,0.28948886336267493,0.06637420004699379,332.0,1.0,4.0,0.0
LocStab,3 Circles,B,P,0.25,0.35,6,0.4150338819655981,0.28948886336267493,0.03028860001359135,243.0,1.0,4.0,-0.002806058950507078
LocStab,3 Circles,B,KM,0.25,0.35,6,0.42430898484829066,0.289110220600377,0.00601669994648546,6.0,1.0,4.0,0.9548413465442873
LocStab,3 Circles,B,D,0.25,0.35,6,0.4171069276537409,0.28881208261549174,0.02009350003208965,157.0,1.0,4.0,0.27971707944252167
LocStab,3 Circles,AF,S,0.25,0.35,6,0.3655335181234513,0.14014959371123395,0.05750059999991208,295.0,1.0,5.0,0.0
LocStab,3 Circles,AF,P,0.25,0.35,6,0.41916414041979705,0.4147989771931185,0.027062600012868643,220.0,1.0,3.0,0.0004333984796001334
LocStab,3 Circles,AF,KM,0.25,0.35,6,0.41916414041979705,0.4147989771931185,0.005847199936397374,7.0,1.0,3.0,0.9410832608688661
LocStab,3 Circles,AF,D,0.25,0.35,6,0.40110580753006936,0.2885328875230721,0.019460199982859194,153.0,1.0,4.0,0.2862415895007724
LocStab,3 Circles,AE,S,0.25,0.35,6,0.3528478164056208,0.08345241004936618,0.05707819992676377,293.0,1.0,8.0,0.0
LocStab,3 Circles,AE,P,0.25,0.35,6,0.4256171416707428,0.028973377539778487,0.027648900053463876,215.0,1.0,7.0,0.013690252064763367
LocStab,3 Circles,AE,KM,0.25,0.35,6,0.44672351952537237,0.28590029865583055,0.005326699931174517,2.0,1.0,4.0,0.9831252635886957
LocStab,3 Circles,AE,D,0.25,0.35,6,0.29157768165098136,0.265066240235872,0.015515899984166026,107.0,1.0,6.0,0.5373273766693109
LocStab,3 Circles,B,S,0.4,0.4,6,0.36214404584754967,0.4566495437758118,0.05521639995276928,345.0,1.0,2.0,0.0
LocStab,3 Circles,B,P,0.4,0.4,6,0.4674504149185697,0.47871049780308433,0.03224980004597455,262.0,1.0,2.0,-0.0018101548918650347
LocStab,3 Circles,B,KM,0.4,0.4,6,0.4674504149185697,0.47871049780308433,0.0160959999775514,103.0,1.0,2.0,0.44316260234437427
LocStab,3 Circles,B,D,0.4,0.4,6,0.36214404584754967,0.4566495437758118,0.03300410008523613,243.0,1.0,2.0,0.18428613325215568
LocStab,3 Circles,AF,S,0.4,0.4,6,0.08024109526694538,0.11667444543823573,0.05028289998881519,297.0,1.0,3.0,0.0
LocStab,3 Circles,AF,P,0.4,0.4,6,0.10473998489729697,0.08400080592189842,0.025017600040882826,186.0,1.0,3.0,0.02468738903622323
LocStab,3 Circles,AF,KM,0.4,0.4,6,0.4674504149185697,0.47871049780308433,0.0153566999360919,103.0,1.0,2.0,0.44316260234437427
LocStab,3 Circles,AF,D,0.4,0.4,6,0.18071676129391537,0.17895331967305614,0.027956999954767525,213.0,1.0,3.0,0.1419210816512671
LocStab,3 Circles,AE,S,0.4,0.4,6,0.2922478334710555,0.1395693116103131,0.04999769991263747,293.0,1.0,7.0,0.0
LocStab,3 Circles,AE,P,0.4,0.4,6,0.5200926315844283,0.008496026633794932,0.027196599985472858,216.0,1.0,5.0,0.01751324028953228
LocStab,3 Circles,AE,KM,0.4,0.4,6,0.4292496551864705,0.40893101346619554,0.006037099985405803,4.0,1.0,3.0,0.9608663985146999
LocStab,3 Circles,AE,D,0.4,0.4,6,0.3982838753347879,0.3330446512392189,0.01905940007418394,133.0,1.0,4.0,0.4090722119207599
KMeans,3 Circles,-,-,,,7,0.4447491432816625,0.4086700253321924,0.0708331000059843,,,,
DBSCAN,3 Circles,-,-,,,7,0.1875163037340018,0.1260733437153401,0.0029275999404489994,,,,
LocStab,3 Circles,B,S,0.2,0.2,7,0.2850615735362706,0.2665460303281927,0.06698719994165003,334.0,1.0,9.0,0.0
LocStab,3 Circles,B,P,0.2,0.2,7,0.2888443463577557,0.42632864282771027,0.03657090000342578,311.0,1.0,7.0,-0.004898902422368731
LocStab,3 Circles,B,KM,0.2,0.2,7,0.287725215223464,0.3982885064339224,0.021502300049178302,160.0,1.0,7.0,0.4296927643933338
LocStab,3 Circles,B,D,0.2,0.2,7,0.28948251315489837,0.30951724115840873,0.01939430006314069,156.0,1.0,8.0,0.34720040613400116
LocStab,3 Circles,AF,S,0.2,0.2,7,0.2839137143010305,0.34396897523454856,0.04810510005336255,295.0,1.0,7.0,0.0
LocStab,3 Circles,AF,P,0.2,0.2,7,0.26451935987032504,-0.10830933913049816,0.02486290002707392,196.0,1.0,5.0,0.004409134840082838
LocStab,3 Circles,AF,KM,0.2,0.2,7,0.45397512360655135,0.41231580003181195,0.005934400018304586,7.0,1.0,3.0,0.9212365980567393
LocStab,3 Circles,AF,D,0.2,0.2,7,0.28492769431524156,0.288280750911675,0.012793300091288984,83.0,1.0,7.0,0.684404514312808
LocStab,3 Circles,AE,S,0.2,0.2,7,0.16268217782013936,0.18601366415871462,0.04780369997024536,283.0,1.0,18.0,0.0
LocStab,3 Circles,AE,P,0.2,0.2,7,0.278008115092515,0.30554469355516156,0.03342350001912564,282.0,1.0,10.0,0.0058727123196937025
LocStab,3 Circles,AE,KM,0.2,0.2,7,0.27057967891391016,0.2858656714209267,0.021224700030870736,153.0,1.0,9.0,0.4183222579426824
LocStab,3 Circles,AE,D,0.2,0.2,7,0.24080799745115727,0.22474506761754792,0.021439699921756983,174.0,1.0,12.0,0.43477062269728506
LocStab,3 Circles,B,S,0.25,0.35,7,0.4150338819655981,0.2894888633626749,0.06412629992701113,340.0,1.0,4.0,0.0
LocStab,3 Circles,B,P,0.25,0.35,7,0.4150338819655981,0.2894888633626749,0.0341230999911204,249.0,1.0,4.0,-0.0023160965432414767
LocStab,3 Circles,B,KM,0.25,0.35,7,0.42430898484829066,0.289110220600377,0.00577829999383539,6.0,1.0,4.0,0.9548413465442873
LocStab,3 Circles,B,D,0.25,0.35,7,0.4171069276537409,0.28881208261549174,0.020392399979755282,157.0,1.0,4.0,0.27971707944252167
LocStab,3 Circles,AF,S,0.25,0.35,7,0.32371965332423475,0.14612197513058492,0.057915300014428794,295.0,1.0,5.0,0.0
LocStab,3 Circles,AF,P,0.25,0.35,7,0.42778749834029184,0.056159432136028316,0.024137199972756207,183.0,1.0,4.0,0.010494076685894693
LocStab,3 Circles,AF,KM,0.25,0.35,7,0.41916414041979705,0.4147989771931184,0.0057884999550879,7.0,1.0,3.0,0.9410832608688661
LocStab,3 Circles,AF,D,0.25,0.35,7,0.40110580753006936,0.2885328875230721,0.019480600021779537,153.0,1.0,4.0,0.2862415895007724
LocStab,3 Circles,AE,S,0.25,0.35,7,0.3558887668177527,0.19182543504188607,0.05684800003655255,295.0,1.0,8.0,0.0
LocStab,3 Circles,AE,P,0.25,0.35,7,0.39504391953709417,0.007673308497177528,0.026930199936032295,217.0,1.0,7.0,0.010969704161577339
LocStab,3 Circles,AE,KM,0.25,0.35,7,0.44672351952537237,0.28590029865583055,0.0053388000233098865,2.0,1.0,4.0,0.9831252635886957
LocStab,3 Circles,AE,D,0.25,0.35,7,0.29157768165098136,0.26506624023587205,0.013871000031940639,107.0,1.0,6.0,0.5373273766693109
LocStab,3 Circles,B,S,0.4,0.4,7,0.36214404584754967,0.45664954377581174,0.0506587999407202,319.0,1.0,2.0,0.0
LocStab,3 Circles,B,P,0.4,0.4,7,0.4674504149185697,0.47871049780308444,0.030364500009454787,266.0,1.0,2.0,-0.001455594582223603
LocStab,3 Circles,B,KM,0.4,0.4,7,0.4674504149185697,0.47871049780308444,0.015525200054980814,103.0,1.0,2.0,0.44316260234437427
LocStab,3 Circles,B,D,0.4,0.4,7,0.36214404584754967,0.45664954377581174,0.029571700026281178,243.0,1.0,2.0,0.18428613325215568
LocStab,3 Circles,AF,S,0.4,0.4,7,0.23820462188072306,0.19130579547700038,0.05109179997816682,297.0,1.0,3.0,0.0
LocStab,3 Circles,AF,P,0.4,0.4,7,0.34056744553019913,0.4552616799141393,0.026037400006316602,194.0,1.0,2.0,-0.0016300071221913807
LocStab,3 Circles,AF,KM,0.4,0.4,7,0.4674504149185697,0.47871049780308444,0.01778530003502965,103.0,1.0,2.0,0.44316260234437427
LocStab,3 Circles,AF,D,0.4,0.4,7,0.18071676129391537,0.17895331967305614,0.042270699981600046,213.0,1.0,3.0,0.1419210816512671
LocStab,3 Circles,AE,S,0.4,0.4,7,0.28561434006329184,0.059741664552784686,0.05384870001580566,292.0,1.0,8.0,0.0
LocStab,3 Circles,AE,P,0.4,0.4,7,0.47199623301592075,0.17532584192743642,0.025521000032313168,213.0,1.0,4.0,0.0468801368817665
LocStab,3 Circles,AE,KM,0.4,0.4,7,0.4292496551864705,0.40893101346619554,0.006917599937878549,4.0,1.0,3.0,0.9608663985146999
LocStab,3 Circles,AE,D,0.4,0.4,7,0.3982838753347879,0.3330446512392189,0.020347099984064698,133.0,1.0,4.0,0.4090722119207599
KMeans,3 Circles,-,-,,,8,0.4447491432816625,0.4086700253321924,0.06148819997906685,,,,
DBSCAN,3 Circles,-,-,,,8,0.18664222491319388,0.12725450269910885,0.0029734999407082796,,,,
LocStab,3 Circles,B,S,0.2,0.2,8,0.2882586184869394,0.32469672348563333,0.08378019998781383,390.0,1.0,8.0,0.0
LocStab,3 Circles,B,P,0.2,0.2,8,0.28973280891310216,0.4251643631272045,0.0351344000082463,293.0,1.0,7.0,-0.003994985817897265
LocStab,3 Circles,B,KM,0.2,0.2,8,0.287725215223464,0.39828850643392244,0.022221999941393733,164.0,1.0,7.0,0.4296927643933338
LocStab,3 Circles,B,D,0.2,0.2,8,0.2879063644235204,0.30880125937230646,0.020352500025182962,157.0,1.0,8.0,0.345081969234151
LocStab,3 Circles,AF,S,0.2,0.2,8,0.3250212513432453,0.24595885171879406,0.05033389991149306,303.0,1.0,6.0,0.0
LocStab,3 Circles,AF,P,0.2,0.2,8,0.37830125332943804,0.22065194854773315,0.025031500030308962,197.0,1.0,4.0,0.0016910013484007034
LocStab,3 Circles,AF,KM,0.2,0.2,8,0.45397512360655135,0.4123158000318119,0.006104899919591844,7.0,1.0,3.0,0.9212365980567393
LocStab,3 Circles,AF,D,0.2,0.2,8,0.28492769431524156,0.28828075091167504,0.01298469991888851,85.0,1.0,7.0,0.6827510427836281
LocStab,3 Circles,AE,S,0.2,0.2,8,0.17286848903813276,0.15987340774889347,0.04818000004161149,284.0,1.0,19.0,0.0
LocStab,3 Circles,AE,P,0.2,0.2,8,0.2728875870403136,0.3384824994222154,0.038682400016114116,280.0,1.0,9.0,-0.001069605971594058
LocStab,3 Circles,AE,KM,0.2,0.2,8,0.27057967891391016,0.2858656714209267,0.02283879998140037,153.0,1.0,9.0,0.4183222579426824
LocStab,3 Circles,AE,D,0.2,0.2,8,0.23961883182735969,0.2708851067681184,0.0256796000758186,174.0,1.0,11.0,0.4363871985328154
LocStab,3 Circles,B,S,0.25,0.35,8,0.4150338819655981,0.28948886336267493,0.07279469992499799,363.0,1.0,4.0,0.0
LocStab,3 Circles,B,P,0.25,0.35,8,0.4150338819655981,0.28948886336267493,0.04155539989005774,311.0,1.0,4.0,-0.0022181040617883564
LocStab,3 Circles,B,KM,0.25,0.35,8,0.42430898484829066,0.289110220600377,0.006291299941949546,6.0,1.0,4.0,0.9548413465442873
LocStab,3 Circles,B,D,0.25,0.35,8,0.4171069276537409,0.28881208261549174,0.021696200012229383,158.0,1.0,4.0,0.27894114278861326
LocStab,3 Circles,AF,S,0.25,0.35,8,0.24992708619468287,0.21428861018414191,0.058436900028027594,298.0,1.0,4.0,0.0
LocStab,3 Circles,AF,P,0.25,0.35,8,0.3883567321859299,0.08216663680059628,0.02305840002372861,174.0,1.0,4.0,0.022731109803996213
LocStab,3 Circles,AF,KM,0.25,0.35,8,0.41916414041979705,0.4147989771931184,0.00620039994828403,7.0,1.0,3.0,0.9410832608688661
LocStab,3 Circles,AF,D,0.25,0.35,8,0.40110580753006936,0.2885328875230721,0.01990980003029108,154.0,1.0,4.0,0.28548248749916433
LocStab,3 Circles,AE,S,0.25,0.35,8,0.3383222591175336,0.2747998827923095,0.06012649997137487,293.0,1.0,7.0,0.0
LocStab,3 Circles,AE,P,0.25,0.35,8,0.42151743532724384,0.045708608577829914,0.028797100065276027,242.0,1.0,7.0,0.0056680178861012905
LocStab,3 Circles,AE,KM,0.25,0.35,8,0.44672351952537237,0.28590029865583055,0.0055992999114096165,2.0,1.0,4.0,0.9831252635886957
LocStab,3 Circles,AE,D,0.25,0.35,8,0.28533009766818634,0.2631843438715198,0.014419800019823015,109.0,1.0,6.0,0.5312184942259691
LocStab,3 Circles,B,S,0.4,0.4,8,0.36214404584754967,0.45664954377581174,0.056000899989157915,345.0,1.0,2.0,0.0
LocStab,3 Circles,B,P,0.4,0.4,8,0.4674504149185697,0.47871049780308433,0.02822760003618896,256.0,1.0,2.0,-0.002519275511147898
LocStab,3 Circles,B,KM,0.4,0.4,8,0.4674504149185697,0.47871049780308433,0.0163763000164181,103.0,1.0,2.0,0.44316260234437427
LocStab,3 Circles,B,D,0.4,0.4,8,0.36214404584754967,0.45664954377581174,0.029465199913829565,244.0,1.0,2.0,0.1838698951432863
LocStab,3 Circles,AF,S,0.4,0.4,8,0.08024109526694538,0.11667444543823571,0.05034080008044839,297.0,1.0,3.0,0.0
LocStab,3 Circles,AF,P,0.4,0.4,8,0.31445777549259535,0.4502834434808568,0.024414899991825223,184.0,1.0,2.0,0.008306098715467572
LocStab,3 Circles,AF,KM,0.4,0.4,8,0.4674504149185697,0.47871049780308433,0.01617479999549687,103.0,1.0,2.0,0.44316260234437427
LocStab,3 Circles,AF,D,0.4,0.4,8,0.18071676129391537,0.17895331967305614,0.02623179997317493,214.0,1.0,3.0,0.1416189121461251
LocStab,3 Circles,AE,S,0.4,0.4,8,0.40366034706868476,0.08846915247196525,0.048412300064228475,293.0,1.0,7.0,0.0
LocStab,3 Circles,AE,P,0.4,0.4,8,0.49242994710571797,0.11724675924375859,0.027583600021898746,211.0,1.0,4.0,0.03157119287979689
LocStab,3 Circles,AE,KM,0.4,0.4,8,0.4292496551864705,0.4089310134661956,0.006200599949806929,4.0,1.0,3.0,0.9608663985146999
LocStab,3 Circles,AE,D,0.4,0.4,8,0.3982838753347879,0.3330446512392189,0.018556599970906973,135.0,1.0,4.0,0.408183088503884
KMeans,3 Circles,-,-,,,9,0.4447491432816625,0.4086700253321924,0.061269700061529875,,,,
DBSCAN,3 Circles,-,-,,,9,0.1875163037340018,0.1260733437153401,0.0029832000145688653,,,,
LocStab,3 Circles,B,S,0.2,0.2,9,0.2850615735362706,0.2665460303281927,0.06735090003348887,329.0,1.0,9.0,0.0
LocStab,3 Circles,B,P,0.2,0.2,9,0.2882586184869394,0.32469672348563333,0.03775540005881339,260.0,1.0,8.0,0.0005432606746451039
LocStab,3 Circles,B,KM,0.2,0.2,9,0.287725215223464,0.3982885064339224,0.0208178999600932,160.0,1.0,7.0,0.4296927643933338
LocStab,3 Circles,B,D,0.2,0.2,9,0.28213033633123785,0.3956047936775751,0.0203704999294132,160.0,1.0,7.0,0.3371603999585171
LocStab,3 Circles,AF,S,0.2,0.2,9,0.2941662436233438,0.2585353182753044,0.04838449996896088,296.0,1.0,8.0,0.0
LocStab,3 Circles,AF,P,0.2,0.2,9,0.26044176384993356,-0.015402976985054877,0.027256499975919724,216.0,1.0,6.0,-0.0015639300702250153
LocStab,3 Circles,AF,KM,0.2,0.2,9,0.45397512360655135,0.41231580003181195,0.005878599942661822,7.0,1.0,3.0,0.9212365980567393
LocStab,3 Circles,AF,D,0.2,0.2,9,0.28492769431524156,0.288280750911675,0.012773499940522015,83.0,1.0,7.0,0.684404514312808
LocStab,3 Circles,AE,S,0.2,0.2,9,0.18802779004592027,0.06938052362276563,0.04811009997501969,285.0,1.0,20.0,0.0
LocStab,3 Circles,AE,P,0.2,0.2,9,0.2763589503280225,0.3442437274300566,0.030994800035841763,261.0,1.0,8.0,0.003983130271790066
LocStab,3 Circles,AE,KM,0.2,0.2,9,0.27057967891391016,0.2858656714209267,0.021598500083200634,153.0,1.0,9.0,0.4183222579426824
LocStab,3 Circles,AE,D,0.2,0.2,9,0.24133475185724657,0.2694092922400753,0.02218850003555417,174.0,1.0,11.0,0.4365937548229324
LocStab,3 Circles,B,S,0.25,0.35,9,0.4150338819655981,0.2894888633626749,0.0624182999599725,332.0,1.0,4.0,0.0
LocStab,3 Circles,B,P,0.25,0.35,9,0.4150338819655981,0.2894888633626749,0.030021400074474514,249.0,1.0,4.0,-0.004569923616663245
LocStab,3 Circles,B,KM,0.25,0.35,9,0.42430898484829066,0.28911022060037705,0.006074099917896092,6.0,1.0,4.0,0.9548413465442873
LocStab,3 Circles,B,D,0.25,0.35,9,0.4171069276537409,0.28881208261549174,0.02244950004387647,157.0,1.0,4.0,0.27971707944252167
LocStab,3 Circles,AF,S,0.25,0.35,9,0.3655335181234513,0.14014959371123395,0.06600170000456274,295.0,1.0,5.0,0.0
LocStab,3 Circles,AF,P,0.25,0.35,9,0.333249778477802,0.36064261862629204,0.025757300085388124,182.0,1.0,3.0,0.005283089370841585
LocStab,3 Circles,AF,KM,0.25,0.35,9,0.41916414041979705,0.4147989771931185,0.00584200001321733,7.0,1.0,3.0,0.9410832608688661
LocStab,3 Circles,AF,D,0.25,0.35,9,0.40110580753006936,0.2885328875230721,0.019823099952191114,153.0,1.0,4.0,0.2862415895007724
LocStab,3 Circles,AE,S,0.25,0.35,9,0.3033454766572313,0.2736273147529918,0.05773400003090501,295.0,1.0,7.0,0.0
LocStab,3 Circles,AE,P,0.25,0.35,9,0.4393044074292095,0.03204091672119485,0.026866500033065677,221.0,1.0,7.0,0.008670278617903128
LocStab,3 Circles,AE,KM,0.25,0.35,9,0.44672351952537237,0.28590029865583055,0.005292800022289157,2.0,1.0,4.0,0.9831252635886957
LocStab,3 Circles,AE,D,0.25,0.35,9,0.29157768165098136,0.26506624023587205,0.01475530001334846,107.0,1.0,6.0,0.5373273766693109
LocStab,3 Circles,B,S,0.4,0.4,9,0.36214404584754967,0.45664954377581174,0.052350300014950335,319.0,1.0,2.0,0.0
LocStab,3 Circles,B,P,0.4,0.4,9,0.4674504149185697,0.47871049780308433,0.028906799969263375,256.0,1.0,2.0,-0.0035829564400721927
LocStab,3 Circles,B,KM,0.4,0.4,9,0.4674504149185697,0.47871049780308433,0.016010600025765598,103.0,1.0,2.0,0.44316260234437427
LocStab,3 Circles,B,D,0.4,0.4,9,0.36214404584754967,0.45664954377581174,0.03196709998883307,242.0,1.0,2.0,0.18428613325215568
LocStab,3 Circles,AF,S,0.4,0.4,9,0.23820462188072306,0.19130579547700038,0.05194599996320903,297.0,1.0,3.0,0.0
LocStab,3 Circles,AF,P,0.4,0.4,9,0.13268463554847731,0.3616056536346146,0.025062899920158088,181.0,1.0,2.0,0.024090326496562363
LocStab,3 Circles,AF,KM,0.4,0.4,9,0.4674504149185697,0.47871049780308433,0.015348099987022579,103.0,1.0,2.0,0.44316260234437427
LocStab,3 Circles,AF,D,0.4,0.4,9,0.18071676129391537,0.17895331967305617,0.02583790000062436,213.0,1.0,3.0,0.1419210816512671
LocStab,3 Circles,AE,S,0.4,0.4,9,0.44288784318442675,0.1883307947094055,0.05244420003145933,307.0,1.0,6.0,0.0
LocStab,3 Circles,AE,P,0.4,0.4,9,0.44919836701875887,0.1863582967585923,0.024762499961070716,210.0,1.0,4.0,0.0422302600195943
LocStab,3 Circles,AE,KM,0.4,0.4,9,0.4292496551864705,0.4089310134661956,0.005551599897444248,4.0,1.0,3.0,0.9608663985146999
LocStab,3 Circles,AE,D,0.4,0.4,9,0.3982838753347879,0.3330446512392189,0.017291299998760223,133.0,1.0,4.0,0.4090722119207599
KMeans,Cancer,-,-,,,0,0.6707206476880808,0.34497400510344084,0.06632360001094639,,,,
DBSCAN,Cancer,-,-,,,0,0.0,,0.013917199918068945,,,,
LocStab,Cancer,B,S,0.2,0.2,0,0.42753984310948684,0.04194455448744464,0.43476560001727194,532.0,1.0,62.0,0.0
LocStab,Cancer,B,P,0.2,0.2,0,0.4235639733936844,0.07602443714786362,0.17027270002290606,465.0,1.0,53.0,5.554016037830684e-05
LocStab,Cancer,B,KM,0.2,0.2,0,0.4317855621565537,0.08899539538176648,0.0821583999786526,200.0,1.0,54.0,0.5662959005487952
LocStab,Cancer,B,D,0.2,0.2,0,0.4299590762006471,0.10006456115627936,0.11636019998695701,297.0,1.0,51.0,0.0
LocStab,Cancer,AF,S,0.2,0.2,0,0.4024376232284305,0.035151636273209164,0.39348400000017136,524.0,1.0,55.0,0.0
LocStab,Cancer,AF,P,0.2,0.2,0,0.512638966199348,0.07545501285255239,0.09743919991888106,247.0,1.0,31.0,0.034097551397613696
LocStab,Cancer,AF,KM,0.2,0.2,0,0.6357003116603737,0.2805592789792869,0.019068000023253262,24.0,1.0,18.0,0.9108876063452302
LocStab,Cancer,AF,D,0.2,0.2,0,0.018279377691825017,0.20729817951664395,0.015609599999152124,14.0,1.0,15.0,0.0
LocStab,Cancer,AE,S,0.2,0.2,0,0.1560159306466135,0.017218054379538588,0.3964539999142289,506.0,1.0,83.0,0.0
LocStab,Cancer,AE,P,0.2,0.2,0,0.26488083145461394,0.014833536034022285,0.13846409996040165,369.0,1.0,62.0,0.0779235749469659
LocStab,Cancer,AE,KM,0.2,0.2,0,0.4248392081572543,0.05255788757378157,0.07892470003571361,195.0,1.0,61.0,0.5690442348095675
LocStab,Cancer,AE,D,0.2,0.2,0,0.40571458513097636,0.04686747028020811,0.11387180001474917,290.0,1.0,61.0,0.0
LocStab,Cancer,B,S,0.25,0.35,0,0.19791418760323165,0.20908564764447765,0.5661859998945147,571.0,1.0,22.0,0.0
LocStab,Cancer,B,P,0.25,0.35,0,0.19789698974845166,0.21894977595488624,0.12564450001809746,359.0,1.0,16.0,-0.00045525025222002967
LocStab,Cancer,B,KM,0.25,0.35,0,0.19882576152880638,0.22710388077314272,0.06143780006095767,147.0,1.0,15.0,0.3167025801900312
LocStab,Cancer,B,D,0.25,0.35,0,0.19789698974845166,0.21894977595488624,0.0497434000717476,113.0,1.0,16.0,0.0
LocStab,Cancer,AF,S,0.25,0.35,0,0.17018796111015005,0.16628866472536621,0.552429800038226,545.0,1.0,25.0,0.0
LocStab,Cancer,AF,P,0.25,0.35,0,0.04139960285698718,0.1589242162848872,0.09059909998904914,270.0,1.0,13.0,0.007671956919067965
LocStab,Cancer,AF,KM,0.25,0.35,0,0.22554164307846025,0.3524765509727416,0.046749899978749454,114.0,1.0,10.0,0.35881365652768016
LocStab,Cancer,AF,D,0.25,0.35,0,0.01645876292700162,0.41976509803012807,0.014004399999976158,10.0,1.0,9.0,0.0
LocStab,Cancer,AE,S,0.25,0.35,0,0.38552250645194125,0.14313341303440016,0.5545315999770537,545.0,1.0,29.0,0.0
LocStab,Cancer,AE,P,0.25,0.35,0,0.06386147471774911,0.02167739935118749,0.08975029992870986,237.0,1.0,18.0,0.11173026093952568
LocStab,Cancer,AE,KM,0.25,0.35,0,0.4243328649627621,0.26211243702490944,0.04226330004166812,92.0,1.0,17.0,0.5988018974468461
LocStab,Cancer,AE,D,0.25,0.35,0,0.1950524380367737,0.2089870702818782,0.045200099935755134,104.0,1.0,17.0,0.0
LocStab,Cancer,B,S,0.4,0.4,0,0.05881865786022306,0.34820023371546527,0.3229550999822095,562.0,1.0,8.0,0.0
LocStab,Cancer,B,P,0.4,0.4,0,0.05881865786022306,0.34820023371546527,0.1182614000281319,314.0,1.0,8.0,-2.280730662694749e-05
LocStab,Cancer,B,KM,0.4,0.4,0,0.05884316137269948,0.3484272848076753,0.06916710000950843,173.0,1.0,8.0,0.1029316722277086
LocStab,Cancer,B,D,0.4,0.4,0,0.05884316137269948,0.3484272848076753,0.022250000038184226,34.0,1.0,8.0,0.0
LocStab,Cancer,AF,S,0.4,0.4,0,0.05902694029245294,0.35284141006311265,0.32141350000165403,561.0,1.0,8.0,0.0
LocStab,Cancer,AF,P,0.4,0.4,0,0.01585845678064791,0.5362491948364352,0.09330169996246696,276.0,1.0,2.0,0.0012022768076325836
LocStab,Cancer,AF,KM,0.4,0.4,0,0.06332138496246696,0.48512145073670737,0.06468049995601177,160.0,1.0,2.0,0.11038712115167329
LocStab,Cancer,AF,D,0.4,0.4,0,0.0,,0.010954299941658974,0.0,1.0,1.0,1.0
LocStab,Cancer,AE,S,0.4,0.4,0,0.08191814011264997,0.057656545386214786,0.3123590999748558,567.0,1.0,14.0,0.0
LocStab,Cancer,AE,P,0.4,0.4,0,0.08829418508253303,0.02747500470916023,0.05922289995942265,141.0,1.0,10.0,0.31764882828681146
LocStab,Cancer,AE,KM,0.4,0.4,0,0.26508292731375577,0.34374453918842807,0.04725719999987632,107.0,1.0,8.0,0.40449037231572504
LocStab,Cancer,AE,D,0.4,0.4,0,0.0586103812672437,0.32186579728139786,0.022273399983532727,34.0,1.0,9.0,0.0
KMeans,Cancer,-,-,,,1,0.6707206476880808,0.34497400510344084,0.07156330009456724,,,,
DBSCAN,Cancer,-,-,,,1,0.0,,0.005576099967584014,,,,
LocStab,Cancer,B,S,0.2,0.2,1,0.42399643604696413,0.03216971842856137,0.3978262000018731,529.0,1.0,61.0,0.0
LocStab,Cancer,B,P,0.2,0.2,1,0.42740330183608816,0.08190789890717572,0.16344600007869303,455.0,1.0,52.0,0.0005446538813379264
LocStab,Cancer,B,KM,0.2,0.2,1,0.42693784377695254,0.09047379385648685,0.07954040006734431,201.0,1.0,55.0,0.5603106288401952
LocStab,Cancer,B,D,0.2,0.2,1,0.4258237814176505,0.0779940013270308,0.11375340004451573,295.0,1.0,52.0,0.0
LocStab,Cancer,AF,S,0.2,0.2,1,0.40265264296509856,0.02848355969858319,0.3877319000894204,516.0,1.0,55.0,0.0
LocStab,Cancer,AF,P,0.2,0.2,1,0.45707657970484433,0.1538713531837428,0.103964600013569,265.0,1.0,31.0,0.014575478434748466
LocStab,Cancer,AF,KM,0.2,0.2,1,0.6357003116603737,0.2805592789792869,0.01975979993585497,24.0,1.0,18.0,0.9108876063452302
LocStab,Cancer,AF,D,0.2,0.2,1,0.018279377691825017,0.20729817951664395,0.015571099938824773,14.0,1.0,15.0,0.0
LocStab,Cancer,AE,S,0.2,0.2,1,0.0885131135941765,0.02144280652008683,0.3879000999731943,522.0,1.0,82.0,0.0
LocStab,Cancer,AE,P,0.2,0.2,1,0.29241976369654865,0.04340316213775035,0.13817150006070733,371.0,1.0,60.0,0.06967561405981369
LocStab,Cancer,AE,KM,0.2,0.2,1,0.42481584003421274,0.05172472949845268,0.08020049997139722,199.0,1.0,61.0,0.5689737239730743
LocStab,Cancer,AE,D,0.2,0.2,1,0.4065428742870665,0.05670683431121962,0.10825449996627867,279.0,1.0,59.0,0.0
LocStab,Cancer,B,S,0.25,0.35,1,0.1998043915275203,0.19731053729921003,0.5601172000169754,562.0,1.0,22.0,0.0
LocStab,Cancer,B,P,0.25,0.35,1,0.19783676742680653,0.2166012879346448,0.14443129999563098,389.0,1.0,16.0,-0.0001708927555361308
LocStab,Cancer,B,KM,0.25,0.35,1,0.19882576152880638,0.22710388077314272,0.06074240000452846,147.0,1.0,15.0,0.3167025801900312
LocStab,Cancer,B,D,0.25,0.35,1,0.19789698974845166,0.21894977595488624,0.0518144000088796,113.0,1.0,16.0,0.0
LocStab,Cancer,AF,S,0.25,0.35,1,0.16758297090855906,0.17864316941575237,0.5462284999666736,547.0,1.0,23.0,0.0
LocStab,Cancer,AF,P,0.25,0.35,1,0.16672889947285813,0.2857310201022357,0.11943640001118183,310.0,1.0,12.0,-0.0007176265238344605
LocStab,Cancer,AF,KM,0.25,0.35,1,0.22554164307846025,0.3524765509727416,0.04873139993287623,114.0,1.0,10.0,0.35881365652768016
LocStab,Cancer,AF,D,0.25,0.35,1,0.01645876292700162,0.41976509803012807,0.014160500024445355,10.0,1.0,9.0,0.0
LocStab,Cancer,AE,S,0.25,0.35,1,0.38618699491756037,0.17729434384994633,0.555016600061208,545.0,1.0,27.0,0.0
LocStab,Cancer,AE,P,0.25,0.35,1,0.32859772103535073,0.21122448301782545,0.12090700003318489,322.0,1.0,17.0,0.006644235357431823
LocStab,Cancer,AE,KM,0.25,0.35,1,0.4243328649627621,0.26211243702490944,0.041871200082823634,92.0,1.0,17.0,0.5988018974468461
LocStab,Cancer,AE,D,0.25,0.35,1,0.1950524380367737,0.20898707028187818,0.045807700022123754,104.0,1.0,17.0,0.0
LocStab,Cancer,B,S,0.4,0.4,1,0.05884316137269948,0.3484272848076753,0.30816529993899167,564.0,1.0,8.0,0.0
LocStab,Cancer,B,P,0.4,0.4,1,0.05881865786022306,0.34820023371546527,0.11540869995951653,306.0,1.0,8.0,-0.0002205575157047855
LocStab,Cancer,B,KM,0.4,0.4,1,0.05884316137269948,0.3484272848076753,0.0687980999937281,173.0,1.0,8.0,0.1029316722277086
LocStab,Cancer,B,D,0.4,0.4,1,0.05884316137269948,0.3484272848076753,0.02221809991169721,34.0,1.0,8.0,0.0
LocStab,Cancer,AF,S,0.4,0.4,1,0.05884316137269948,0.3484272848076753,0.31084769999142736,564.0,1.0,8.0,0.0
LocStab,Cancer,AF,P,0.4,0.4,1,0.011740131550397418,0.3856051835543616,0.10524569998960942,279.0,1.0,4.0,0.00043356882407800555
LocStab,Cancer,AF,KM,0.4,0.4,1,0.06332138496246696,0.4851214507367075,0.05889759992714971,160.0,1.0,2.0,0.11038712115167329
LocStab,Cancer,AF,D,0.4,0.4,1,0.0,,0.011335299932397902,0.0,1.0,1.0,1.0
LocStab,Cancer,AE,S,0.4,0.4,1,0.06957202762720313,-0.02621692301774126,0.3120082000968978,557.0,1.0,17.0,0.0
LocStab,Cancer,AE,P,0.4,0.4,1,0.028187849777884633,0.003553266052678744,0.04764110001269728,106.0,1.0,10.0,0.47880581500689856
LocStab,Cancer,AE,KM,0.4,0.4,1,0.26508292731375577,0.34374453918842807,0.04389249999076128,107.0,1.0,8.0,0.40449037231572504
LocStab,Cancer,AE,D,0.4,0.4,1,0.0586103812672437,0.3218657972813978,0.022817199933342636,34.0,1.0,9.0,0.0
KMeans,Cancer,-,-,,,2,0.6707206476880808,0.34497400510344084,0.08094989997334778,,,,
DBSCAN,Cancer,-,-,,,2,0.0,,0.006286400021053851,,,,
LocStab,Cancer,B,S,0.2,0.2,2,0.4272193629514841,0.06154974421430831,0.4472298000473529,609.0,1.0,59.0,0.0
LocStab,Cancer,B,P,0.2,0.2,2,0.42616461092446933,0.07356248713250327,0.17262399999890476,458.0,1.0,54.0,0.0003583583349173558
LocStab,Cancer,B,KM,0.2,0.2,2,0.4320880342845044,0.08928971621716714,0.07768250000663102,200.0,1.0,54.0,0.5665896287314163
LocStab,Cancer,B,D,0.2,0.2,2,0.42587054835898797,0.09774759813794338,0.1124155999859795,296.0,1.0,51.0,0.0
LocStab,Cancer,AF,S,0.2,0.2,2,0.12559285544653792,-0.05066747465029353,0.38538469991181046,522.0,1.0,55.0,0.0
LocStab,Cancer,AF,P,0.2,0.2,2,0.5370384397170749,0.1324258110876915,0.09938140003941953,269.0,1.0,33.0,0.011548513179988137
LocStab,Cancer,AF,KM,0.2,0.2,2,0.6357003116603737,0.2805592789792869,0.021199399954639375,25.0,1.0,18.0,0.9108876063452302
LocStab,Cancer,AF,D,0.2,0.2,2,0.018279377691825017,0.207298179516644,0.01558779994957149,14.0,1.0,15.0,0.0
LocStab,Cancer,AE,S,0.2,0.2,2,0.1398756628509794,0.02280399921798817,0.4081751999910921,574.0,1.0,79.0,0.0
LocStab,Cancer,AE,P,0.2,0.2,2,0.2993678042433806,0.04595523918494526,0.1402629999211058,357.0,1.0,61.0,0.08012714935932494
LocStab,Cancer,AE,KM,0.2,0.2,2,0.4247898232625177,0.06185720494126111,0.08152170001994818,202.0,1.0,60.0,0.5690669760365232
LocStab,Cancer,AE,D,0.2,0.2,2,0.40651954096296417,0.055617935460252725,0.10993130004499108,280.0,1.0,60.0,0.0
LocStab,Cancer,B,S,0.25,0.35,2,0.19764921419140363,0.20641004772079743,0.5474978999700397,575.0,1.0,22.0,0.0
LocStab,Cancer,B,P,0.25,0.35,2,0.19758383895728474,0.2156668375616125,0.12612279993481934,364.0,1.0,17.0,-0.0004805518651707276
LocStab,Cancer,B,KM,0.25,0.35,2,0.19882576152880638,0.22710388077314278,0.06062430003657937,147.0,1.0,15.0,0.3167025801900312
LocStab,Cancer,B,D,0.25,0.35,2,0.19789698974845166,0.21894977595488627,0.04870359995402396,113.0,1.0,16.0,0.0
LocStab,Cancer,AF,S,0.25,0.35,2,0.16670969317763018,0.14458383394927185,0.5346071999520063,546.0,1.0,26.0,0.0
LocStab,Cancer,AF,P,0.25,0.35,2,0.18600954388610597,0.2679782766208096,0.10013759997673333,286.0,1.0,12.0,0.0030047885326445036
LocStab,Cancer,AF,KM,0.25,0.35,2,0.22554164307846025,0.35247655097274155,0.04707640002015978,114.0,1.0,10.0,0.35881365652768016
LocStab,Cancer,AF,D,0.25,0.35,2,0.01645876292700162,0.4197650980301281,0.014230899978429079,10.0,1.0,9.0,0.0
LocStab,Cancer,AE,S,0.25,0.35,2,0.3706514878932161,0.16258710632796236,0.5436658998951316,545.0,1.0,28.0,0.0
LocStab,Cancer,AE,P,0.25,0.35,2,0.4221409763646529,0.19025622943606896,0.10053239995613694,282.0,1.0,19.0,0.03329154152359138
LocStab,Cancer,AE,KM,0.25,0.35,2,0.4243328649627621,0.2621124370249095,0.04206400003749877,92.0,1.0,17.0,0.5988018974468461
LocStab,Cancer,AE,D,0.25,0.35,2,0.1950524380367737,0.20898707028187818,0.046488899970427155,104.0,1.0,17.0,0.0
LocStab,Cancer,B,S,0.4,0.4,2,0.05881865786022306,0.3482002337154653,0.306183599983342,561.0,1.0,8.0,0.0
LocStab,Cancer,B,P,0.4,0.4,2,0.05881865786022306,0.3482002337154653,0.10620620008558035,325.0,1.0,8.0,-0.00029471384410897477
LocStab,Cancer,B,KM,0.4,0.4,2,0.05884316137269948,0.3484272848076753,0.06592389999423176,173.0,1.0,8.0,0.1029316722277086
LocStab,Cancer,B,D,0.4,0.4,2,0.05884316137269948,0.3484272848076753,0.022283000056631863,34.0,1.0,8.0,0.0
LocStab,Cancer,AF,S,0.4,0.4,2,0.05884316137269948,0.3484272848076753,0.30706140003167093,562.0,1.0,8.0,0.0
LocStab,Cancer,AF,P,0.4,0.4,2,0.06885519414111992,0.42524846887138057,0.11266540002543479,298.0,1.0,4.0,-9.808718904205371e-05
LocStab,Cancer,AF,KM,0.4,0.4,2,0.06332138496246696,0.4851214507367075,0.05728609999641776,160.0,1.0,2.0,0.11038712115167329
LocStab,Cancer,AF,D,0.4,0.4,2,0.0,,0.011743599898181856,0.0,1.0,1.0,1.0
LocStab,Cancer,AE,S,0.4,0.4,2,0.26369599744672034,0.1312978403853729,0.3094386999728158,554.0,1.0,15.0,0.0
LocStab,Cancer,AE,P,0.4,0.4,2,0.36832193294833193,0.20509223086604056,0.07877279992680997,208.0,1.0,9.0,0.10452517590834856
LocStab,Cancer,AE,KM,0.4,0.4,2,0.26508292731375577,0.34374453918842807,0.04358379996847361,107.0,1.0,8.0,0.40449037231572504
LocStab,Cancer,AE,D,0.4,0.4,2,0.0586103812672437,0.32186579728139786,0.022457799990661442,34.0,1.0,9.0,0.0
KMeans,Cancer,-,-,,,3,0.6536246043910179,0.3433822406907781,0.06623910006601363,,,,
DBSCAN,Cancer,-,-,,,3,0.0,,0.005130499950610101,,,,
LocStab,Cancer,B,S,0.2,0.2,3,0.4275714066515934,0.05163222693260634,0.40143670001998544,556.0,1.0,60.0,0.0
LocStab,Cancer,B,P,0.2,0.2,3,0.4237868428927921,0.06599383879875971,0.16492430004291236,433.0,1.0,56.0,0.004513335441335334
LocStab,Cancer,B,KM,0.2,0.2,3,0.426614054600301,0.09345352308189034,0.07921849994454533,204.0,1.0,54.0,0.5554296092055169
LocStab,Cancer,B,D,0.2,0.2,3,0.4258237814176505,0.07799400132703083,0.11579110007733107,295.0,1.0,52.0,0.0
LocStab,Cancer,AF,S,0.2,0.2,3,0.33179848170025333,0.04644528837882379,0.3834674999816343,520.0,1.0,54.0,0.0
LocStab,Cancer,AF,P,0.2,0.2,3,0.44960085012283035,0.17767184410144954,0.08978570008184761,240.0,1.0,28.0,0.043851308419804946
LocStab,Cancer,AF,KM,0.2,0.2,3,0.6262275886051116,0.2808705147071107,0.01925779995508492,24.0,1.0,17.0,0.9060383156249964
LocStab,Cancer,AF,D,0.2,0.2,3,0.018279377691825017,0.20729817951664395,0.015622599981725216,14.0,1.0,15.0,0.0
LocStab,Cancer,AE,S,0.2,0.2,3,0.10811639865411932,0.0438703947503697,0.3881044000154361,521.0,1.0,80.0,0.0
LocStab,Cancer,AE,P,0.2,0.2,3,0.2629714217322812,0.029815294510396266,0.13353909994475543,346.0,1.0,61.0,0.10087304884172606
LocStab,Cancer,AE,KM,0.2,0.2,3,0.4282506408199019,0.044485891612795245,0.08066499989945441,203.0,1.0,62.0,0.5793122193694556
LocStab,Cancer,AE,D,0.2,0.2,3,0.4065895411501006,0.058757032655697726,0.1093745999969542,278.0,1.0,58.0,0.0
LocStab,Cancer,B,S,0.25,0.35,3,0.19987669299561991,0.17984110888825092,0.5310886000515893,575.0,1.0,22.0,0.0
LocStab,Cancer,B,P,0.25,0.35,3,0.19789698974845166,0.21894977595488624,0.13078030000906438,347.0,1.0,16.0,-0.00010894357640024774
LocStab,Cancer,B,KM,0.25,0.35,3,0.19882576152880638,0.22710388077314272,0.06180270004551858,150.0,1.0,15.0,0.31152090965889756
LocStab,Cancer,B,D,0.25,0.35,3,0.19789698974845166,0.21894977595488624,0.048818100010976195,113.0,1.0,16.0,0.0
LocStab,Cancer,AF,S,0.25,0.35,3,0.16666143552378143,0.14359219309293494,0.5207348000258207,544.0,1.0,26.0,0.0
LocStab,Cancer,AF,P,0.25,0.35,3,0.15306994885321643,0.2120163983576353,0.10304779990110546,275.0,1.0,13.0,0.0027990470175226316
LocStab,Cancer,AF,KM,0.25,0.35,3,0.222223099208843,0.3535794672279341,0.04998250002972782,116.0,1.0,10.0,0.35301059019745473
LocStab,Cancer,AF,D,0.25,0.35,3,0.01645876292700162,0.41976509803012807,0.014083700021728873,10.0,1.0,9.0,0.0
LocStab,Cancer,AE,S,0.25,0.35,3,0.19702316644902598,0.07019547086024859,0.5178698000963777,542.0,1.0,31.0,0.0
LocStab,Cancer,AE,P,0.25,0.35,3,0.3893360689106417,0.21627187311898097,0.11102139996364713,284.0,1.0,18.0,0.03493736344165563
LocStab,Cancer,AE,KM,0.25,0.35,3,0.4243328649627621,0.26211243702490944,0.042848700075410306,95.0,1.0,17.0,0.5871837329139389
LocStab,Cancer,AE,D,0.25,0.35,3,0.1950524380367737,0.20898707028187816,0.04647090006619692,104.0,1.0,17.0,0.0
LocStab,Cancer,B,S,0.4,0.4,3,0.05883246173935478,0.3329199786276214,0.3083625000435859,561.0,1.0,9.0,0.0
LocStab,Cancer,B,P,0.4,0.4,3,0.05881865786022306,0.34820023371546527,0.11976190004497766,319.0,1.0,8.0,-0.0002452762918395153
LocStab,Cancer,B,KM,0.4,0.4,3,0.05884316137269948,0.3484272848076753,0.06723719998262823,177.0,1.0,8.0,0.10125179677421298
LocStab,Cancer,B,D,0.4,0.4,3,0.05884316137269948,0.3484272848076753,0.02219719998538494,34.0,1.0,8.0,0.0
LocStab,Cancer,AF,S,0.4,0.4,3,0.05884316137269948,0.3484272848076753,0.3128481999738142,564.0,1.0,8.0,0.0
LocStab,Cancer,AF,P,0.4,0.4,3,0.05195380897638067,0.4553379674406297,0.09231829992495477,291.0,1.0,2.0,-0.0001470854620399181
LocStab,Cancer,AF,KM,0.4,0.4,3,0.061560907910695364,0.3706885950618876,0.06447779992595315,165.0,1.0,3.0,0.10643019608230542
LocStab,Cancer,AF,D,0.4,0.4,3,0.0,,0.010837100096978247,0.0,1.0,1.0,1.0
LocStab,Cancer,AE,S,0.4,0.4,3,0.18190387895527657,0.12855877913153693,0.31188350007869303,553.0,1.0,16.0,0.0
LocStab,Cancer,AE,P,0.4,0.4,3,0.4083978962971649,0.19886371096088615,0.07910370000172406,199.0,1.0,9.0,0.12621317613421032
LocStab,Cancer,AE,KM,0.4,0.4,3,0.2395734894150598,0.34289635998647733,0.05102400004398078,118.0,1.0,8.0,0.364012106896311
LocStab,Cancer,AE,D,0.4,0.4,3,0.0586103812672437,0.3218657972813978,0.022232600022107363,34.0,1.0,9.0,0.0
KMeans,Cancer,-,-,,,4,0.6707206476880808,0.34497400510344084,0.06742550001945347,,,,
DBSCAN,Cancer,-,-,,,4,0.0,,0.006103800027631223,,,,
LocStab,Cancer,B,S,0.2,0.2,4,0.42391192764475194,0.03650006623991965,0.41132710000965744,536.0,1.0,61.0,0.0
LocStab,Cancer,B,P,0.2,0.2,4,0.41748820903178385,0.06512311966182004,0.18212220002897084,473.0,1.0,53.0,-0.001019655951211121
LocStab,Cancer,B,KM,0.2,0.2,4,0.42705477561182903,0.08553521197400951,0.0809196000918746,202.0,1.0,56.0,0.560424344780672
LocStab,Cancer,B,D,0.2,0.2,4,0.4292370493206699,0.07978569300941526,0.11176480003632605,294.0,1.0,54.0,0.0
LocStab,Cancer,AF,S,0.2,0.2,4,0.4033554857905164,0.05119002973552978,0.4037511999486014,524.0,1.0,52.0,0.0
LocStab,Cancer,AF,P,0.2,0.2,4,0.5185348019957386,0.2130256484955641,0.09339419996831566,256.0,1.0,23.0,0.01784290250753254
LocStab,Cancer,AF,KM,0.2,0.2,4,0.6357003116603737,0.2805592789792869,0.01909800001885742,25.0,1.0,18.0,0.9108876063452302
LocStab,Cancer,AF,D,0.2,0.2,4,0.018279377691825017,0.20729817951664398,0.015532799996435642,14.0,1.0,15.0,0.0
LocStab,Cancer,AE,S,0.2,0.2,4,0.1491992900386318,0.031590061776427474,0.40251289994921535,526.0,1.0,79.0,0.0
LocStab,Cancer,AE,P,0.2,0.2,4,0.27523958136810545,0.03364784526243691,0.13848650001455098,355.0,1.0,59.0,0.08113455407286428
LocStab,Cancer,AE,KM,0.2,0.2,4,0.424672100479563,0.04810825042717491,0.07966400007717311,202.0,1.0,61.0,0.5689043576379295
LocStab,Cancer,AE,D,0.2,0.2,4,0.40958236222508826,0.02360552396638174,0.10781980003230274,279.0,1.0,63.0,0.0
LocStab,Cancer,B,S,0.25,0.35,4,0.19764921419140363,0.2064100477207974,0.5502216001041234,562.0,1.0,22.0,0.0
LocStab,Cancer,B,P,0.25,0.35,4,0.19758383895728474,0.2156668375616125,0.11403639998752624,342.0,1.0,17.0,-0.00018371740385484848
LocStab,Cancer,B,KM,0.25,0.35,4,0.19882576152880638,0.22710388077314278,0.06032599997706711,147.0,1.0,15.0,0.3167025801900312
LocStab,Cancer,B,D,0.25,0.35,4,0.19789698974845166,0.21894977595488624,0.048773299902677536,113.0,1.0,16.0,0.0
LocStab,Cancer,AF,S,0.25,0.35,4,0.16767943585930753,0.1901808141786629,0.550168399931863,548.0,1.0,22.0,0.0
LocStab,Cancer,AF,P,0.25,0.35,4,0.12065827178364688,0.2631833122323383,0.09117459994740784,263.0,1.0,12.0,0.009024288097193587
LocStab,Cancer,AF,KM,0.25,0.35,4,0.22554164307846025,0.35247655097274155,0.047396200010553,114.0,1.0,10.0,0.35881365652768016
LocStab,Cancer,AF,D,0.25,0.35,4,0.01645876292700162,0.41976509803012807,0.013969600084237754,10.0,1.0,9.0,0.0
LocStab,Cancer,AE,S,0.25,0.35,4,0.38663806251094374,0.18208059312825522,0.5446565999882296,544.0,1.0,27.0,0.0
LocStab,Cancer,AE,P,0.25,0.35,4,0.3449720662931941,0.19537555849738594,0.10537729994393885,281.0,1.0,19.0,0.03897700265760397
LocStab,Cancer,AE,KM,0.25,0.35,4,0.4243328649627621,0.26211243702490944,0.044880100060254335,92.0,1.0,17.0,0.5988018974468461
LocStab,Cancer,AE,D,0.25,0.35,4,0.1950524380367737,0.20898707028187818,0.0447267999406904,104.0,1.0,17.0,0.0
LocStab,Cancer,B,S,0.4,0.4,4,0.05881865786022306,0.34820023371546527,0.3094641000498086,564.0,1.0,8.0,0.0
LocStab,Cancer,B,P,0.4,0.4,4,0.05881865786022306,0.34820023371546527,0.11770900001283735,313.0,1.0,8.0,0.0003232555592592691
LocStab,Cancer,B,KM,0.4,0.4,4,0.05884316137269948,0.3484272848076753,0.0627967999316752,173.0,1.0,8.0,0.1029316722277086
LocStab,Cancer,B,D,0.4,0.4,4,0.05884316137269948,0.3484272848076753,0.022467499948106706,34.0,1.0,8.0,0.0
LocStab,Cancer,AF,S,0.4,0.4,4,0.059259733450657805,0.3601733004200276,0.3149287999840453,562.0,1.0,7.0,0.0
LocStab,Cancer,AF,P,0.4,0.4,4,0.06329068757453651,0.4418388974663603,0.11540799995418638,278.0,1.0,3.0,0.0013462567962250597
LocStab,Cancer,AF,KM,0.4,0.4,4,0.06332138496246696,0.4851214507367075,0.0647114000748843,160.0,1.0,2.0,0.11038712115167329
LocStab,Cancer,AF,D,0.4,0.4,4,0.0,,0.01079950004350394,0.0,1.0,1.0,1.0
LocStab,Cancer,AE,S,0.4,0.4,4,0.2513619230216844,0.1463706054906012,0.3057928999187425,562.0,1.0,15.0,0.0
LocStab,Cancer,AE,P,0.4,0.4,4,0.3217431863559526,0.2020018233755013,0.08304709999356419,209.0,1.0,10.0,0.10149214180913063
LocStab,Cancer,AE,KM,0.4,0.4,4,0.26508292731375577,0.3437445391884281,0.04714469995815307,107.0,1.0,8.0,0.40449037231572504
LocStab,Cancer,AE,D,0.4,0.4,4,0.0586103812672437,0.3218657972813978,0.022147500072605908,34.0,1.0,9.0,0.0
KMeans,Cancer,-,-,,,5,0.6707206476880808,0.3449740051034408,0.06999330001417547,,,,
DBSCAN,Cancer,-,-,,,5,0.0,,0.006039200001396239,,,,
LocStab,Cancer,B,S,0.2,0.2,5,0.42355096171280904,0.07502983874081579,0.4627492999425158,628.0,1.0,59.0,0.0
LocStab,Cancer,B,P,0.2,0.2,5,0.42638035926154577,0.07007793798339647,0.17749430006369948,461.0,1.0,54.0,-8.731528312568169e-05
LocStab,Cancer,B,KM,0.2,0.2,5,0.4269027645767016,0.0649908250328768,0.0819900999777019,205.0,1.0,57.0,0.5602765146472116
LocStab,Cancer,B,D,0.2,0.2,5,0.42647720532642736,0.0834758331744165,0.11376759991981089,294.0,1.0,53.0,0.0
LocStab,Cancer,AF,S,0.2,0.2,5,0.0935600248193558,-0.0428111800244622,0.38011659996118397,527.0,1.0,50.0,0.0
LocStab,Cancer,AF,P,0.2,0.2,5,0.5135048434861449,0.1805900816790508,0.10375040001235902,275.0,1.0,32.0,0.015436075685346561
LocStab,Cancer,AF,KM,0.2,0.2,5,0.6357003116603737,0.2805592789792869,0.02256360009778291,25.0,1.0,18.0,0.9108876063452302
LocStab,Cancer,AF,D,0.2,0.2,5,0.018279377691825017,0.207298179516644,0.015638599987141788,14.0,1.0,15.0,0.0
LocStab,Cancer,AE,S,0.2,0.2,5,0.15546545710857368,0.018690185434820823,0.39567470003385097,529.0,1.0,78.0,0.0
LocStab,Cancer,AE,P,0.2,0.2,5,0.24231047959112484,0.030159543710233137,0.134523699991405,346.0,1.0,59.0,0.12501664409312105
LocStab,Cancer,AE,KM,0.2,0.2,5,0.42550214228150723,0.05718085702418138,0.07824669999536127,201.0,1.0,60.0,0.568692752219714
LocStab,Cancer,AE,D,0.2,0.2,5,0.4059723236079978,0.03104152953379289,0.1094178999774158,289.0,1.0,61.0,0.0
LocStab,Cancer,B,S,0.25,0.35,5,0.1995720581937907,0.19838041678207424,0.47102820000145584,567.0,1.0,22.0,0.0
LocStab,Cancer,B,P,0.25,0.35,5,0.19783676742680653,0.2166012879346448,0.13898540008813143,371.0,1.0,16.0,-0.0004924632751750928
LocStab,Cancer,B,KM,0.25,0.35,5,0.19882576152880638,0.22710388077314272,0.06041569996159524,147.0,1.0,15.0,0.3167025801900312
LocStab,Cancer,B,D,0.25,0.35,5,0.19789698974845166,0.21894977595488624,0.04963249992579222,113.0,1.0,16.0,0.0
LocStab,Cancer,AF,S,0.25,0.35,5,0.13009403634423342,0.17565119222505304,0.46962900005746633,547.0,1.0,23.0,0.0
LocStab,Cancer,AF,P,0.25,0.35,5,0.08446224393264262,0.26946646890422893,0.08440829999744892,257.0,1.0,12.0,0.014193654861564263
LocStab,Cancer,AF,KM,0.25,0.35,5,0.22554164307846025,0.3524765509727415,0.04938769992440939,114.0,1.0,10.0,0.35881365652768016
LocStab,Cancer,AF,D,0.25,0.35,5,0.01645876292700162,0.41976509803012807,0.013933600042946637,10.0,1.0,9.0,0.0
LocStab,Cancer,AE,S,0.25,0.35,5,0.4374156509039884,0.1486328477463864,0.48401430004741997,638.0,1.0,28.0,0.0
LocStab,Cancer,AE,P,0.25,0.35,5,0.06109521861274903,0.02856662823044529,0.09050359996035695,230.0,1.0,17.0,0.1428962005996706
LocStab,Cancer,AE,KM,0.25,0.35,5,0.4243328649627621,0.26211243702490944,0.04382400005124509,92.0,1.0,17.0,0.5988018974468461
LocStab,Cancer,AE,D,0.25,0.35,5,0.1950524380367737,0.2089870702818782,0.046431099995970726,104.0,1.0,17.0,0.0
LocStab,Cancer,B,S,0.4,0.4,5,0.058856965254390894,0.3326746263369109,0.3101531999418512,561.0,1.0,9.0,0.0
LocStab,Cancer,B,P,0.4,0.4,5,0.05884316137269948,0.3484272848076753,0.11853880004491657,303.0,1.0,8.0,0.00047161163806847754
LocStab,Cancer,B,KM,0.4,0.4,5,0.05884316137269948,0.3484272848076753,0.06353829998988658,173.0,1.0,8.0,0.1029316722277086
LocStab,Cancer,B,D,0.4,0.4,5,0.05884316137269948,0.3484272848076753,0.02294259995687753,34.0,1.0,8.0,0.0
LocStab,Cancer,AF,S,0.4,0.4,5,0.05902694029245294,0.35284141006311265,0.31327969999983907,562.0,1.0,8.0,0.0
LocStab,Cancer,AF,P,0.4,0.4,5,0.013663190219476082,0.3687432644664382,0.10926679999101907,282.0,1.0,4.0,0.000879818247626772
LocStab,Cancer,AF,KM,0.4,0.4,5,0.06332138496246696,0.4851214507367075,0.061782100005075336,160.0,1.0,2.0,0.11038712115167329
LocStab,Cancer,AF,D,0.4,0.4,5,0.0,,0.01076089998241514,0.0,1.0,1.0,1.0
LocStab,Cancer,AE,S,0.4,0.4,5,0.16717896978686314,0.10319050992679392,0.3099498999072239,558.0,1.0,12.0,0.0
LocStab,Cancer,AE,P,0.4,0.4,5,0.055862684253676055,0.018344664083033896,0.05886140000075102,138.0,1.0,10.0,0.3362565650913232
LocStab,Cancer,AE,KM,0.4,0.4,5,0.26508292731375577,0.34374453918842807,0.04553840006701648,107.0,1.0,8.0,0.40449037231572504
LocStab,Cancer,AE,D,0.4,0.4,5,0.0586103812672437,0.3218657972813978,0.022380599984899163,34.0,1.0,9.0,0.0
KMeans,Cancer,-,-,,,6,0.6707206476880808,0.3449740051034408,0.06593649997375906,,,,
DBSCAN,Cancer,-,-,,,6,0.0,,0.005639299983158708,,,,
LocStab,Cancer,B,S,0.2,0.2,6,0.4266717944271462,0.07735246376865142,0.4455044000642374,607.0,1.0,61.0,0.0
LocStab,Cancer,B,P,0.2,0.2,6,0.43061943533994684,0.09869568988158425,0.17609349999111146,466.0,1.0,51.0,-0.0006245650319579772
LocStab,Cancer,B,KM,0.2,0.2,6,0.4270404422928412,0.09396091882166274,0.08094939996954054,201.0,1.0,54.0,0.5604333807191342
LocStab,Cancer,B,D,0.2,0.2,6,0.4266823611564023,0.0884353605813368,0.11328689998481423,301.0,1.0,54.0,0.0
LocStab,Cancer,AF,S,0.2,0.2,6,0.13172227505204415,-0.03618348501217402,0.3828874999890104,526.0,1.0,54.0,0.0
LocStab,Cancer,AF,P,0.2,0.2,6,0.4900595559046004,0.18435113121516236,0.1005577000323683,258.0,1.0,28.0,0.018685479167977127
LocStab,Cancer,AF,KM,0.2,0.2,6,0.6357003116603737,0.2805592789792869,0.019318799953907728,25.0,1.0,18.0,0.9108876063452302
LocStab,Cancer,AF,D,0.2,0.2,6,0.018279377691825017,0.207298179516644,0.016088300035335124,14.0,1.0,15.0,0.0
LocStab,Cancer,AE,S,0.2,0.2,6,0.13229968247864626,0.02279179697971658,0.3831203000154346,500.0,1.0,84.0,0.0
LocStab,Cancer,AE,P,0.2,0.2,6,0.2720517440713098,0.05432753046834467,0.14280549995601177,366.0,1.0,58.0,0.07307179862123728
LocStab,Cancer,AE,KM,0.2,0.2,6,0.42547877297949105,0.06322137359123797,0.0787712000310421,200.0,1.0,59.0,0.5688372078274099
LocStab,Cancer,AE,D,0.2,0.2,6,0.4098685023265681,0.05606701688681053,0.10716409992892295,277.0,1.0,59.0,0.0
LocStab,Cancer,B,S,0.25,0.35,6,0.19764921419140363,0.20641004772079743,0.5211017999099568,565.0,1.0,22.0,0.0
LocStab,Cancer,B,P,0.25,0.35,6,0.19793569997483035,0.20771040709023803,0.12035840004682541,357.0,1.0,16.0,-0.0005418486695004604
LocStab,Cancer,B,KM,0.25,0.35,6,0.19882576152880638,0.22710388077314272,0.061925599933601916,147.0,1.0,15.0,0.3167025801900312
LocStab,Cancer,B,D,0.25,0.35,6,0.19789698974845166,0.21894977595488624,0.04892590001691133,113.0,1.0,16.0,0.0
LocStab,Cancer,AF,S,0.25,0.35,6,0.16767943585930753,0.1892983900367599,0.5017884999979287,550.0,1.0,22.0,0.0
LocStab,Cancer,AF,P,0.25,0.35,6,0.16488382823195258,0.3318720425307308,0.09315189998596907,284.0,1.0,10.0,0.0008343849530624235
LocStab,Cancer,AF,KM,0.25,0.35,6,0.22554164307846025,0.3524765509727416,0.04681540001183748,114.0,1.0,10.0,0.35881365652768016
LocStab,Cancer,AF,D,0.25,0.35,6,0.01645876292700162,0.4197650980301281,0.013987399986945093,10.0,1.0,9.0,0.0
LocStab,Cancer,AE,S,0.25,0.35,6,0.17831797776565897,0.0826743530316074,0.512647399911657,541.0,1.0,28.0,0.0
LocStab,Cancer,AE,P,0.25,0.35,6,0.07815442065205856,0.03611167571569455,0.10055780003312975,256.0,1.0,17.0,0.07967329790112228
LocStab,Cancer,AE,KM,0.25,0.35,6,0.4243328649627621,0.2621124370249095,0.041933199972845614,92.0,1.0,17.0,0.5988018974468461
LocStab,Cancer,AE,D,0.25,0.35,6,0.1950524380367737,0.20898707028187818,0.046035600011236966,104.0,1.0,17.0,0.0
LocStab,Cancer,B,S,0.4,0.4,6,0.05884316137269948,0.3484272848076753,0.3077081999508664,561.0,1.0,8.0,0.0
LocStab,Cancer,B,P,0.4,0.4,6,0.05884316137269948,0.3484272848076753,0.12245440005790442,334.0,1.0,8.0,5.139246203343855e-05
LocStab,Cancer,B,KM,0.4,0.4,6,0.05884316137269948,0.3484272848076753,0.06466399994678795,173.0,1.0,8.0,0.1029316722277086
LocStab,Cancer,B,D,0.4,0.4,6,0.05884316137269948,0.3484272848076753,0.022398400004021823,34.0,1.0,8.0,0.0
LocStab,Cancer,AF,S,0.4,0.4,6,0.05884316137269948,0.3484272848076753,0.313765799975954,561.0,1.0,8.0,0.0
LocStab,Cancer,AF,P,0.4,0.4,6,0.051136255765869776,0.4633427051362732,0.09845699998550117,293.0,1.0,2.0,-0.0002480327764671714
LocStab,Cancer,AF,KM,0.4,0.4,6,0.06332138496246696,0.4851214507367075,0.060332799912430346,160.0,1.0,2.0,0.11038712115167329
LocStab,Cancer,AF,D,0.4,0.4,6,0.0,,0.01079510001000017,0.0,1.0,1.0,1.0
LocStab,Cancer,AE,S,0.4,0.4,6,0.17458408216294827,0.14484802723242646,0.3050013999454677,559.0,1.0,13.0,0.0
LocStab,Cancer,AE,P,0.4,0.4,6,0.27931724847542105,0.2220914322080259,0.08650690002832562,234.0,1.0,10.0,0.0667397353863539
LocStab,Cancer,AE,KM,0.4,0.4,6,0.26508292731375577,0.3437445391884281,0.04360829992219806,107.0,1.0,8.0,0.40449037231572504
LocStab,Cancer,AE,D,0.4,0.4,6,0.0586103812672437,0.32186579728139786,0.022238700068555772,34.0,1.0,9.0,0.0
KMeans,Cancer,-,-,,,7,0.6707206476880808,0.3449740051034408,0.06763659999705851,,,,
DBSCAN,Cancer,-,-,,,7,0.0,,0.006098699988797307,,,,
LocStab,Cancer,B,S,0.2,0.2,7,0.4267948868022049,0.07289872179811895,0.4268441000021994,542.0,1.0,58.0,0.0
LocStab,Cancer,B,P,0.2,0.2,7,0.4234109025985865,0.07303479575347986,0.16295250004623085,450.0,1.0,54.0,-0.0006387558993786439
LocStab,Cancer,B,KM,0.2,0.2,7,0.4269144576254925,0.08813373781730896,0.08133990003261715,203.0,1.0,56.0,0.56028788601466
LocStab,Cancer,B,D,0.2,0.2,7,0.4258723118957134,0.09555464565982183,0.1146071000257507,295.0,1.0,52.0,0.0
LocStab,Cancer,AF,S,0.2,0.2,7,0.41553501333247933,0.027333066166155186,0.4029670999152586,521.0,1.0,54.0,0.0
LocStab,Cancer,AF,P,0.2,0.2,7,0.519121099089084,0.17264466137612636,0.09621109999716282,257.0,1.0,29.0,0.02084673082964953
LocStab,Cancer,AF,KM,0.2,0.2,7,0.6357003116603737,0.2805592789792869,0.01996179996058345,25.0,1.0,18.0,0.9108876063452302
LocStab,Cancer,AF,D,0.2,0.2,7,0.018279377691825017,0.207298179516644,0.015566599904559553,14.0,1.0,15.0,0.0
LocStab,Cancer,AE,S,0.2,0.2,7,0.10190961143145214,0.028826310767292734,0.4421038000145927,567.0,1.0,80.0,0.0
LocStab,Cancer,AE,P,0.2,0.2,7,0.2761411671422184,0.0034134722445192697,0.1378747000126168,344.0,1.0,62.0,0.09990667197199192
LocStab,Cancer,AE,KM,0.2,0.2,7,0.42440602601956684,0.047525674935042936,0.0834782999008894,203.0,1.0,61.0,0.5686223990577988
LocStab,Cancer,AE,D,0.2,0.2,7,0.40567958898456896,0.06171950368360213,0.11574619996827096,288.0,1.0,59.0,0.0
LocStab,Cancer,B,S,0.25,0.35,7,0.19764921419140363,0.2064100477207974,0.5647428000811487,575.0,1.0,22.0,0.0
LocStab,Cancer,B,P,0.25,0.35,7,0.19755975097655806,0.21480894125039637,0.11471769993659109,344.0,1.0,17.0,-0.000257969503518258
LocStab,Cancer,B,KM,0.25,0.35,7,0.19882576152880638,0.22710388077314272,0.060669399914331734,147.0,1.0,15.0,0.3167025801900312
LocStab,Cancer,B,D,0.25,0.35,7,0.19789698974845166,0.21894977595488624,0.0488916999893263,113.0,1.0,16.0,0.0
LocStab,Cancer,AF,S,0.25,0.35,7,0.16666143552378143,0.14359219309293497,0.5484858000418171,544.0,1.0,26.0,0.0
LocStab,Cancer,AF,P,0.25,0.35,7,0.19739707638475754,0.28354947721404655,0.1060040999436751,277.0,1.0,11.0,0.0031449161014514807
LocStab,Cancer,AF,KM,0.25,0.35,7,0.22554164307846025,0.35247655097274155,0.047114099957980216,114.0,1.0,10.0,0.35881365652768016
LocStab,Cancer,AF,D,0.25,0.35,7,0.01645876292700162,0.41976509803012807,0.014072800055146217,10.0,1.0,9.0,0.0
LocStab,Cancer,AE,S,0.25,0.35,7,0.3843536708686858,0.17923505098643502,0.5538493000203744,542.0,1.0,28.0,0.0
LocStab,Cancer,AE,P,0.25,0.35,7,0.3428151839165129,0.19606029923881066,0.10277660004794598,295.0,1.0,19.0,0.023031013933993733
LocStab,Cancer,AE,KM,0.25,0.35,7,0.4243328649627621,0.26211243702490944,0.04339070001151413,92.0,1.0,17.0,0.5988018974468461
LocStab,Cancer,AE,D,0.25,0.35,7,0.1950524380367737,0.20898707028187818,0.04481889994349331,104.0,1.0,17.0,0.0
LocStab,Cancer,B,S,0.4,0.4,7,0.05884316137269948,0.3484272848076753,0.3127587999915704,561.0,1.0,8.0,0.0
LocStab,Cancer,B,P,0.4,0.4,7,0.05884316137269948,0.3484272848076753,0.11996820010244846,299.0,1.0,8.0,0.0002491426625205157
LocStab,Cancer,B,KM,0.4,0.4,7,0.05884316137269948,0.3484272848076753,0.06048089999239892,173.0,1.0,8.0,0.1029316722277086
LocStab,Cancer,B,D,0.4,0.4,7,0.05884316137269948,0.3484272848076753,0.022193499957211316,34.0,1.0,8.0,0.0
LocStab,Cancer,AF,S,0.4,0.4,7,0.05884316137269948,0.3484272848076753,0.30837729992344975,561.0,1.0,8.0,0.0
LocStab,Cancer,AF,P,0.4,0.4,7,0.05476249979958189,0.46134224432278953,0.08995169994886965,272.0,1.0,2.0,0.0016213031492846054
LocStab,Cancer,AF,KM,0.4,0.4,7,0.06332138496246696,0.4851214507367075,0.06507090001832694,160.0,1.0,2.0,0.11038712115167329
LocStab,Cancer,AF,D,0.4,0.4,7,0.0,,0.010918700019828975,0.0,1.0,1.0,1.0
LocStab,Cancer,AE,S,0.4,0.4,7,0.19549768438382165,0.12731976541278084,0.325308799976483,584.0,1.0,15.0,0.0
LocStab,Cancer,AE,P,0.4,0.4,7,0.026986958620864438,0.019691423618918423,0.07125189993530512,173.0,1.0,10.0,0.22013590525168186
LocStab,Cancer,AE,KM,0.4,0.4,7,0.26508292731375577,0.34374453918842807,0.04694890009704977,107.0,1.0,8.0,0.40449037231572504
LocStab,Cancer,AE,D,0.4,0.4,7,0.0586103812672437,0.3218657972813978,0.02205629996024072,34.0,1.0,9.0,0.0
KMeans,Cancer,-,-,,,8,0.6707206476880808,0.34497400510344084,0.06653059995733202,,,,
DBSCAN,Cancer,-,-,,,8,0.0,,0.004944999935105443,,,,
LocStab,Cancer,B,S,0.2,0.2,8,0.4271582561107255,0.057252454104173824,0.4498959999764338,628.0,1.0,59.0,0.0
LocStab,Cancer,B,P,0.2,0.2,8,0.42594200218069,0.062123860372101346,0.17793719994369894,477.0,1.0,57.0,0.0007406577328817625
LocStab,Cancer,B,KM,0.2,0.2,8,0.42741375784782026,0.09149127243905647,0.08105380006600171,199.0,1.0,54.0,0.560891778481843
LocStab,Cancer,B,D,0.2,0.2,8,0.4292604423089917,0.08109045479147656,0.1223677999805659,295.0,1.0,53.0,0.0
LocStab,Cancer,AF,S,0.2,0.2,8,0.08830860093706326,-0.032863211232107406,0.38531230005901307,525.0,1.0,51.0,0.0
LocStab,Cancer,AF,P,0.2,0.2,8,0.6180141045074907,0.13806109683298634,0.10994709993246943,285.0,1.0,32.0,0.006768578508033019
LocStab,Cancer,AF,KM,0.2,0.2,8,0.6357003116603737,0.2805592789792869,0.0194360000314191,25.0,1.0,18.0,0.9108876063452302
LocStab,Cancer,AF,D,0.2,0.2,8,0.018279377691825017,0.20729817951664398,0.01658830000087619,14.0,1.0,15.0,0.0
LocStab,Cancer,AE,S,0.2,0.2,8,0.10912776332769994,0.012733249428869223,0.38046010001562536,515.0,1.0,84.0,0.0
LocStab,Cancer,AE,P,0.2,0.2,8,0.23068194883734194,0.03138864968850828,0.13342430000193417,353.0,1.0,63.0,0.09760969244150978
LocStab,Cancer,AE,KM,0.2,0.2,8,0.42543115266354165,0.061634150660075444,0.08522870007436723,204.0,1.0,60.0,0.568814467059376
LocStab,Cancer,AE,D,0.2,0.2,8,0.40959403322498233,0.025668193093219126,0.11106649995781481,280.0,1.0,62.0,0.0
LocStab,Cancer,B,S,0.25,0.35,8,0.19963230872595591,0.18087579813075738,0.4878410999663174,568.0,1.0,22.0,0.0
LocStab,Cancer,B,P,0.25,0.35,8,0.19757437265713082,0.2020814576738046,0.11530299996957183,347.0,1.0,19.0,-0.0007403907820891162
LocStab,Cancer,B,KM,0.25,0.35,8,0.19882576152880638,0.22710388077314278,0.0607052999548614,147.0,1.0,15.0,0.3167025801900312
LocStab,Cancer,B,D,0.25,0.35,8,0.19789698974845166,0.21894977595488627,0.04949340003076941,113.0,1.0,16.0,0.0
LocStab,Cancer,AF,S,0.25,0.35,8,0.17023621022119356,0.19317313080152296,0.4899480000603944,547.0,1.0,23.0,0.0
LocStab,Cancer,AF,P,0.25,0.35,8,0.06868585667811614,0.2783532718484333,0.08515519998036325,254.0,1.0,11.0,0.015525249789951531
LocStab,Cancer,AF,KM,0.25,0.35,8,0.22554164307846025,0.3524765509727416,0.048505299957469106,114.0,1.0,10.0,0.35881365652768016
LocStab,Cancer,AF,D,0.25,0.35,8,0.01645876292700162,0.41976509803012807,0.014061000081710517,10.0,1.0,9.0,0.0
LocStab,Cancer,AE,S,0.25,0.35,8,0.10194911283433192,0.04770016020677694,0.4756358000449836,541.0,1.0,28.0,0.0
LocStab,Cancer,AE,P,0.25,0.35,8,0.05941335685811744,0.012396981266769292,0.0789702000329271,222.0,1.0,19.0,0.15296835418036006
LocStab,Cancer,AE,KM,0.25,0.35,8,0.4243328649627621,0.26211243702490944,0.042643999913707376,92.0,1.0,17.0,0.5988018974468461
LocStab,Cancer,AE,D,0.25,0.35,8,0.1950524380367737,0.20898707028187818,0.04583090008236468,104.0,1.0,17.0,0.0
LocStab,Cancer,B,S,0.4,0.4,8,0.05884316137269948,0.3484272848076753,0.312879899982363,561.0,1.0,8.0,0.0
LocStab,Cancer,B,P,0.4,0.4,8,0.05884316137269948,0.3484272848076753,0.11001730000134557,306.0,1.0,8.0,0.00015026756227697714
LocStab,Cancer,B,KM,0.4,0.4,8,0.05884316137269948,0.3484272848076753,0.06735659996047616,173.0,1.0,8.0,0.1029316722277086
LocStab,Cancer,B,D,0.4,0.4,8,0.05884316137269948,0.3484272848076753,0.022260600002482533,34.0,1.0,8.0,0.0
LocStab,Cancer,AF,S,0.4,0.4,8,0.05884316137269948,0.3484272848076753,0.3203205999452621,561.0,1.0,8.0,0.0
LocStab,Cancer,AF,P,0.4,0.4,8,0.02508818980420357,0.44963256227735326,0.08558179996907711,271.0,1.0,2.0,0.0020685154479542986
LocStab,Cancer,AF,KM,0.4,0.4,8,0.06332138496246696,0.4851214507367075,0.06499739992432296,160.0,1.0,2.0,0.11038712115167329
LocStab,Cancer,AF,D,0.4,0.4,8,0.0,,0.010813800035975873,0.0,1.0,1.0,1.0
LocStab,Cancer,AE,S,0.4,0.4,8,0.05324168056869239,0.03795884550514006,0.315243799937889,557.0,1.0,14.0,0.0
LocStab,Cancer,AE,P,0.4,0.4,8,0.08187299143679312,0.027380887413054784,0.0548545999918133,124.0,1.0,10.0,0.40029131904017756
LocStab,Cancer,AE,KM,0.4,0.4,8,0.26508292731375577,0.3437445391884281,0.044885699986480176,107.0,1.0,8.0,0.40449037231572504
LocStab,Cancer,AE,D,0.4,0.4,8,0.0586103812672437,0.3218657972813978,0.022258499986492097,34.0,1.0,9.0,0.0
KMeans,Cancer,-,-,,,9,0.6536246043910179,0.3433822406907782,0.06854110001586378,,,,
DBSCAN,Cancer,-,-,,,9,0.0,,0.006360700004734099,,,,
LocStab,Cancer,B,S,0.2,0.2,9,0.42368090410286496,0.07038924411433639,0.4742771000601351,627.0,1.0,57.0,0.0
LocStab,Cancer,B,P,0.2,0.2,9,0.4238229936378975,0.07718672270576696,0.16879709996283054,468.0,1.0,54.0,-0.0015786718555200771
LocStab,Cancer,B,KM,0.2,0.2,9,0.4307221015745169,0.0922328735796741,0.0834221999393776,208.0,1.0,54.0,0.5592748012805779
LocStab,Cancer,B,D,0.2,0.2,9,0.42994912976794325,0.09458163629799864,0.11381559993606061,295.0,1.0,52.0,0.0
LocStab,Cancer,AF,S,0.2,0.2,9,0.08002938079836969,-0.0596450234526349,0.38964369997847825,523.0,1.0,53.0,0.0
LocStab,Cancer,AF,P,0.2,0.2,9,0.514201613487384,0.1668019955803497,0.10151020006742328,265.0,1.0,27.0,0.015186514884602889
LocStab,Cancer,AF,KM,0.2,0.2,9,0.6262275886051116,0.2808705147071108,0.019058299949392676,24.0,1.0,17.0,0.9060383156249964
LocStab,Cancer,AF,D,0.2,0.2,9,0.018279377691825017,0.207298179516644,0.015689100022427738,14.0,1.0,15.0,0.0
LocStab,Cancer,AE,S,0.2,0.2,9,0.13041050501969498,0.023683503008336822,0.43235539994202554,567.0,1.0,77.0,0.0
LocStab,Cancer,AE,P,0.2,0.2,9,0.2433003171611093,0.00046121502921282867,0.13182930008042604,344.0,1.0,62.0,0.11981889862878399
LocStab,Cancer,AE,KM,0.2,0.2,9,0.42748645135806695,0.05036802732947718,0.0785616000648588,203.0,1.0,61.0,0.5751724950762955
LocStab,Cancer,AE,D,0.2,0.2,9,0.40964391114976095,0.05583983193626414,0.10800639993976802,275.0,1.0,59.0,0.0
LocStab,Cancer,B,S,0.25,0.35,9,0.1995720581937907,0.19838041678207424,0.4719824999338016,579.0,1.0,22.0,0.0
LocStab,Cancer,B,P,0.25,0.35,9,0.19874015303797313,0.2285082823626783,0.13658170006237924,352.0,1.0,16.0,-0.0007010895384416345
LocStab,Cancer,B,KM,0.25,0.35,9,0.19882576152880638,0.22710388077314272,0.062170500052161515,150.0,1.0,15.0,0.31152090965889756
LocStab,Cancer,B,D,0.25,0.35,9,0.19789698974845166,0.21894977595488624,0.04844209994189441,113.0,1.0,16.0,0.0
LocStab,Cancer,AF,S,0.25,0.35,9,0.10211022546269384,0.16555017664612273,0.4591098000528291,547.0,1.0,23.0,0.0
LocStab,Cancer,AF,P,0.25,0.35,9,0.20184901003468014,0.2488978080010308,0.10611139994580299,278.0,1.0,13.0,0.00229408683112353
LocStab,Cancer,AF,KM,0.25,0.35,9,0.222223099208843,0.3535794672279341,0.04761130001861602,116.0,1.0,10.0,0.35301059019745473
LocStab,Cancer,AF,D,0.25,0.35,9,0.01645876292700162,0.41976509803012807,0.014100700034759939,10.0,1.0,9.0,0.0
LocStab,Cancer,AE,S,0.25,0.35,9,0.3762928606808985,0.184683798986808,0.5040417000418529,575.0,1.0,29.0,0.0
LocStab,Cancer,AE,P,0.25,0.35,9,0.06147979671531508,0.02498250930988897,0.09299890010152012,234.0,1.0,17.0,0.1161364900818949
LocStab,Cancer,AE,KM,0.25,0.35,9,0.4243328649627621,0.2621124370249095,0.04372640000656247,95.0,1.0,17.0,0.5871837329139389
LocStab,Cancer,AE,D,0.25,0.35,9,0.1950524380367737,0.20898707028187818,0.04483050003182143,104.0,1.0,17.0,0.0
LocStab,Cancer,B,S,0.4,0.4,9,0.05881865786022306,0.34820023371546527,0.33031949994619936,565.0,1.0,8.0,0.0
LocStab,Cancer,B,P,0.4,0.4,9,0.05881865786022306,0.34820023371546527,0.12788249994628131,320.0,1.0,8.0,-0.0002452762918395153
LocStab,Cancer,B,KM,0.4,0.4,9,0.05884316137269948,0.3484272848076753,0.07009240007027984,177.0,1.0,8.0,0.10125179677421298
LocStab,Cancer,B,D,0.4,0.4,9,0.05884316137269948,0.3484272848076753,0.022210099967196584,34.0,1.0,8.0,0.0
LocStab,Cancer,AF,S,0.4,0.4,9,0.05088398027172303,0.3613714874347564,0.32747849996667355,562.0,1.0,7.0,0.0
LocStab,Cancer,AF,P,0.4,0.4,9,0.008532801313319934,0.51193296176655,0.10740860004443675,284.0,1.0,3.0,0.00024895082990920983
LocStab,Cancer,AF,KM,0.4,0.4,9,0.061560907910695364,0.3706885950618876,0.06691479997243732,165.0,1.0,3.0,0.10643019608230542
LocStab,Cancer,AF,D,0.4,0.4,9,0.0,,0.010875699925236404,0.0,1.0,1.0,1.0
LocStab,Cancer,AE,S,0.4,0.4,9,0.29721372708777377,0.1390900803333167,0.35408950003329664,678.0,1.0,14.0,0.0
LocStab,Cancer,AE,P,0.4,0.4,9,0.07837085734512694,0.027141441811185957,0.06511510000564158,153.0,1.0,10.0,0.28056233265727976
LocStab,Cancer,AE,KM,0.4,0.4,9,0.2395734894150598,0.34289635998647733,0.050871700048446655,118.0,1.0,8.0,0.364012106896311
LocStab,Cancer,AE,D,0.4,0.4,9,0.0586103812672437,0.3218657972813978,0.022292600013315678,34.0,1.0,9.0,0.0
KMeans,Iris,-,-,,,0,0.5923326221845838,0.4630420362927048,0.04677610006183386,,,,
DBSCAN,Iris,-,-,,,0,0.0,,0.002276299986988306,,,,
LocStab,Iris,B,S,0.2,0.2,0,0.4672667301957207,0.16100894008919028,0.012282799929380417,170.0,1.0,13.0,0.0
LocStab,Iris,B,P,0.2,0.2,0,0.4304125822570516,0.1990723012427311,0.009552299976348877,131.0,1.0,12.0,-0.0035587836423376933
LocStab,Iris,B,KM,0.2,0.2,0,0.43577866124592995,0.1784540207552474,0.005308500025421381,38.0,1.0,12.0,0.6264899220320094
LocStab,Iris,B,D,0.2,0.2,0,0.46469485053211923,0.16332436813301807,0.008674500044435263,115.0,1.0,13.0,0.0
LocStab,Iris,AF,S,0.2,0.2,0,0.45904020067331175,0.14263393595460788,0.01127360004466027,140.0,1.0,12.0,0.0
LocStab,Iris,AF,P,0.2,0.2,0,0.38495437074945166,0.011193953902246744,0.007267899927683175,83.0,1.0,8.0,0.047243445901870205
LocStab,Iris,AF,KM,0.2,0.2,0,0.6004471536428071,0.41316172736848233,0.0037569000851362944,3.0,1.0,4.0,0.9505075065083883
LocStab,Iris,AF,D,0.2,0.2,0,0.0,0.215137963463719,0.003666199976578355,1.0,1.0,2.0,0.0
LocStab,Iris,AE,S,0.2,0.2,0,0.2718818026490792,0.23763999469735997,0.008420299971476197,137.0,1.0,19.0,0.0
LocStab,Iris,AE,P,0.2,0.2,0,0.36707890168923846,0.1553460632295545,0.0058259000070393085,125.0,1.0,15.0,0.0049424297875476485
LocStab,Iris,AE,KM,0.2,0.2,0,0.4306549459943082,0.16177182178344804,0.0034402000019326806,36.0,1.0,13.0,0.6484957821291256
LocStab,Iris,AE,D,0.2,0.2,0,0.44417493668327457,0.15966910249578722,0.005223199957981706,107.0,1.0,14.0,0.0
LocStab,Iris,B,S,0.25,0.35,0,0.5052992574175622,0.2641826627917711,0.008769899955950677,145.0,1.0,7.0,0.0
LocStab,Iris,B,P,0.25,0.35,0,0.5052992574175622,0.2641826627917711,0.005433600046671927,116.0,1.0,7.0,-0.0037955343364933125
LocStab,Iris,B,KM,0.25,0.35,0,0.5052992574175622,0.2641826627917711,0.003833099966868758,54.0,1.0,7.0,0.5130301998830438
LocStab,Iris,B,D,0.25,0.35,0,0.5052992574175622,0.2641826627917711,0.004242600058205426,68.0,1.0,7.0,0.0
LocStab,Iris,AF,S,0.25,0.35,0,0.5082545360329427,0.30224409333275437,0.008728499989956617,144.0,1.0,6.0,0.0
LocStab,Iris,AF,P,0.25,0.35,0,0.5266145833333333,0.2716232537478723,0.004863400012254715,94.0,1.0,5.0,0.00038442460317460316
LocStab,Iris,AF,KM,0.25,0.35,0,0.5596292772570569,0.45945963250265476,0.003439399995841086,37.0,1.0,3.0,0.5812204389515019
LocStab,Iris,AF,D,0.25,0.35,0,0.0,,0.0025026999646797776,0.0,1.0,1.0,1.0
LocStab,Iris,AE,S,0.25,0.35,0,0.4413513633824579,0.26076348042349934,0.00873239990323782,142.0,1.0,8.0,0.0
LocStab,Iris,AE,P,0.25,0.35,0,0.5059120718170672,0.2677424528559312,0.005244200001470745,104.0,1.0,7.0,0.024084389991031095
LocStab,Iris,AE,KM,0.25,0.35,0,0.536710835713909,0.32953486197289283,0.0029657999984920025,7.0,1.0,7.0,0.9331842781925641
LocStab,Iris,AE,D,0.25,0.35,0,0.5052992574175622,0.2641826627917711,0.007199399988166988,68.0,1.0,7.0,0.0
LocStab,Iris,B,S,0.4,0.4,0,0.5509419495000053,0.426656972323937,0.008233999949879944,152.0,1.0,4.0,0.0
LocStab,Iris,B,P,0.4,0.4,0,0.5509419495000053,0.426656972323937,0.005642200005240738,119.0,1.0,4.0,-0.005840666706898164
LocStab,Iris,B,KM,0.4,0.4,0,0.5509419495000053,0.426656972323937,0.003598600043915212,44.0,1.0,4.0,0.5592813570087676
LocStab,Iris,B,D,0.4,0.4,0,0.5509419495000053,0.426656972323937,0.0038749000523239374,53.0,1.0,4.0,0.0
LocStab,Iris,AF,S,0.4,0.4,0,0.5509419495000053,0.426656972323937,0.008579000015743077,152.0,1.0,4.0,0.0
LocStab,Iris,AF,P,0.4,0.4,0,0.5509419495000053,0.426656972323937,0.004938300000503659,98.0,1.0,4.0,-0.005840666706898164
LocStab,Iris,AF,KM,0.4,0.4,0,0.5637510205230709,0.49486290250095627,0.0035397999454289675,42.0,1.0,3.0,0.57404998797364
LocStab,Iris,AF,D,0.4,0.4,0,0.0,,0.003122899914160371,0.0,1.0,1.0,1.0
LocStab,Iris,AE,S,0.4,0.4,0,0.4706068414522748,0.24678343780669593,0.008203099947422743,143.0,1.0,7.0,0.0
LocStab,Iris,AE,P,0.4,0.4,0,0.5630983357892586,0.34152472241544796,0.005008799955248833,99.0,1.0,5.0,0.04091314413913392
LocStab,Iris,AE,KM,0.4,0.4,0,0.6004471536428071,0.41316172736848233,0.0025991000002250075,3.0,1.0,4.0,0.9505075065083883
LocStab,Iris,AE,D,0.4,0.4,0,0.5509419495000053,0.426656972323937,0.0040086000226438046,53.0,1.0,4.0,0.0
KMeans,Iris,-,-,,,1,0.6201351808870379,0.4599482392051863,0.049055299954488873,,,,
DBSCAN,Iris,-,-,,,1,0.0,,0.0029444999527186155,,,,
LocStab,Iris,B,S,0.2,0.2,1,0.4683482281079879,0.12710927171172826,0.008113200077787042,149.0,1.0,14.0,0.0
LocStab,Iris,B,P,0.2,0.2,1,0.45549570000960893,0.15541880423617707,0.009155199979431927,144.0,1.0,13.0,-0.008921278946862688
LocStab,Iris,B,KM,0.2,0.2,1,0.45920832279129165,0.19409381179122587,0.005321700009517372,38.0,1.0,12.0,0.6174148814559688
LocStab,Iris,B,D,0.2,0.2,1,0.46469485053211923,0.16332436813301807,0.008774599991738796,117.0,1.0,13.0,0.0
LocStab,Iris,AF,S,0.2,0.2,1,0.48447151996917975,0.08073722360335632,0.010695799952372909,136.0,1.0,14.0,0.0
LocStab,Iris,AF,P,0.2,0.2,1,0.4421548076870176,0.043905497589319414,0.007695100037381053,91.0,1.0,9.0,0.009322681983483806
LocStab,Iris,AF,KM,0.2,0.2,1,0.6304321754867971,0.41061011430958827,0.003935500048100948,5.0,1.0,4.0,0.9121310018256137
LocStab,Iris,AF,D,0.2,0.2,1,0.0,0.21513796346371894,0.0037025000201538205,1.0,1.0,2.0,0.0
LocStab,Iris,AE,S,0.2,0.2,1,0.249590591782485,0.16771848946205964,0.007553800009191036,131.0,1.0,21.0,0.0
LocStab,Iris,AE,P,0.2,0.2,1,0.3949493342814637,0.12845098596477184,0.005984400049783289,124.0,1.0,16.0,0.009241152602212512
LocStab,Iris,AE,KM,0.2,0.2,1,0.4501613046616369,0.19496642361646918,0.004829899989999831,37.0,1.0,12.0,0.632234841862788
LocStab,Iris,AE,D,0.2,0.2,1,0.44417493668327457,0.15966910249578722,0.005245800013653934,107.0,1.0,14.0,0.0
LocStab,Iris,B,S,0.25,0.35,1,0.5052992574175622,0.2641826627917711,0.008596700034104288,148.0,1.0,7.0,0.0
LocStab,Iris,B,P,0.25,0.35,1,0.5052992574175622,0.2641826627917711,0.008197899907827377,126.0,1.0,7.0,-0.0068258604778865
LocStab,Iris,B,KM,0.25,0.35,1,0.5052992574175622,0.2641826627917711,0.004014700069092214,57.0,1.0,7.0,0.5086536580322479
LocStab,Iris,B,D,0.25,0.35,1,0.5052992574175622,0.2641826627917711,0.004220400005578995,68.0,1.0,7.0,0.0
LocStab,Iris,AF,S,0.25,0.35,1,0.5082545360329427,0.30224409333275437,0.008773799985647202,145.0,1.0,6.0,0.0
LocStab,Iris,AF,P,0.25,0.35,1,0.5288897027406458,0.2227553154076514,0.005013599991798401,98.0,1.0,7.0,-0.001518647378380028
LocStab,Iris,AF,KM,0.25,0.35,1,0.5596292772570569,0.45945963250265476,0.0036700000055134296,40.0,1.0,3.0,0.5688003620919375
LocStab,Iris,AF,D,0.25,0.35,1,0.0,,0.0025014999555423856,0.0,1.0,1.0,1.0
LocStab,Iris,AE,S,0.25,0.35,1,0.4556777127780111,0.26421297852381825,0.008188999956473708,141.0,1.0,9.0,0.0
LocStab,Iris,AE,P,0.25,0.35,1,0.5351589996564909,0.28460019693966376,0.005590999964624643,120.0,1.0,8.0,-0.0026804971308544367
LocStab,Iris,AE,KM,0.25,0.35,1,0.5623689530575416,0.32836688368364536,0.002693000016734004,7.0,1.0,7.0,0.9316386959516094
LocStab,Iris,AE,D,0.25,0.35,1,0.5052992574175622,0.2641826627917711,0.004198499955236912,68.0,1.0,7.0,0.0
LocStab,Iris,B,S,0.4,0.4,1,0.5509419495000053,0.4266569723239369,0.0080033999402076,146.0,1.0,4.0,0.0
LocStab,Iris,B,P,0.4,0.4,1,0.5509419495000053,0.4266569723239369,0.00553830002900213,119.0,1.0,4.0,-0.004077580525115695
LocStab,Iris,B,KM,0.4,0.4,1,0.5509419495000053,0.4266569723239369,0.003691899939440191,47.0,1.0,4.0,0.5535553263935297
LocStab,Iris,B,D,0.4,0.4,1,0.5509419495000053,0.4266569723239369,0.003802299965173006,53.0,1.0,4.0,0.0
LocStab,Iris,AF,S,0.4,0.4,1,0.5509419495000053,0.4266569723239369,0.00794290006160736,146.0,1.0,4.0,0.0
LocStab,Iris,AF,P,0.4,0.4,1,0.553177922482809,0.4088240320698704,0.0048961000284180045,96.0,1.0,4.0,-0.002851747930894524
LocStab,Iris,AF,KM,0.4,0.4,1,0.5637510205230709,0.4948629025009563,0.0036247000098228455,45.0,1.0,3.0,0.5673737019803287
LocStab,Iris,AF,D,0.4,0.4,1,0.0,,0.0025197999784722924,0.0,1.0,1.0,1.0
LocStab,Iris,AE,S,0.4,0.4,1,0.4955066916325595,0.08324461345773418,0.007875599898397923,141.0,1.0,9.0,0.0
LocStab,Iris,AE,P,0.4,0.4,1,0.5616350547319287,0.29454990813247983,0.005002800025977194,98.0,1.0,6.0,0.06408676024237643
LocStab,Iris,AE,KM,0.4,0.4,1,0.6099646258503402,0.41292984390671617,0.002633000025525689,5.0,1.0,4.0,0.91227655110618
LocStab,Iris,AE,D,0.4,0.4,1,0.5509419495000053,0.4266569723239369,0.003805299988016486,53.0,1.0,4.0,0.0
KMeans,Iris,-,-,,,2,0.6201351808870379,0.4599482392051863,0.04797549999784678,,,,
DBSCAN,Iris,-,-,,,2,0.0,,0.002083199913613498,,,,
LocStab,Iris,B,S,0.2,0.2,2,0.4645303028248281,0.14709461285217085,0.011631699977442622,151.0,1.0,14.0,0.0
LocStab,Iris,B,P,0.2,0.2,2,0.417678079712635,0.20674784854360573,0.01109440007712692,142.0,1.0,14.0,-0.000574241306582241
LocStab,Iris,B,KM,0.2,0.2,2,0.45920832279129165,0.19409381179122587,0.005299699958413839,38.0,1.0,12.0,0.6174148814559688
LocStab,Iris,B,D,0.2,0.2,2,0.46469485053211923,0.16332436813301807,0.008660400053486228,115.0,1.0,13.0,0.0
LocStab,Iris,AF,S,0.2,0.2,2,0.4233990670059372,0.12239285629244946,0.011197500047273934,138.0,1.0,13.0,0.0
LocStab,Iris,AF,P,0.2,0.2,2,0.4780988463913979,0.03189873766494782,0.007662000018171966,92.0,1.0,9.0,0.04246064479936551
LocStab,Iris,AF,KM,0.2,0.2,2,0.6304321754867971,0.4106101143095883,0.0038932999595999718,5.0,1.0,4.0,0.9121310018256137
LocStab,Iris,AF,D,0.2,0.2,2,0.0,0.21513796346371894,0.003634599968791008,1.0,1.0,2.0,0.0
LocStab,Iris,AE,S,0.2,0.2,2,0.25177849072395037,0.15201606608152243,0.008141000056639314,148.0,1.0,20.0,0.0
LocStab,Iris,AE,P,0.2,0.2,2,0.3670821080147505,0.06874455031724683,0.005817100056447089,124.0,1.0,15.0,0.01793399617233814
LocStab,Iris,AE,KM,0.2,0.2,2,0.4501613046616369,0.19496642361646915,0.00347140000667423,37.0,1.0,12.0,0.632234841862788
LocStab,Iris,AE,D,0.2,0.2,2,0.44417493668327457,0.15966910249578722,0.005243899999186397,107.0,1.0,14.0,0.0
LocStab,Iris,B,S,0.25,0.35,2,0.5052992574175622,0.2641826627917711,0.008715100004337728,146.0,1.0,7.0,0.0
LocStab,Iris,B,P,0.25,0.35,2,0.5052992574175622,0.2641826627917711,0.005433700047433376,114.0,1.0,7.0,0.003022699481641359
LocStab,Iris,B,KM,0.25,0.35,2,0.5052992574175622,0.2641826627917711,0.0039088999619707465,57.0,1.0,7.0,0.5086536580322479
LocStab,Iris,B,D,0.25,0.35,2,0.5052992574175622,0.2641826627917711,0.004216199973598123,68.0,1.0,7.0,0.0
LocStab,Iris,AF,S,0.25,0.35,2,0.5082545360329427,0.30224409333275437,0.008603399968706071,145.0,1.0,6.0,0.0
LocStab,Iris,AF,P,0.25,0.35,2,0.5259965102705157,0.2785512442321299,0.005528099951334298,93.0,1.0,6.0,0.010071843016468858
LocStab,Iris,AF,KM,0.25,0.35,2,0.5596292772570569,0.45945963250265476,0.004143400001339614,40.0,1.0,3.0,0.5688003620919375
LocStab,Iris,AF,D,0.25,0.35,2,0.0,,0.0025339999701827765,0.0,1.0,1.0,1.0
LocStab,Iris,AE,S,0.25,0.35,2,0.45442488719745133,0.30275068144467737,0.00837249995674938,142.0,1.0,8.0,0.0
LocStab,Iris,AE,P,0.25,0.35,2,0.4649798542827916,0.25406990016400216,0.005931699997745454,112.0,1.0,7.0,0.0065577962881777
LocStab,Iris,AE,KM,0.25,0.35,2,0.5623689530575416,0.3283668836836453,0.0026814999291673303,7.0,1.0,7.0,0.9316386959516094
LocStab,Iris,AE,D,0.25,0.35,2,0.5052992574175622,0.2641826627917711,0.004194899927824736,68.0,1.0,7.0,0.0
LocStab,Iris,B,S,0.4,0.4,2,0.5509419495000053,0.426656972323937,0.008026499999687076,152.0,1.0,4.0,0.0
LocStab,Iris,B,P,0.4,0.4,2,0.5509419495000053,0.426656972323937,0.005085299955680966,103.0,1.0,4.0,0.0005064435475187224
LocStab,Iris,B,KM,0.4,0.4,2,0.5509419495000053,0.426656972323937,0.004571500001475215,47.0,1.0,4.0,0.5535553263935297
LocStab,Iris,B,D,0.4,0.4,2,0.5509419495000053,0.426656972323937,0.0037986000534147024,53.0,1.0,4.0,0.0
LocStab,Iris,AF,S,0.4,0.4,2,0.5509419495000053,0.426656972323937,0.008040999993681908,152.0,1.0,4.0,0.0
LocStab,Iris,AF,P,0.4,0.4,2,0.5610289337472288,0.3847311401813673,0.004827499971725047,93.0,1.0,4.0,0.0012836894745722116
LocStab,Iris,AF,KM,0.4,0.4,2,0.5637510205230709,0.49486290250095627,0.004191000014543533,45.0,1.0,3.0,0.5673737019803287
LocStab,Iris,AF,D,0.4,0.4,2,0.0,,0.0025013000704348087,0.0,1.0,1.0,1.0
LocStab,Iris,AE,S,0.4,0.4,2,0.5161480290654755,0.25973837288112944,0.00847790006082505,143.0,1.0,7.0,0.0
LocStab,Iris,AE,P,0.4,0.4,2,0.4165851194397166,0.14509175035424568,0.004868599935434759,93.0,1.0,6.0,0.030037302303502912
LocStab,Iris,AE,KM,0.4,0.4,2,0.6099646258503402,0.4129298439067162,0.0032801999477669597,5.0,1.0,4.0,0.91227655110618
LocStab,Iris,AE,D,0.4,0.4,2,0.5509419495000053,0.426656972323937,0.0038083000108599663,53.0,1.0,4.0,0.0
KMeans,Iris,-,-,,,3,0.6201351808870379,0.45994823920518635,0.04855660011526197,,,,
DBSCAN,Iris,-,-,,,3,0.0,,0.0015977999428287148,,,,
LocStab,Iris,B,S,0.2,0.2,3,0.4683482281079879,0.12710927171172826,0.00844530004542321,153.0,1.0,14.0,0.0
LocStab,Iris,B,P,0.2,0.2,3,0.4683482281079879,0.12710927171172826,0.008753799949772656,148.0,1.0,14.0,-0.004629253878503128
LocStab,Iris,B,KM,0.2,0.2,3,0.4486827769578772,0.1951033188643791,0.003533200011588633,39.0,1.0,12.0,0.6130606962679823
LocStab,Iris,B,D,0.2,0.2,3,0.46469485053211923,0.16332436813301812,0.006069399998523295,115.0,1.0,13.0,0.0
LocStab,Iris,AF,S,0.2,0.2,3,0.4465884566189172,0.07305640254805357,0.011850800015963614,137.0,1.0,14.0,0.0
LocStab,Iris,AF,P,0.2,0.2,3,0.53686263598832,0.240948796353277,0.007218200014904141,91.0,1.0,8.0,0.013844039559216573
LocStab,Iris,AF,KM,0.2,0.2,3,0.6304321754867971,0.41061011430958827,0.0038437999319285154,5.0,1.0,4.0,0.9121310018256137
LocStab,Iris,AF,D,0.2,0.2,3,0.0,0.215137963463719,0.004066199995577335,1.0,1.0,2.0,0.0
LocStab,Iris,AE,S,0.2,0.2,3,0.2702742227916847,0.19584249334648232,0.00975640001706779,139.0,1.0,19.0,0.0
LocStab,Iris,AE,P,0.2,0.2,3,0.414837379323273,0.11487721886357803,0.0064709000289440155,125.0,1.0,16.0,0.007039085200112476
LocStab,Iris,AE,KM,0.2,0.2,3,0.4512942016618554,0.19706952650148138,0.0036130999214947224,40.0,1.0,12.0,0.6057471258114855
LocStab,Iris,AE,D,0.2,0.2,3,0.44417493668327457,0.15966910249578722,0.005219399929046631,107.0,1.0,14.0,0.0
LocStab,Iris,B,S,0.25,0.35,3,0.5052992574175622,0.2641826627917711,0.008778400020673871,145.0,1.0,7.0,0.0
LocStab,Iris,B,P,0.25,0.35,3,0.5004415555076348,0.2715791131131191,0.005777699989266694,124.0,1.0,7.0,-0.006767094872821745
LocStab,Iris,B,KM,0.25,0.35,3,0.5052992574175622,0.2641826627917711,0.003931500017642975,57.0,1.0,7.0,0.5086536580322479
LocStab,Iris,B,D,0.25,0.35,3,0.5052992574175622,0.2641826627917711,0.0042616999708116055,68.0,1.0,7.0,0.0
LocStab,Iris,AF,S,0.25,0.35,3,0.5082545360329427,0.30224409333275437,0.00864509993698448,144.0,1.0,6.0,0.0
LocStab,Iris,AF,P,0.25,0.35,3,0.5218917681887678,0.24817745433976712,0.005003900034353137,98.0,1.0,6.0,-0.0019233203813530436
LocStab,Iris,AF,KM,0.25,0.35,3,0.5596292772570569,0.45945963250265476,0.0035072999307885766,40.0,1.0,3.0,0.5688003620919375
LocStab,Iris,AF,D,0.25,0.35,3,0.0,,0.0026188999181613326,0.0,1.0,1.0,1.0
LocStab,Iris,AE,S,0.25,0.35,3,0.4396277427040076,0.22718674561896354,0.008555900072678924,141.0,1.0,9.0,0.0
LocStab,Iris,AE,P,0.25,0.35,3,0.5811390456070933,0.1380797367036432,0.005390699952840805,110.0,1.0,8.0,0.010305677343996691
LocStab,Iris,AE,KM,0.25,0.35,3,0.5623689530575416,0.32836688368364536,0.0027074000099673867,7.0,1.0,7.0,0.9316386959516094
LocStab,Iris,AE,D,0.25,0.35,3,0.5052992574175622,0.2641826627917711,0.0042360000079497695,68.0,1.0,7.0,0.0
LocStab,Iris,B,S,0.4,0.4,3,0.5509419495000053,0.42665697232393696,0.008037000079639256,152.0,1.0,4.0,0.0
LocStab,Iris,B,P,0.4,0.4,3,0.5509419495000053,0.42665697232393696,0.005640599993057549,124.0,1.0,4.0,-0.004077580525115695
LocStab,Iris,B,KM,0.4,0.4,3,0.5509419495000053,0.42665697232393696,0.0036916000535711646,47.0,1.0,4.0,0.5535553263935297
LocStab,Iris,B,D,0.4,0.4,3,0.5509419495000053,0.42665697232393696,0.0038014999590814114,53.0,1.0,4.0,0.0
LocStab,Iris,AF,S,0.4,0.4,3,0.5509419495000053,0.42665697232393696,0.00806290004402399,152.0,1.0,4.0,0.0
LocStab,Iris,AF,P,0.4,0.4,3,0.5559376432828977,0.3948629693660563,0.0049356999807059765,97.0,1.0,4.0,-0.00384582994133004
LocStab,Iris,AF,KM,0.4,0.4,3,0.5637510205230709,0.49486290250095627,0.003782999934628606,45.0,1.0,3.0,0.5673737019803287
LocStab,Iris,AF,D,0.4,0.4,3,0.0,,0.0025200999807566404,0.0,1.0,1.0,1.0
LocStab,Iris,AE,S,0.4,0.4,3,0.5194064930696579,0.30709010920689717,0.007608100073412061,143.0,1.0,7.0,0.0
LocStab,Iris,AE,P,0.4,0.4,3,0.6199790971869915,0.3232759193786755,0.0051188999786973,100.0,1.0,6.0,0.04168641899328282
LocStab,Iris,AE,KM,0.4,0.4,3,0.6099646258503402,0.4129298439067162,0.0026482000248506665,5.0,1.0,4.0,0.91227655110618
LocStab,Iris,AE,D,0.4,0.4,3,0.5509419495000053,0.42665697232393696,0.003770899958908558,53.0,1.0,4.0,0.0
KMeans,Iris,-,-,,,4,0.6201351808870379,0.45994823920518635,0.04783619998488575,,,,
DBSCAN,Iris,-,-,,,4,0.0,,0.0020797000033780932,,,,
LocStab,Iris,B,S,0.2,0.2,4,0.4645303028248281,0.14709461285217085,0.012931900098919868,168.0,1.0,14.0,0.0
LocStab,Iris,B,P,0.2,0.2,4,0.4683482281079879,0.12710927171172826,0.007454700069501996,149.0,1.0,14.0,0.0034328622917211508
LocStab,Iris,B,KM,0.2,0.2,4,0.43577866124592995,0.17845402075524747,0.0036405998980626464,41.0,1.0,12.0,0.5999725565754104
LocStab,Iris,B,D,0.2,0.2,4,0.46469485053211923,0.16332436813301807,0.005870799999684095,115.0,1.0,13.0,0.0
LocStab,Iris,AF,S,0.2,0.2,4,0.4933821450493171,0.1423861927304277,0.010243299999274313,139.0,1.0,12.0,0.0
LocStab,Iris,AF,P,0.2,0.2,4,0.44453615281549286,-0.011311035038546123,0.0074072000570595264,86.0,1.0,11.0,0.02640100585741366
LocStab,Iris,AF,KM,0.2,0.2,4,0.6304321754867971,0.41061011430958827,0.0038305000634863973,5.0,1.0,4.0,0.9121310018256137
LocStab,Iris,AF,D,0.2,0.2,4,0.0,0.21513796346371894,0.003651399980299175,1.0,1.0,2.0,0.0
LocStab,Iris,AE,S,0.2,0.2,4,0.26582225961865596,0.12440866064170865,0.007495100027881563,131.0,1.0,20.0,0.0
LocStab,Iris,AE,P,0.2,0.2,4,0.396590695046148,0.15155087034179252,0.005858800024725497,127.0,1.0,14.0,0.03641614867834495
LocStab,Iris,AE,KM,0.2,0.2,4,0.4512942016618554,0.1970695265014814,0.0035410000709816813,40.0,1.0,12.0,0.6057471258114855
LocStab,Iris,AE,D,0.2,0.2,4,0.44417493668327457,0.15966910249578722,0.005218600039370358,107.0,1.0,14.0,0.0
LocStab,Iris,B,S,0.25,0.35,4,0.5052992574175622,0.26418266279177116,0.008354299934580922,147.0,1.0,7.0,0.0
LocStab,Iris,B,P,0.25,0.35,4,0.5004415555076348,0.27157911311311916,0.005596500006504357,121.0,1.0,7.0,-0.004089522811989772
LocStab,Iris,B,KM,0.25,0.35,4,0.5052992574175622,0.26418266279177116,0.003938799956813455,57.0,1.0,7.0,0.5086536580322479
LocStab,Iris,B,D,0.25,0.35,4,0.5052992574175622,0.26418266279177116,0.004183699958957732,68.0,1.0,7.0,0.0
LocStab,Iris,AF,S,0.25,0.35,4,0.5137446137991293,0.30078046383570883,0.008264999953098595,145.0,1.0,6.0,0.0
LocStab,Iris,AF,P,0.25,0.35,4,0.5276983893144765,0.2757047737124556,0.005089099984616041,96.0,1.0,6.0,0.00015468473777253977
LocStab,Iris,AF,KM,0.25,0.35,4,0.5596292772570569,0.45945963250265476,0.0035093999467790127,40.0,1.0,3.0,0.5688003620919375
LocStab,Iris,AF,D,0.25,0.35,4,0.0,,0.002498400048352778,0.0,1.0,1.0,1.0
LocStab,Iris,AE,S,0.25,0.35,4,0.4888544038107906,0.16433702889260177,0.008896700106561184,161.0,1.0,10.0,0.0
LocStab,Iris,AE,P,0.25,0.35,4,0.527129910372172,0.30464413091261683,0.005375000066123903,111.0,1.0,7.0,0.017853374648763312
LocStab,Iris,AE,KM,0.25,0.35,4,0.5623689530575416,0.32836688368364536,0.0026943000266328454,7.0,1.0,7.0,0.9316386959516094
LocStab,Iris,AE,D,0.25,0.35,4,0.5052992574175622,0.26418266279177116,0.00417369999922812,68.0,1.0,7.0,0.0
LocStab,Iris,B,S,0.4,0.4,4,0.5509419495000053,0.426656972323937,0.007526899920776486,146.0,1.0,4.0,0.0
LocStab,Iris,B,P,0.4,0.4,4,0.5509419495000053,0.426656972323937,0.005778799997642636,116.0,1.0,4.0,-0.005135432234185176
LocStab,Iris,B,KM,0.4,0.4,4,0.5509419495000053,0.426656972323937,0.003666499978862703,47.0,1.0,4.0,0.5535553263935297
LocStab,Iris,B,D,0.4,0.4,4,0.5509419495000053,0.426656972323937,0.004720599972642958,53.0,1.0,4.0,0.0
LocStab,Iris,AF,S,0.4,0.4,4,0.5509419495000053,0.426656972323937,0.007529100053943694,146.0,1.0,4.0,0.0
LocStab,Iris,AF,P,0.4,0.4,4,0.5681159420289855,0.5817500491982808,0.004952499992214143,96.0,1.0,2.0,-0.0033530434782608697
LocStab,Iris,AF,KM,0.4,0.4,4,0.5637510205230709,0.49486290250095616,0.0036345000844448805,45.0,1.0,3.0,0.5673737019803287
LocStab,Iris,AF,D,0.4,0.4,4,0.0,,0.002537099993787706,0.0,1.0,1.0,1.0
LocStab,Iris,AE,S,0.4,0.4,4,0.5152377805454592,0.26966829210406357,0.0077031999826431274,144.0,1.0,8.0,0.0
LocStab,Iris,AE,P,0.4,0.4,4,0.535943859872713,0.26430846857664986,0.00497359992004931,98.0,1.0,6.0,0.03193062669098768
LocStab,Iris,AE,KM,0.4,0.4,4,0.6099646258503402,0.4129298439067162,0.0026584999868646264,5.0,1.0,4.0,0.91227655110618
LocStab,Iris,AE,D,0.4,0.4,4,0.5509419495000053,0.426656972323937,0.003815299947746098,53.0,1.0,4.0,0.0
KMeans,Iris,-,-,,,5,0.6201351808870379,0.45994823920518646,0.04821749997790903,,,,
DBSCAN,Iris,-,-,,,5,0.0,,0.0020759999752044678,,,,
LocStab,Iris,B,S,0.2,0.2,5,0.4672667301957207,0.1610089400891903,0.013238799991086125,175.0,1.0,13.0,0.0
LocStab,Iris,B,P,0.2,0.2,5,0.44558964196304757,0.2102897402308756,0.010129600064828992,146.0,1.0,12.0,-0.006303671598847277
LocStab,Iris,B,KM,0.2,0.2,5,0.43577866124592995,0.17845402075524747,0.0048964000307023525,39.0,1.0,12.0,0.5999725565754104
LocStab,Iris,B,D,0.2,0.2,5,0.46469485053211923,0.1633243681330181,0.005930299987085164,115.0,1.0,13.0,0.0
LocStab,Iris,AF,S,0.2,0.2,5,0.43814158552200255,0.12810915012328042,0.00807770004030317,140.0,1.0,12.0,0.0
LocStab,Iris,AF,P,0.2,0.2,5,0.4432080175618581,0.08032241925466647,0.007698200060985982,93.0,1.0,9.0,0.025305843289097747
LocStab,Iris,AF,KM,0.2,0.2,5,0.6304321754867971,0.4106101143095883,0.003946000011637807,5.0,1.0,4.0,0.9121310018256137
LocStab,Iris,AF,D,0.2,0.2,5,0.0,0.2151379634637189,0.0029166999738663435,1.0,1.0,2.0,0.0
LocStab,Iris,AE,S,0.2,0.2,5,0.25217887840355835,0.1772263033766283,0.008904900052584708,132.0,1.0,20.0,0.0
LocStab,Iris,AE,P,0.2,0.2,5,0.4010236675853831,0.08710126119126693,0.0058469000505283475,126.0,1.0,15.0,0.022994700440132937
LocStab,Iris,AE,KM,0.2,0.2,5,0.4512942016618554,0.19706952650148138,0.0036222999915480614,40.0,1.0,12.0,0.6057471258114855
LocStab,Iris,AE,D,0.2,0.2,5,0.44417493668327457,0.15966910249578728,0.005285599967464805,107.0,1.0,14.0,0.0
LocStab,Iris,B,S,0.25,0.35,5,0.5052992574175622,0.2641826627917711,0.0088050999911502,150.0,1.0,7.0,0.0
LocStab,Iris,B,P,0.25,0.35,5,0.5052992574175622,0.2641826627917711,0.005817799945361912,129.0,1.0,7.0,-0.0068258604778865
LocStab,Iris,B,KM,0.25,0.35,5,0.5052992574175622,0.2641826627917711,0.004027899936772883,57.0,1.0,7.0,0.5086536580322479
LocStab,Iris,B,D,0.25,0.35,5,0.5052992574175622,0.2641826627917711,0.004741600016131997,68.0,1.0,7.0,0.0
LocStab,Iris,AF,S,0.25,0.35,5,0.5152265892589304,0.2827656238625725,0.008605599985457957,144.0,1.0,6.0,0.0
LocStab,Iris,AF,P,0.25,0.35,5,0.5296379496023478,0.2800797527913528,0.0052408999763429165,97.0,1.0,5.0,-0.0022994375999990132
LocStab,Iris,AF,KM,0.25,0.35,5,0.5596292772570569,0.45945963250265476,0.003498000092804432,40.0,1.0,3.0,0.5688003620919375
LocStab,Iris,AF,D,0.25,0.35,5,0.0,,0.0032404999947175384,0.0,1.0,1.0,1.0
LocStab,Iris,AE,S,0.25,0.35,5,0.4565379613552091,0.296667509532721,0.0091398999793455,159.0,1.0,8.0,0.0
LocStab,Iris,AE,P,0.25,0.35,5,0.542963937613664,0.2987784029590481,0.0060816999757662416,129.0,1.0,8.0,-0.005229590767760914
LocStab,Iris,AE,KM,0.25,0.35,5,0.5623689530575416,0.32836688368364536,0.002674899995326996,7.0,1.0,7.0,0.9316386959516094
LocStab,Iris,AE,D,0.25,0.35,5,0.5052992574175622,0.2641826627917711,0.004184599965810776,68.0,1.0,7.0,0.0
LocStab,Iris,B,S,0.4,0.4,5,0.5509419495000053,0.42665697232393696,0.008127400069497526,146.0,1.0,4.0,0.0
LocStab,Iris,B,P,0.4,0.4,5,0.5509419495000053,0.42665697232393696,0.005556700052693486,121.0,1.0,4.0,-0.005135432234185176
LocStab,Iris,B,KM,0.4,0.4,5,0.5509419495000053,0.42665697232393696,0.003666299977339804,47.0,1.0,4.0,0.5535553263935297
LocStab,Iris,B,D,0.4,0.4,5,0.5509419495000053,0.42665697232393696,0.003799900063313544,53.0,1.0,4.0,0.0
LocStab,Iris,AF,S,0.4,0.4,5,0.5509419495000053,0.42665697232393696,0.008454700000584126,146.0,1.0,4.0,0.0
LocStab,Iris,AF,P,0.4,0.4,5,0.5657466140922338,0.45329535028235163,0.0049733000341802835,99.0,1.0,3.0,-0.003874273865212123
LocStab,Iris,AF,KM,0.4,0.4,5,0.5637510205230709,0.49486290250095616,0.00398389995098114,45.0,1.0,3.0,0.5673737019803287
LocStab,Iris,AF,D,0.4,0.4,5,0.0,,0.0024828999303281307,0.0,1.0,1.0,1.0
LocStab,Iris,AE,S,0.4,0.4,5,0.4922652888496971,0.2645212802539239,0.008296400075778365,148.0,1.0,6.0,0.0
LocStab,Iris,AE,P,0.4,0.4,5,0.5354639172409601,0.2415466248606047,0.0048232999397441745,91.0,1.0,5.0,0.06454740977410893
LocStab,Iris,AE,KM,0.4,0.4,5,0.6099646258503402,0.4129298439067162,0.0026446999981999397,5.0,1.0,4.0,0.91227655110618
LocStab,Iris,AE,D,0.4,0.4,5,0.5509419495000053,0.42665697232393696,0.0038069000001996756,53.0,1.0,4.0,0.0
KMeans,Iris,-,-,,,6,0.6201351808870379,0.4599482392051863,0.04923210002016276,,,,
DBSCAN,Iris,-,-,,,6,0.0,,0.002188700018450618,,,,
LocStab,Iris,B,S,0.2,0.2,6,0.4672667301957207,0.16100894008919028,0.011608999921008945,149.0,1.0,13.0,0.0
LocStab,Iris,B,P,0.2,0.2,6,0.44637017311866556,0.15106359523052285,0.00849570007994771,167.0,1.0,14.0,-0.006825380235480162
LocStab,Iris,B,KM,0.2,0.2,6,0.43577866124592995,0.1784540207552474,0.005373799940571189,39.0,1.0,12.0,0.5999725565754104
LocStab,Iris,B,D,0.2,0.2,6,0.46469485053211923,0.16332436813301807,0.008717300021089613,117.0,1.0,13.0,0.0
LocStab,Iris,AF,S,0.2,0.2,6,0.49450744647274275,0.11334198250954645,0.011003999970853329,137.0,1.0,13.0,0.0
LocStab,Iris,AF,P,0.2,0.2,6,0.47465759586673123,0.04132694716294483,0.007495700032450259,88.0,1.0,11.0,0.04314913269043753
LocStab,Iris,AF,KM,0.2,0.2,6,0.6304321754867971,0.4106101143095882,0.00385090010240674,5.0,1.0,4.0,0.9121310018256137
LocStab,Iris,AF,D,0.2,0.2,6,0.0,0.215137963463719,0.0025779999559745193,1.0,1.0,2.0,0.0
LocStab,Iris,AE,S,0.2,0.2,6,0.24300443557665016,0.05550038210729783,0.0075307999504730105,133.0,1.0,21.0,0.0
LocStab,Iris,AE,P,0.2,0.2,6,0.29523987521025924,0.16230758073995014,0.0058234999887645245,123.0,1.0,14.0,0.04818110806005626
LocStab,Iris,AE,KM,0.2,0.2,6,0.4512942016618554,0.19706952650148138,0.0035318000009283423,40.0,1.0,12.0,0.6057471258114855
LocStab,Iris,AE,D,0.2,0.2,6,0.44417493668327457,0.15966910249578722,0.005660600028932095,107.0,1.0,14.0,0.0
LocStab,Iris,B,S,0.25,0.35,6,0.5052992574175622,0.2641826627917711,0.008405399974435568,146.0,1.0,7.0,0.0
LocStab,Iris,B,P,0.25,0.35,6,0.5052992574175622,0.2641826627917711,0.005652799969539046,122.0,1.0,7.0,-0.0068258604778865
LocStab,Iris,B,KM,0.25,0.35,6,0.5052992574175622,0.2641826627917711,0.004582199966534972,57.0,1.0,7.0,0.5086536580322479
LocStab,Iris,B,D,0.25,0.35,6,0.5052992574175622,0.2641826627917711,0.004195999936200678,68.0,1.0,7.0,0.0
LocStab,Iris,AF,S,0.25,0.35,6,0.5182964144545437,0.30115964392519334,0.008319000015035272,144.0,1.0,6.0,0.0
LocStab,Iris,AF,P,0.25,0.35,6,0.5097415387616822,0.2940527790759812,0.005020199925638735,100.0,1.0,6.0,-0.005300037392901852
LocStab,Iris,AF,KM,0.25,0.35,6,0.5596292772570569,0.45945963250265476,0.003736299928277731,40.0,1.0,3.0,0.5688003620919375
LocStab,Iris,AF,D,0.25,0.35,6,0.0,,0.0025164999533444643,0.0,1.0,1.0,1.0
LocStab,Iris,AE,S,0.25,0.35,6,0.423100145376102,0.2961249897746084,0.008435299969278276,142.0,1.0,8.0,0.0
LocStab,Iris,AE,P,0.25,0.35,6,0.5248348689469478,0.328872423025596,0.005641700001433492,122.0,1.0,7.0,0.0041174078281234665
LocStab,Iris,AE,KM,0.25,0.35,6,0.5623689530575416,0.32836688368364536,0.00318250001873821,7.0,1.0,7.0,0.9316386959516094
LocStab,Iris,AE,D,0.25,0.35,6,0.5052992574175622,0.2641826627917711,0.004209200036711991,68.0,1.0,7.0,0.0
LocStab,Iris,B,S,0.4,0.4,6,0.5509419495000053,0.42665697232393696,0.00802160007879138,146.0,1.0,4.0,0.0
LocStab,Iris,B,P,0.4,0.4,6,0.5509419495000053,0.42665697232393696,0.005674100015312433,119.0,1.0,4.0,-0.00548804947054167
LocStab,Iris,B,KM,0.4,0.4,6,0.5509419495000053,0.42665697232393696,0.0037727999733760953,47.0,1.0,4.0,0.5535553263935297
LocStab,Iris,B,D,0.4,0.4,6,0.5509419495000053,0.42665697232393696,0.003962899907492101,53.0,1.0,4.0,0.0
LocStab,Iris,AF,S,0.4,0.4,6,0.5509419495000053,0.42665697232393696,0.007933299988508224,146.0,1.0,4.0,0.0
LocStab,Iris,AF,P,0.4,0.4,6,0.5632005518192792,0.3666515217137399,0.005117800086736679,100.0,1.0,4.0,-0.004516378029052628
LocStab,Iris,AF,KM,0.4,0.4,6,0.5637510205230709,0.4948629025009563,0.003638199996203184,45.0,1.0,3.0,0.5673737019803287
LocStab,Iris,AF,D,0.4,0.4,6,0.0,,0.002490400103852153,0.0,1.0,1.0,1.0
LocStab,Iris,AE,S,0.4,0.4,6,0.4010611513547932,0.2296046393594215,0.007668800069950521,144.0,1.0,8.0,0.0
LocStab,Iris,AE,P,0.4,0.4,6,0.5712955910975713,0.3388960341211439,0.005046200007200241,97.0,1.0,5.0,0.07385205021742869
LocStab,Iris,AE,KM,0.4,0.4,6,0.6099646258503402,0.4129298439067162,0.0026324999053031206,5.0,1.0,4.0,0.91227655110618
LocStab,Iris,AE,D,0.4,0.4,6,0.5509419495000053,0.42665697232393696,0.003783999942243099,53.0,1.0,4.0,0.0
KMeans,Iris,-,-,,,7,0.6201351808870379,0.4599482392051863,0.048012100043706596,,,,
DBSCAN,Iris,-,-,,,7,0.0,,0.002063099993392825,,,,
LocStab,Iris,B,S,0.2,0.2,7,0.4683482281079879,0.12710927171172828,0.011975400033406913,154.0,1.0,14.0,0.0
LocStab,Iris,B,P,0.2,0.2,7,0.45701198504922025,0.18676466258449853,0.009892500005662441,140.0,1.0,12.0,0.006356644548076647
LocStab,Iris,B,KM,0.2,0.2,7,0.45920832279129165,0.1940938117912259,0.005232900031842291,38.0,1.0,12.0,0.6174148814559688
LocStab,Iris,B,D,0.2,0.2,7,0.46469485053211923,0.16332436813301812,0.00864820007700473,115.0,1.0,13.0,0.0
LocStab,Iris,AF,S,0.2,0.2,7,0.4646843326053576,0.08248345580487569,0.011000299942679703,136.0,1.0,14.0,0.0
LocStab,Iris,AF,P,0.2,0.2,7,0.5592621675095902,0.25344003871355447,0.00776509998831898,94.0,1.0,9.0,0.017460759728800967
LocStab,Iris,AF,KM,0.2,0.2,7,0.6304321754867971,0.4106101143095883,0.0038198999827727675,5.0,1.0,4.0,0.9121310018256137
LocStab,Iris,AF,D,0.2,0.2,7,0.0,0.21513796346371894,0.003675400046631694,1.0,1.0,2.0,0.0
LocStab,Iris,AE,S,0.2,0.2,7,0.32029880478087647,0.24059483142933455,0.00807780004106462,131.0,1.0,19.0,0.0
LocStab,Iris,AE,P,0.2,0.2,7,0.42903877265345336,0.11410133711285103,0.005771499942056835,123.0,1.0,15.0,0.023496218650298724
LocStab,Iris,AE,KM,0.2,0.2,7,0.4501613046616369,0.19496642361646918,0.0035487000131979585,37.0,1.0,12.0,0.632234841862788
LocStab,Iris,AE,D,0.2,0.2,7,0.44417493668327457,0.15966910249578728,0.0052386000752449036,107.0,1.0,14.0,0.0
LocStab,Iris,B,S,0.25,0.35,7,0.5052992574175622,0.26418266279177116,0.009808899951167405,145.0,1.0,7.0,0.0
LocStab,Iris,B,P,0.25,0.35,7,0.5052992574175622,0.26418266279177116,0.005868299980647862,134.0,1.0,7.0,-0.005689488174864055
LocStab,Iris,B,KM,0.25,0.35,7,0.5052992574175622,0.26418266279177116,0.004106199950911105,57.0,1.0,7.0,0.5086536580322479
LocStab,Iris,B,D,0.25,0.35,7,0.5052992574175622,0.26418266279177116,0.004202599986456335,68.0,1.0,7.0,0.0
LocStab,Iris,AF,S,0.25,0.35,7,0.5082545360329427,0.30224409333275437,0.008837300003506243,144.0,1.0,6.0,0.0
LocStab,Iris,AF,P,0.25,0.35,7,0.5260472273968971,0.21781522604197795,0.0049214999889954925,95.0,1.0,6.0,0.0016272614147602182
LocStab,Iris,AF,KM,0.25,0.35,7,0.5596292772570569,0.45945963250265476,0.003636699984781444,40.0,1.0,3.0,0.5688003620919375
LocStab,Iris,AF,D,0.25,0.35,7,0.0,,0.002485699951648712,0.0,1.0,1.0,1.0
LocStab,Iris,AE,S,0.25,0.35,7,0.4812959050206258,0.3055015756071267,0.009521099971607327,142.0,1.0,8.0,0.0
LocStab,Iris,AE,P,0.25,0.35,7,0.5325748744174701,0.28283985586164506,0.0056807000655680895,106.0,1.0,8.0,0.01908343899000729
LocStab,Iris,AE,KM,0.25,0.35,7,0.5623689530575416,0.32836688368364536,0.0027179999742656946,7.0,1.0,7.0,0.9316386959516094
LocStab,Iris,AE,D,0.25,0.35,7,0.5052992574175622,0.26418266279177116,0.004209200036711991,68.0,1.0,7.0,0.0
LocStab,Iris,B,S,0.4,0.4,7,0.5509419495000053,0.42665697232393696,0.008264899952337146,152.0,1.0,4.0,0.0
LocStab,Iris,B,P,0.4,0.4,7,0.5509419495000053,0.42665697232393696,0.005512000061571598,118.0,1.0,4.0,-0.0023144943433332267
LocStab,Iris,B,KM,0.4,0.4,7,0.5509419495000053,0.42665697232393696,0.003676599939353764,47.0,1.0,4.0,0.5535553263935297
LocStab,Iris,B,D,0.4,0.4,7,0.5509419495000053,0.42665697232393696,0.0038056999910622835,53.0,1.0,4.0,0.0
LocStab,Iris,AF,S,0.4,0.4,7,0.5509419495000053,0.42665697232393696,0.008272500010207295,152.0,1.0,4.0,0.0
LocStab,Iris,AF,P,0.4,0.4,7,0.5559376432828977,0.4027531401701853,0.0049983999924734235,97.0,1.0,4.0,-0.0031487147816485605
LocStab,Iris,AF,KM,0.4,0.4,7,0.5637510205230709,0.4948629025009563,0.0036500999704003334,45.0,1.0,3.0,0.5673737019803287
LocStab,Iris,AF,D,0.4,0.4,7,0.0,,0.0025267000310122967,0.0,1.0,1.0,1.0
LocStab,Iris,AE,S,0.4,0.4,7,0.48587796097212177,0.2519749544749496,0.007859100005589426,143.0,1.0,7.0,0.0
LocStab,Iris,AE,P,0.4,0.4,7,0.534351742730131,0.25044143452935574,0.0051105000311508775,101.0,1.0,5.0,0.0451696426522383
LocStab,Iris,AE,KM,0.4,0.4,7,0.6099646258503402,0.4129298439067162,0.002654199954122305,5.0,1.0,4.0,0.91227655110618
LocStab,Iris,AE,D,0.4,0.4,7,0.5509419495000053,0.42665697232393696,0.0038069000001996756,53.0,1.0,4.0,0.0
KMeans,Iris,-,-,,,8,0.6201351808870379,0.45994823920518646,0.046835799934342504,,,,
DBSCAN,Iris,-,-,,,8,0.0,,0.002063699997961521,,,,
LocStab,Iris,B,S,0.2,0.2,8,0.4674501514576671,0.13106164512892376,0.012882300070486963,167.0,1.0,14.0,0.0
LocStab,Iris,B,P,0.2,0.2,8,0.4674501514576671,0.13106164512892376,0.010900599998421967,161.0,1.0,14.0,0.00040348563410477377
LocStab,Iris,B,KM,0.2,0.2,8,0.4486827769578772,0.19510331886437904,0.005432500038295984,39.0,1.0,12.0,0.6130606962679823
LocStab,Iris,B,D,0.2,0.2,8,0.46469485053211923,0.16332436813301804,0.00545980001334101,115.0,1.0,13.0,0.0
LocStab,Iris,AF,S,0.2,0.2,8,0.41215988012382876,0.16310544361429355,0.009903699974529445,141.0,1.0,12.0,0.0
LocStab,Iris,AF,P,0.2,0.2,8,0.4466990752726172,0.09093817614537426,0.008125100051984191,89.0,1.0,9.0,0.04871427142960853
LocStab,Iris,AF,KM,0.2,0.2,8,0.6304321754867971,0.4106101143095883,0.002721400000154972,5.0,1.0,4.0,0.9121310018256137
LocStab,Iris,AF,D,0.2,0.2,8,0.0,0.21513796346371894,0.002553099999204278,1.0,1.0,2.0,0.0
LocStab,Iris,AE,S,0.2,0.2,8,0.23292201881258218,0.14581474759275317,0.007289299974218011,130.0,1.0,21.0,0.0
LocStab,Iris,AE,P,0.2,0.2,8,0.3682222097329162,0.1175675323542762,0.0058815000811591744,124.0,1.0,16.0,0.009067236179021713
LocStab,Iris,AE,KM,0.2,0.2,8,0.4512942016618554,0.19706952650148138,0.003530799993313849,40.0,1.0,12.0,0.6057471258114855
LocStab,Iris,AE,D,0.2,0.2,8,0.44417493668327457,0.15966910249578725,0.005280000041238964,107.0,1.0,14.0,0.0
LocStab,Iris,B,S,0.25,0.35,8,0.5052992574175622,0.26418266279177116,0.009208199917338789,147.0,1.0,7.0,0.0
LocStab,Iris,B,P,0.25,0.35,8,0.5052992574175622,0.26418266279177116,0.00560479995328933,121.0,1.0,7.0,-0.004553115871841609
LocStab,Iris,B,KM,0.25,0.35,8,0.5052992574175622,0.26418266279177116,0.003928999998606741,57.0,1.0,7.0,0.5086536580322479
LocStab,Iris,B,D,0.25,0.35,8,0.5052992574175622,0.26418266279177116,0.004212799947708845,68.0,1.0,7.0,0.0
LocStab,Iris,AF,S,0.25,0.35,8,0.5082545360329427,0.30224409333275437,0.008809900027699769,144.0,1.0,6.0,0.0
LocStab,Iris,AF,P,0.25,0.35,8,0.5262450396825397,0.32299090767762756,0.00501670001540333,99.0,1.0,5.0,-0.002202380952380952
LocStab,Iris,AF,KM,0.25,0.35,8,0.5596292772570569,0.45945963250265476,0.003522900049574673,40.0,1.0,3.0,0.5688003620919375
LocStab,Iris,AF,D,0.25,0.35,8,0.0,,0.0024987999349832535,0.0,1.0,1.0,1.0
LocStab,Iris,AE,S,0.25,0.35,8,0.46391724466526313,0.22330885929432667,0.00859320000745356,141.0,1.0,9.0,0.0
LocStab,Iris,AE,P,0.25,0.35,8,0.5094823665146826,0.20365693059934087,0.005294300033710897,108.0,1.0,8.0,0.02433687223350085
LocStab,Iris,AE,KM,0.25,0.35,8,0.5623689530575416,0.32836688368364536,0.0026997000677511096,7.0,1.0,7.0,0.9316386959516094
LocStab,Iris,AE,D,0.25,0.35,8,0.5052992574175622,0.26418266279177116,0.004200599971227348,68.0,1.0,7.0,0.0
LocStab,Iris,B,S,0.4,0.4,8,0.5509419495000053,0.426656972323937,0.008086399990133941,146.0,1.0,4.0,0.0
LocStab,Iris,B,P,0.4,0.4,8,0.5509419495000053,0.426656972323937,0.00544319988694042,116.0,1.0,4.0,-0.005840666706898164
LocStab,Iris,B,KM,0.4,0.4,8,0.5509419495000053,0.426656972323937,0.0036776999477297068,47.0,1.0,4.0,0.5535553263935297
LocStab,Iris,B,D,0.4,0.4,8,0.5509419495000053,0.426656972323937,0.003785699955187738,53.0,1.0,4.0,0.0
LocStab,Iris,AF,S,0.4,0.4,8,0.5509419495000053,0.426656972323937,0.007957400055602193,146.0,1.0,4.0,0.0
LocStab,Iris,AF,P,0.4,0.4,8,0.5632005518192792,0.3593602374939935,0.004941500024870038,96.0,1.0,4.0,-0.005565116199954719
LocStab,Iris,AF,KM,0.4,0.4,8,0.5637510205230709,0.49486290250095627,0.0036339000798761845,45.0,1.0,3.0,0.5673737019803287
LocStab,Iris,AF,D,0.4,0.4,8,0.0,,0.002518199966289103,0.0,1.0,1.0,1.0
LocStab,Iris,AE,S,0.4,0.4,8,0.484133325138795,0.2398087540831778,0.008404199965298176,158.0,1.0,7.0,0.0
LocStab,Iris,AE,P,0.4,0.4,8,0.5495498357383567,0.23459000958172274,0.005183100001886487,105.0,1.0,6.0,0.026522762348742956
LocStab,Iris,AE,KM,0.4,0.4,8,0.6099646258503402,0.41292984390671617,0.002687299973331392,5.0,1.0,4.0,0.91227655110618
LocStab,Iris,AE,D,0.4,0.4,8,0.5509419495000053,0.426656972323937,0.0038312000688165426,53.0,1.0,4.0,0.0
KMeans,Iris,-,-,,,9,0.6201351808870379,0.45994823920518646,0.050642300047911704,,,,
DBSCAN,Iris,-,-,,,9,0.0,,0.0023021999513730407,,,,
LocStab,Iris,B,S,0.2,0.2,9,0.4683482281079879,0.12710927171172826,0.012848899932578206,167.0,1.0,14.0,0.0
LocStab,Iris,B,P,0.2,0.2,9,0.4589756227701685,0.1709731860480583,0.009600499994121492,132.0,1.0,13.0,0.010255529077680658
LocStab,Iris,B,KM,0.2,0.2,9,0.45920832279129165,0.1940938117912259,0.005300199962221086,38.0,1.0,12.0,0.6174148814559688
LocStab,Iris,B,D,0.2,0.2,9,0.46469485053211923,0.16332436813301807,0.008772799978032708,117.0,1.0,13.0,0.0
LocStab,Iris,AF,S,0.2,0.2,9,0.5044341074405987,0.12149486418606283,0.011545000015757978,139.0,1.0,12.0,0.0
LocStab,Iris,AF,P,0.2,0.2,9,0.4636999468280911,0.09526961401816181,0.0077260000398382545,93.0,1.0,9.0,0.012720356660804124
LocStab,Iris,AF,KM,0.2,0.2,9,0.6304321754867971,0.4106101143095882,0.003249199944548309,5.0,1.0,4.0,0.9121310018256137
LocStab,Iris,AF,D,0.2,0.2,9,0.0,0.21513796346371894,0.002565000089816749,1.0,1.0,2.0,0.0
LocStab,Iris,AE,S,0.2,0.2,9,0.2628867426813939,0.10454376745345646,0.007532200077548623,134.0,1.0,19.0,0.0
LocStab,Iris,AE,P,0.2,0.2,9,0.4301807353116711,0.16721307418901532,0.005904900026507676,128.0,1.0,14.0,0.016732626761971642
LocStab,Iris,AE,KM,0.2,0.2,9,0.4501613046616369,0.19496642361646915,0.0035336000146344304,37.0,1.0,12.0,0.632234841862788
LocStab,Iris,AE,D,0.2,0.2,9,0.44417493668327457,0.15966910249578725,0.005254299961961806,107.0,1.0,14.0,0.0
LocStab,Iris,B,S,0.25,0.35,9,0.5052992574175622,0.26418266279177116,0.008597299922257662,146.0,1.0,7.0,0.0
LocStab,Iris,B,P,0.25,0.35,9,0.5052992574175622,0.26418266279177116,0.005834199953824282,121.0,1.0,7.0,0.0011287456432706167
LocStab,Iris,B,KM,0.25,0.35,9,0.5052992574175622,0.26418266279177116,0.003951499937102199,57.0,1.0,7.0,0.5086536580322479
LocStab,Iris,B,D,0.25,0.35,9,0.5052992574175622,0.26418266279177116,0.0042489999905228615,68.0,1.0,7.0,0.0
LocStab,Iris,AF,S,0.25,0.35,9,0.5113556028523202,0.3018051775513636,0.008501600008457899,144.0,1.0,6.0,0.0
LocStab,Iris,AF,P,0.25,0.35,9,0.5194069345452779,0.22335525102668566,0.004896600032225251,95.0,1.0,6.0,0.0015024723518924797
LocStab,Iris,AF,KM,0.25,0.35,9,0.5596292772570569,0.4594596325026548,0.003516900003887713,40.0,1.0,3.0,0.5688003620919375
LocStab,Iris,AF,D,0.25,0.35,9,0.0,,0.002574700047262013,0.0,1.0,1.0,1.0
LocStab,Iris,AE,S,0.25,0.35,9,0.4562067450530043,0.23848584739284662,0.008472800021991134,141.0,1.0,9.0,0.0
LocStab,Iris,AE,P,0.25,0.35,9,0.5186137633496004,0.30003082663678915,0.005676300032064319,121.0,1.0,8.0,0.0013975528679538863
LocStab,Iris,AE,KM,0.25,0.35,9,0.5623689530575416,0.32836688368364536,0.002696799929253757,7.0,1.0,7.0,0.9316386959516094
LocStab,Iris,AE,D,0.25,0.35,9,0.5052992574175622,0.26418266279177116,0.0042764999670907855,68.0,1.0,7.0,0.0
LocStab,Iris,B,S,0.4,0.4,9,0.5509419495000053,0.426656972323937,0.007936000009067357,152.0,1.0,4.0,0.0
LocStab,Iris,B,P,0.4,0.4,9,0.5509419495000053,0.426656972323937,0.005449000047519803,116.0,1.0,4.0,-0.0061932839432546575
LocStab,Iris,B,KM,0.4,0.4,9,0.5509419495000053,0.426656972323937,0.0036622999468818307,47.0,1.0,4.0,0.5535553263935297
LocStab,Iris,B,D,0.4,0.4,9,0.5509419495000053,0.426656972323937,0.003823300008662045,53.0,1.0,4.0,0.0
LocStab,Iris,AF,S,0.4,0.4,9,0.5509419495000053,0.426656972323937,0.008067700080573559,152.0,1.0,4.0,0.0
LocStab,Iris,AF,P,0.4,0.4,9,0.5610289337472288,0.38473114018136734,0.004962400067597628,98.0,1.0,4.0,-0.006099884727516851
LocStab,Iris,AF,KM,0.4,0.4,9,0.5637510205230709,0.4948629025009563,0.0038225000025704503,45.0,1.0,3.0,0.5673737019803287
LocStab,Iris,AF,D,0.4,0.4,9,0.0,,0.0024905999889597297,0.0,1.0,1.0,1.0
LocStab,Iris,AE,S,0.4,0.4,9,0.512079632742937,0.3224832970383941,0.00766140001360327,143.0,1.0,7.0,0.0
LocStab,Iris,AE,P,0.4,0.4,9,0.5446137480398723,0.3390446792257505,0.008632600074633956,97.0,1.0,5.0,0.055966642690411426
LocStab,Iris,AE,KM,0.4,0.4,9,0.6099646258503402,0.4129298439067162,0.0029866000404581428,5.0,1.0,4.0,0.91227655110618
LocStab,Iris,AE,D,0.4,0.4,9,0.5509419495000053,0.426656972323937,0.003813600051216781,53.0,1.0,4.0,0.0
