Method,Dataset,Preference,Initialization,Beta Friend,Beta Enemy,Repetition,Adjusted Rand Index,Modularity,Seconds,Moves,Converged,Final Coalitions,Initial Adjusted Rand Index
Louvain,Karate Club,-,-,,,0,0.46459109844332386,0.44490358126721763,0.00676820008084178,,,,
Leiden,Karate Club,-,-,,,0,0.46459109844332386,0.44490358126721763,0.014983300003223121,,,,
LocPop,Karate Club,B,Ld,0.2,0.2,0,0.12551280629781572,0.2869979947902026,0.977480600005947,15.0,1.0,18.0,0.32180415735025086
LocPop,Karate Club,B,S,0.2,0.2,0,0.08750694058856191,0.24377354247484118,0.0007513000164180994,18.0,1.0,19.0,0.0
LocPop,Karate Club,B,P,0.2,0.2,0,0.11008767062479193,0.2563295290568018,0.0007325999904423952,30.0,1.0,18.0,-0.007102430362889801
LocPop,Karate Club,AF,Ld,0.2,0.2,0,0.1367767679006872,0.2948689117520287,0.0009345000144094229,14.0,1.0,17.0,0.34546033092914724
LocPop,Karate Club,AF,S,0.2,0.2,0,0.09523809523809523,0.2665992016641367,0.0008587000193074346,19.0,1.0,18.0,0.0
LocPop,Karate Club,AF,P,0.2,0.2,0,0.15478434416232398,0.2804951181574558,0.0007877999451011419,26.0,1.0,17.0,0.015744539305909747
LocPop,Karate Club,AE,Ld,0.2,0.2,0,0.09127248500999334,0.2625981522085418,0.000710400054231286,19.0,1.0,19.0,0.27674046412376635
LocPop,Karate Club,AE,S,0.2,0.2,0,0.08750694058856191,0.24377354247484118,0.0007115000626072288,18.0,1.0,19.0,0.0
LocPop,Karate Club,AE,P,0.2,0.2,0,0.10256410256410256,0.26318847098067877,0.0011244999477639794,32.0,1.0,18.0,-0.007326007326007326
LocPop,Karate Club,B,Ld,0.25,0.35,0,0.12551280629781572,0.2869979947902026,0.0009972999105229974,15.0,1.0,18.0,0.32180415735025086
LocPop,Karate Club,B,S,0.25,0.35,0,0.08750694058856191,0.24377354247484118,0.000753199914470315,18.0,1.0,19.0,0.0
LocPop,Karate Club,B,P,0.25,0.35,0,0.11008767062479193,0.2563295290568018,0.0007755000842735171,30.0,1.0,18.0,-0.007102430362889801
LocPop,Karate Club,AF,Ld,0.25,0.35,0,0.1367767679006872,0.2948689117520287,0.0009200000204145908,14.0,1.0,17.0,0.34546033092914724
LocPop,Karate Club,AF,S,0.25,0.35,0,0.09523809523809523,0.2665992016641367,0.0007080999203026295,19.0,1.0,18.0,0.0
LocPop,Karate Club,AF,P,0.25,0.35,0,0.15478434416232398,0.2804951181574558,0.000748799997381866,26.0,1.0,17.0,0.015744539305909747
LocPop,Karate Club,AE,Ld,0.25,0.35,0,0.09127248500999334,0.2625981522085418,0.0006890000076964498,19.0,1.0,19.0,0.27674046412376635
LocPop,Karate Club,AE,S,0.25,0.35,0,0.08750694058856191,0.24377354247484118,0.0007058000192046165,18.0,1.0,19.0,0.0
LocPop,Karate Club,AE,P,0.25,0.35,0,0.10256410256410256,0.26318847098067877,0.0008058999665081501,32.0,1.0,18.0,-0.007326007326007326
LocPop,Karate Club,B,Ld,0.4,0.4,0,0.727509778357236,0.30092202170124244,0.0007118999492377043,9.0,1.0,4.0,0.4751811670087547
LocPop,Karate Club,B,S,0.4,0.4,0,0.44844801389190364,0.25403384494293585,0.0007608000887557864,34.0,1.0,4.0,0.0
LocPop,Karate Club,B,P,0.4,0.4,0,0.727509778357236,0.30092202170124244,0.0006892998935654759,16.0,1.0,4.0,-0.01108213820078227
LocPop,Karate Club,AF,Ld,0.4,0.4,0,0.727509778357236,0.30092202170124244,0.0008290000259876251,9.0,1.0,4.0,0.4751811670087547
LocPop,Karate Club,AF,S,0.4,0.4,0,0.44844801389190364,0.25403384494293585,0.001213099923916161,34.0,1.0,4.0,0.0
LocPop,Karate Club,AF,P,0.4,0.4,0,0.727509778357236,0.30092202170124244,0.0007231999188661575,16.0,1.0,4.0,-0.01108213820078227
LocPop,Karate Club,AE,Ld,0.4,0.4,0,0.727509778357236,0.30092202170124244,0.0006632000440731645,9.0,1.0,4.0,0.4751811670087547
LocPop,Karate Club,AE,S,0.4,0.4,0,0.44844801389190364,0.25403384494293585,0.0007709000492468476,34.0,1.0,4.0,0.0
LocPop,Karate Club,AE,P,0.4,0.4,0,0.727509778357236,0.30092202170124244,0.0008315000450238585,16.0,1.0,4.0,-0.01108213820078227
Louvain,Karate Club,-,-,,,1,0.4292907180385289,0.4400873296977193,0.007116600056178868,,,,
Leiden,Karate Club,-,-,,,1,0.46459109844332386,0.44490358126721763,0.01277750008739531,,,,
LocPop,Karate Club,B,Ld,0.2,0.2,1,0.1328306907639428,0.3027117182961339,0.0008073999779298902,14.0,1.0,16.0,0.38182148855819326
LocPop,Karate Club,B,S,0.2,0.2,1,0.09127248500999334,0.2625981522085418,0.0007253000512719154,18.0,1.0,19.0,0.0
LocPop,Karate Club,B,P,0.2,0.2,1,0.12512479201331114,0.27988605910683834,0.000876000034622848,27.0,1.0,17.0,0.007986688851913478
LocPop,Karate Club,AF,Ld,0.2,0.2,1,0.15553339980059822,0.3393489627255861,0.0010639000684022903,12.0,1.0,15.0,0.44266666666666665
LocPop,Karate Club,AF,S,0.2,0.2,1,0.09900110987791343,0.27238057757538275,0.0009543999331071973,19.0,1.0,18.0,0.0
LocPop,Karate Club,AF,P,0.2,0.2,1,0.1440922190201729,0.3103296414984727,0.0007634999928995967,30.0,1.0,16.0,-0.0022168033695411215
LocPop,Karate Club,AE,Ld,0.2,0.2,1,0.10256410256410256,0.26318847098067877,0.0007035000016912818,17.0,1.0,18.0,0.30170846964740095
LocPop,Karate Club,AE,S,0.2,0.2,1,0.09127248500999334,0.2625981522085418,0.0009447999764233828,18.0,1.0,19.0,0.0
LocPop,Karate Club,AE,P,0.2,0.2,1,0.10256410256410256,0.26318847098067877,0.0007087000412866473,29.0,1.0,18.0,0.007326007326007326
LocPop,Karate Club,B,Ld,0.25,0.35,1,0.1328306907639428,0.3027117182961339,0.0006933000404387712,14.0,1.0,16.0,0.38182148855819326
LocPop,Karate Club,B,S,0.25,0.35,1,0.09127248500999334,0.2625981522085418,0.0009495000122115016,18.0,1.0,19.0,0.0
LocPop,Karate Club,B,P,0.25,0.35,1,0.12512479201331114,0.27988605910683834,0.0007108999416232109,27.0,1.0,17.0,0.007986688851913478
LocPop,Karate Club,AF,Ld,0.25,0.35,1,0.15553339980059822,0.3393489627255861,0.0006847999757155776,12.0,1.0,15.0,0.44266666666666665
LocPop,Karate Club,AF,S,0.25,0.35,1,0.09900110987791343,0.27238057757538275,0.0009692999301478267,19.0,1.0,18.0,0.0
LocPop,Karate Club,AF,P,0.25,0.35,1,0.1440922190201729,0.3103296414984727,0.0007949999999254942,30.0,1.0,16.0,-0.0022168033695411215
LocPop,Karate Club,AE,Ld,0.25,0.35,1,0.10256410256410256,0.26318847098067877,0.0006946000503376126,17.0,1.0,18.0,0.30170846964740095
LocPop,Karate Club,AE,S,0.25,0.35,1,0.09127248500999334,0.2625981522085418,0.0007014999864622951,18.0,1.0,19.0,0.0
LocPop,Karate Club,AE,P,0.25,0.35,1,0.10256410256410256,0.26318847098067877,0.0007348000071942806,29.0,1.0,18.0,0.007326007326007326
LocPop,Karate Club,B,Ld,0.4,0.4,1,0.727509778357236,0.30092202170124244,0.0007573999464511871,9.0,1.0,4.0,0.4751811670087547
LocPop,Karate Club,B,S,0.4,0.4,1,0.727509778357236,0.30092202170124244,0.0007775000995025039,36.0,1.0,4.0,0.0
LocPop,Karate Club,B,P,0.4,0.4,1,0.727509778357236,0.30092202170124244,0.0007235999219119549,17.0,1.0,4.0,-0.01108213820078227
LocPop,Karate Club,AF,Ld,0.4,0.4,1,0.727509778357236,0.30092202170124244,0.0006469000363722444,9.0,1.0,4.0,0.4751811670087547
LocPop,Karate Club,AF,S,0.4,0.4,1,0.727509778357236,0.30092202170124244,0.0010716000106185675,36.0,1.0,4.0,0.0
LocPop,Karate Club,AF,P,0.4,0.4,1,0.727509778357236,0.30092202170124244,0.0006961000617593527,17.0,1.0,4.0,-0.01108213820078227
LocPop,Karate Club,AE,Ld,0.4,0.4,1,0.727509778357236,0.30092202170124244,0.000646800035610795,9.0,1.0,4.0,0.4751811670087547
LocPop,Karate Club,AE,S,0.4,0.4,1,0.727509778357236,0.30092202170124244,0.0007703999290242791,31.0,1.0,4.0,0.0
LocPop,Karate Club,AE,P,0.4,0.4,1,0.727509778357236,0.30092202170124244,0.0008195999544113874,17.0,1.0,4.0,-0.01108213820078227
Louvain,Karate Club,-,-,,,2,0.46459109844332386,0.44490358126721763,0.006569599965587258,,,,
Leiden,Karate Club,-,-,,,2,0.39223854417890813,0.440181031090122,0.012091799988411367,,,,
LocPop,Karate Club,B,Ld,0.2,0.2,2,0.1328306907639428,0.28966848447367927,0.0008133999072015285,14.0,1.0,16.0,0.38182148855819326
LocPop,Karate Club,B,S,0.2,0.2,2,0.10592938041305797,0.24992035381645772,0.0007273999508470297,15.0,1.0,19.0,0.0
LocPop,Karate Club,B,P,0.2,0.2,2,0.11721611721611722,0.25512078109480707,0.0007055000169202685,26.0,1.0,19.0,0.05128205128205128
LocPop,Karate Club,AF,Ld,0.2,0.2,2,0.15553339980059822,0.32649313168793687,0.0006674999604001641,12.0,1.0,15.0,0.44266666666666665
LocPop,Karate Club,AF,S,0.2,0.2,2,0.12473643324825213,0.2844774273345702,0.0009907999774441123,18.0,1.0,17.0,0.0
LocPop,Karate Club,AF,P,0.2,0.2,2,0.1360106500998447,0.2747699630816514,0.0007935999892652035,26.0,1.0,18.0,0.033503439094741516
LocPop,Karate Club,AE,Ld,0.2,0.2,2,0.10256410256410256,0.26318847098067877,0.0007039000047370791,18.0,1.0,18.0,0.30170846964740095
LocPop,Karate Club,AE,S,0.2,0.2,2,0.09463512162612463,0.22558610220947883,0.0007098999340087175,14.0,1.0,20.0,0.0
LocPop,Karate Club,AE,P,0.2,0.2,2,0.10216546363131594,0.24550701823429097,0.0007183999987319112,27.0,1.0,20.0,0.03620210993892282
LocPop,Karate Club,B,Ld,0.25,0.35,2,0.1328306907639428,0.28966848447367927,0.0008591000223532319,14.0,1.0,16.0,0.38182148855819326
LocPop,Karate Club,B,S,0.25,0.35,2,0.10592938041305797,0.24992035381645772,0.0014067000010982156,15.0,1.0,19.0,0.0
LocPop,Karate Club,B,P,0.25,0.35,2,0.11721611721611722,0.25512078109480707,0.0007156999781727791,26.0,1.0,19.0,0.05128205128205128
LocPop,Karate Club,AF,Ld,0.25,0.35,2,0.15553339980059822,0.32649313168793687,0.0006781000411137938,12.0,1.0,15.0,0.44266666666666665
LocPop,Karate Club,AF,S,0.25,0.35,2,0.12473643324825213,0.2844774273345702,0.0008447000291198492,18.0,1.0,17.0,0.0
LocPop,Karate Club,AF,P,0.25,0.35,2,0.1360106500998447,0.2747699630816514,0.0008359999628737569,26.0,1.0,18.0,0.033503439094741516
LocPop,Karate Club,AE,Ld,0.25,0.35,2,0.10256410256410256,0.26318847098067877,0.0007467999821528792,18.0,1.0,18.0,0.30170846964740095
LocPop,Karate Club,AE,S,0.25,0.35,2,0.09463512162612463,0.22558610220947883,0.0008059999672695994,14.0,1.0,20.0,0.0
LocPop,Karate Club,AE,P,0.25,0.35,2,0.10216546363131594,0.24550701823429097,0.0007136999629437923,27.0,1.0,20.0,0.03620210993892282
LocPop,Karate Club,B,Ld,0.4,0.4,2,0.727509778357236,0.30092202170124244,0.0006484000477939844,10.0,1.0,4.0,0.39684999790558373
LocPop,Karate Club,B,S,0.4,0.4,2,0.727509778357236,0.30092202170124244,0.0009154999861493707,36.0,1.0,4.0,0.0
LocPop,Karate Club,B,P,0.4,0.4,2,0.44844801389190364,0.25403384494293585,0.0006852999795228243,15.0,1.0,4.0,0.025830258302583026
LocPop,Karate Club,AF,Ld,0.4,0.4,2,0.727509778357236,0.30092202170124244,0.0007763000903651118,10.0,1.0,4.0,0.39684999790558373
LocPop,Karate Club,AF,S,0.4,0.4,2,0.727509778357236,0.30092202170124244,0.000757400062866509,36.0,1.0,4.0,0.0
LocPop,Karate Club,AF,P,0.4,0.4,2,0.44844801389190364,0.25403384494293585,0.0006615999154746532,15.0,1.0,4.0,0.025830258302583026
LocPop,Karate Club,AE,Ld,0.4,0.4,2,0.727509778357236,0.30092202170124244,0.0008218000875785947,10.0,1.0,4.0,0.39684999790558373
LocPop,Karate Club,AE,S,0.4,0.4,2,0.727509778357236,0.30092202170124244,0.0011099999537691474,31.0,1.0,4.0,0.0
LocPop,Karate Club,AE,P,0.4,0.4,2,0.44844801389190364,0.25403384494293585,0.0008634999394416809,15.0,1.0,4.0,0.025830258302583026
Louvain,Karate Club,-,-,,,3,0.39223854417890813,0.440181031090122,0.007820500060915947,,,,
Leiden,Karate Club,-,-,,,3,0.39223854417890813,0.440181031090122,0.010581300011835992,,,,
LocPop,Karate Club,B,Ld,0.2,0.2,3,0.1328306907639428,0.28966848447367927,0.0013223000569269061,14.0,1.0,16.0,0.38182148855819326
LocPop,Karate Club,B,S,0.2,0.2,3,0.08750694058856191,0.24377354247484118,0.0011119999689981341,18.0,1.0,19.0,0.0
LocPop,Karate Club,B,P,0.2,0.2,3,0.10296238766226562,0.27030040666404304,0.0007073999149724841,25.0,1.0,19.0,0.007766559414179518
LocPop,Karate Club,AF,Ld,0.2,0.2,3,0.1367767679006872,0.2948689117520287,0.0007478999905288219,14.0,1.0,17.0,0.34546033092914724
LocPop,Karate Club,AF,S,0.2,0.2,3,0.09523809523809523,0.26007758475290943,0.0007029999978840351,19.0,1.0,18.0,0.0
LocPop,Karate Club,AF,P,0.2,0.2,3,0.1142413487133984,0.2781713236258691,0.0007073000306263566,25.0,1.0,18.0,0.011756876663708962
LocPop,Karate Club,AE,Ld,0.2,0.2,3,0.10256410256410256,0.26318847098067877,0.0008071999764069915,18.0,1.0,18.0,0.30170846964740095
LocPop,Karate Club,AE,S,0.2,0.2,3,0.08750694058856191,0.24377354247484118,0.0007508000126108527,18.0,1.0,19.0,0.0
LocPop,Karate Club,AE,P,0.2,0.2,3,0.09127248500999334,0.2625981522085418,0.0007298999698832631,27.0,1.0,19.0,-0.018654230512991338
LocPop,Karate Club,B,Ld,0.25,0.35,3,0.1328306907639428,0.28966848447367927,0.0006706999847665429,14.0,1.0,16.0,0.38182148855819326
LocPop,Karate Club,B,S,0.25,0.35,3,0.08750694058856191,0.24377354247484118,0.0010670999763533473,18.0,1.0,19.0,0.0
LocPop,Karate Club,B,P,0.25,0.35,3,0.10296238766226562,0.27030040666404304,0.000925700063817203,25.0,1.0,19.0,0.007766559414179518
LocPop,Karate Club,AF,Ld,0.25,0.35,3,0.1367767679006872,0.2948689117520287,0.000695900060236454,14.0,1.0,17.0,0.34546033092914724
LocPop,Karate Club,AF,S,0.25,0.35,3,0.09523809523809523,0.26007758475290943,0.0006996000884100795,19.0,1.0,18.0,0.0
LocPop,Karate Club,AF,P,0.25,0.35,3,0.1142413487133984,0.2781713236258691,0.0007630999898537993,25.0,1.0,18.0,0.011756876663708962
LocPop,Karate Club,AE,Ld,0.25,0.35,3,0.10256410256410256,0.26318847098067877,0.0009330000029876828,18.0,1.0,18.0,0.30170846964740095
LocPop,Karate Club,AE,S,0.25,0.35,3,0.08750694058856191,0.24377354247484118,0.0007074999157339334,18.0,1.0,19.0,0.0
LocPop,Karate Club,AE,P,0.25,0.35,3,0.09127248500999334,0.2625981522085418,0.0006933000404387712,27.0,1.0,19.0,-0.018654230512991338
LocPop,Karate Club,B,Ld,0.4,0.4,3,0.727509778357236,0.30092202170124244,0.000647400040179491,10.0,1.0,4.0,0.39684999790558373
LocPop,Karate Club,B,S,0.4,0.4,3,0.727509778357236,0.30092202170124244,0.0007556999335065484,36.0,1.0,4.0,0.0
LocPop,Karate Club,B,P,0.4,0.4,3,0.727509778357236,0.30092202170124244,0.000672800000756979,17.0,1.0,4.0,-0.01108213820078227
LocPop,Karate Club,AF,Ld,0.4,0.4,3,0.727509778357236,0.30092202170124244,0.0007795999990776181,10.0,1.0,4.0,0.39684999790558373
LocPop,Karate Club,AF,S,0.4,0.4,3,0.727509778357236,0.30092202170124244,0.0008037000661715865,36.0,1.0,4.0,0.0
LocPop,Karate Club,AF,P,0.4,0.4,3,0.727509778357236,0.30092202170124244,0.000680800061672926,17.0,1.0,4.0,-0.01108213820078227
LocPop,Karate Club,AE,Ld,0.4,0.4,3,0.727509778357236,0.30092202170124244,0.0006764000281691551,10.0,1.0,4.0,0.39684999790558373
LocPop,Karate Club,AE,S,0.4,0.4,3,0.727509778357236,0.30092202170124244,0.000766199897043407,31.0,1.0,4.0,0.0
LocPop,Karate Club,AE,P,0.4,0.4,3,0.727509778357236,0.30092202170124244,0.0008077999809756875,17.0,1.0,4.0,-0.01108213820078227
Louvain,Karate Club,-,-,,,4,0.4292907180385289,0.4400873296977193,0.0057137999683618546,,,,
Leiden,Karate Club,-,-,,,4,0.3769484083424808,0.42398943048293697,0.013025399995967746,,,,
LocPop,Karate Club,B,Ld,0.2,0.2,4,0.1328306907639428,0.3027117182961339,0.0008134000236168504,15.0,1.0,16.0,0.35445979971061714
LocPop,Karate Club,B,S,0.2,0.2,4,0.10969246141889641,0.26040553962631885,0.0007708000484853983,19.0,1.0,18.0,0.0
LocPop,Karate Club,B,P,0.2,0.2,4,0.09127248500999334,0.2625981522085418,0.0007106000557541847,31.0,1.0,19.0,-0.011325782811459028
LocPop,Karate Club,AF,Ld,0.2,0.2,4,0.15553339980059822,0.3329585277637226,0.0009919999865815043,13.0,1.0,15.0,0.42105263157894735
LocPop,Karate Club,AF,S,0.2,0.2,4,0.12473643324825213,0.27759974513221264,0.0007974000182002783,20.0,1.0,17.0,0.0
LocPop,Karate Club,AF,P,0.2,0.2,4,0.12156166814551908,0.29559978261276965,0.0009351000189781189,30.0,1.0,17.0,-0.024844720496894408
LocPop,Karate Club,AE,Ld,0.2,0.2,4,0.10256410256410256,0.26318847098067877,0.0007336999988183379,18.0,1.0,18.0,0.2660443407234539
LocPop,Karate Club,AE,S,0.2,0.2,4,0.09840071079520213,0.2465002529937595,0.0010538999922573566,18.0,1.0,19.0,0.0
LocPop,Karate Club,AE,P,0.2,0.2,4,0.09127248500999334,0.2625981522085418,0.0008054999634623528,31.0,1.0,19.0,-0.011325782811459028
LocPop,Karate Club,B,Ld,0.25,0.35,4,0.1328306907639428,0.3027117182961339,0.0006833999650552869,15.0,1.0,16.0,0.35445979971061714
LocPop,Karate Club,B,S,0.25,0.35,4,0.10969246141889641,0.26040553962631885,0.000713599962182343,19.0,1.0,18.0,0.0
LocPop,Karate Club,B,P,0.25,0.35,4,0.09127248500999334,0.2625981522085418,0.0007076000329107046,31.0,1.0,19.0,-0.011325782811459028
LocPop,Karate Club,AF,Ld,0.25,0.35,4,0.15553339980059822,0.3329585277637226,0.0009271000744774938,13.0,1.0,15.0,0.42105263157894735
LocPop,Karate Club,AF,S,0.25,0.35,4,0.12473643324825213,0.27759974513221264,0.0007241999264806509,20.0,1.0,17.0,0.0
LocPop,Karate Club,AF,P,0.25,0.35,4,0.12156166814551908,0.29559978261276965,0.0007084999233484268,30.0,1.0,17.0,-0.024844720496894408
LocPop,Karate Club,AE,Ld,0.25,0.35,4,0.10256410256410256,0.26318847098067877,0.0007459999760612845,18.0,1.0,18.0,0.2660443407234539
LocPop,Karate Club,AE,S,0.25,0.35,4,0.09840071079520213,0.2465002529937595,0.0007167999865487218,18.0,1.0,19.0,0.0
LocPop,Karate Club,AE,P,0.25,0.35,4,0.09127248500999334,0.2625981522085418,0.0010423000203445554,31.0,1.0,19.0,-0.011325782811459028
LocPop,Karate Club,B,Ld,0.4,0.4,4,0.44844801389190364,0.25403384494293585,0.0007703999290242791,14.0,1.0,4.0,0.3031440638198029
LocPop,Karate Club,B,S,0.4,0.4,4,0.44844801389190364,0.25403384494293585,0.0007718999404460192,34.0,1.0,4.0,0.0
LocPop,Karate Club,B,P,0.4,0.4,4,0.44844801389190364,0.25403384494293585,0.0006606999086216092,17.0,1.0,4.0,-0.024310831343607554
LocPop,Karate Club,AF,Ld,0.4,0.4,4,0.44844801389190364,0.25403384494293585,0.0008066000882536173,14.0,1.0,4.0,0.3031440638198029
LocPop,Karate Club,AF,S,0.4,0.4,4,0.44844801389190364,0.25403384494293585,0.0009712999453768134,34.0,1.0,4.0,0.0
LocPop,Karate Club,AF,P,0.4,0.4,4,0.727509778357236,0.30092202170124244,0.0007006999803707004,16.0,1.0,4.0,-0.01108213820078227
LocPop,Karate Club,AE,Ld,0.4,0.4,4,0.44844801389190364,0.25403384494293585,0.0006778000388294458,14.0,1.0,4.0,0.3031440638198029
LocPop,Karate Club,AE,S,0.4,0.4,4,0.44844801389190364,0.25403384494293585,0.0007519000209867954,30.0,1.0,4.0,0.0
LocPop,Karate Club,AE,P,0.4,0.4,4,0.44844801389190364,0.25403384494293585,0.0007863000500947237,17.0,1.0,4.0,-0.024310831343607554
Louvain,Karate Club,-,-,,,5,0.4292907180385289,0.4400873296977193,0.005203400040045381,,,,
Leiden,Karate Club,-,-,,,5,0.46459109844332386,0.44490358126721763,0.01292829995509237,,,,
LocPop,Karate Club,B,Ld,0.2,0.2,5,0.1328306907639428,0.2961901013849066,0.0008413000032305717,14.0,1.0,16.0,0.38182148855819326
LocPop,Karate Club,B,S,0.2,0.2,5,0.10969246141889641,0.26040553962631885,0.0008595000253990293,20.0,1.0,18.0,0.0
LocPop,Karate Club,B,P,0.2,0.2,5,0.12156166814551908,0.2890781657015423,0.0009196000173687935,28.0,1.0,17.0,-0.01020408163265306
LocPop,Karate Club,AF,Ld,0.2,0.2,5,0.1367767679006872,0.2948689117520287,0.0007383000338450074,14.0,1.0,17.0,0.34546033092914724
LocPop,Karate Club,AF,S,0.2,0.2,5,0.12473643324825213,0.2844774273345702,0.0007304999744519591,21.0,1.0,17.0,0.0
LocPop,Karate Club,AF,P,0.2,0.2,5,0.15553339980059822,0.3329585277637226,0.0006936000427231193,25.0,1.0,15.0,0.0019940179461615153
LocPop,Karate Club,AE,Ld,0.2,0.2,5,0.10256410256410256,0.26318847098067877,0.0006842999719083309,17.0,1.0,18.0,0.30170846964740095
LocPop,Karate Club,AE,S,0.2,0.2,5,0.09840071079520213,0.2465002529937595,0.0008129000198096037,19.0,1.0,19.0,0.0
LocPop,Karate Club,AE,P,0.2,0.2,5,0.09127248500999334,0.2625981522085418,0.0007220000261440873,31.0,1.0,19.0,-0.018654230512991338
LocPop,Karate Club,B,Ld,0.25,0.35,5,0.1328306907639428,0.2961901013849066,0.0007761999731883407,14.0,1.0,16.0,0.38182148855819326
LocPop,Karate Club,B,S,0.25,0.35,5,0.10969246141889641,0.26040553962631885,0.0006906000198796391,20.0,1.0,18.0,0.0
LocPop,Karate Club,B,P,0.25,0.35,5,0.12156166814551908,0.2890781657015423,0.000700299977324903,28.0,1.0,17.0,-0.01020408163265306
LocPop,Karate Club,AF,Ld,0.25,0.35,5,0.1367767679006872,0.2948689117520287,0.0008179000578820705,14.0,1.0,17.0,0.34546033092914724
LocPop,Karate Club,AF,S,0.25,0.35,5,0.12473643324825213,0.2844774273345702,0.000851399963721633,21.0,1.0,17.0,0.0
LocPop,Karate Club,AF,P,0.25,0.35,5,0.15553339980059822,0.3329585277637226,0.0007318001007661223,25.0,1.0,15.0,0.0019940179461615153
LocPop,Karate Club,AE,Ld,0.25,0.35,5,0.10256410256410256,0.26318847098067877,0.0006798000540584326,17.0,1.0,18.0,0.30170846964740095
LocPop,Karate Club,AE,S,0.25,0.35,5,0.09840071079520213,0.2465002529937595,0.0007212000200524926,19.0,1.0,19.0,0.0
LocPop,Karate Club,AE,P,0.25,0.35,5,0.09127248500999334,0.2625981522085418,0.0007998999208211899,31.0,1.0,19.0,-0.018654230512991338
LocPop,Karate Club,B,Ld,0.4,0.4,5,0.727509778357236,0.30092202170124244,0.0007550999289378524,9.0,1.0,4.0,0.4751811670087547
LocPop,Karate Club,B,S,0.4,0.4,5,0.727509778357236,0.30092202170124244,0.0009399000555276871,36.0,1.0,4.0,0.0
LocPop,Karate Club,B,P,0.4,0.4,5,0.44844801389190364,0.25403384494293585,0.0006646000547334552,14.0,1.0,4.0,0.040156283915780334
LocPop,Karate Club,AF,Ld,0.4,0.4,5,0.727509778357236,0.30092202170124244,0.0006429000059142709,9.0,1.0,4.0,0.4751811670087547
LocPop,Karate Club,AF,S,0.4,0.4,5,0.727509778357236,0.30092202170124244,0.0008015000494197011,36.0,1.0,4.0,0.0
LocPop,Karate Club,AF,P,0.4,0.4,5,0.44844801389190364,0.25403384494293585,0.0008071999764069915,14.0,1.0,4.0,0.040156283915780334
LocPop,Karate Club,AE,Ld,0.4,0.4,5,0.727509778357236,0.30092202170124244,0.0006563999922946095,9.0,1.0,4.0,0.4751811670087547
LocPop,Karate Club,AE,S,0.4,0.4,5,0.727509778357236,0.30092202170124244,0.0007329999934881926,31.0,1.0,4.0,0.0
LocPop,Karate Club,AE,P,0.4,0.4,5,0.44844801389190364,0.25403384494293585,0.0006446000188589096,14.0,1.0,4.0,0.040156283915780334
Louvain,Karate Club,-,-,,,6,0.46459109844332386,0.44490358126721763,0.00533670000731945,,,,
Leiden,Karate Club,-,-,,,6,0.39223854417890813,0.440181031090122,0.010568700032308698,,,,
LocPop,Karate Club,B,Ld,0.2,0.2,6,0.1328306907639428,0.2961901013849066,0.0009585999650880694,14.0,1.0,16.0,0.38182148855819326
LocPop,Karate Club,B,S,0.2,0.2,6,0.09840071079520213,0.21484792264013045,0.0007737999549135566,15.0,1.0,19.0,0.0
LocPop,Karate Club,B,P,0.2,0.2,6,0.10296238766226562,0.27030040666404304,0.000798800028860569,29.0,1.0,19.0,-0.01420170864307112
LocPop,Karate Club,AF,Ld,0.2,0.2,6,0.1367767679006872,0.2948689117520287,0.0006884000031277537,14.0,1.0,17.0,0.34546033092914724
LocPop,Karate Club,AF,S,0.2,0.2,6,0.12097669256381798,0.26565281760086956,0.0008559999987483025,19.0,1.0,17.0,0.0
LocPop,Karate Club,AF,P,0.2,0.2,6,0.1142413487133984,0.2781713236258691,0.0007319999858736992,27.0,1.0,18.0,-0.017524401064773737
LocPop,Karate Club,AE,Ld,0.2,0.2,6,0.10256410256410256,0.26318847098067877,0.0007221000269055367,17.0,1.0,18.0,0.30170846964740095
LocPop,Karate Club,AE,S,0.2,0.2,6,0.08710143317409176,0.19051367103315156,0.000686099985614419,14.0,1.0,20.0,0.0
LocPop,Karate Club,AE,P,0.2,0.2,6,0.09127248500999334,0.2625981522085418,0.000722500029951334,32.0,1.0,19.0,-0.018654230512991338
LocPop,Karate Club,B,Ld,0.25,0.35,6,0.1328306907639428,0.2961901013849066,0.0007903000805526972,14.0,1.0,16.0,0.38182148855819326
LocPop,Karate Club,B,S,0.25,0.35,6,0.09840071079520213,0.21484792264013045,0.0006948000518605113,15.0,1.0,19.0,0.0
LocPop,Karate Club,B,P,0.25,0.35,6,0.10296238766226562,0.27030040666404304,0.0006927000358700752,29.0,1.0,19.0,-0.01420170864307112
LocPop,Karate Club,AF,Ld,0.25,0.35,6,0.1367767679006872,0.2948689117520287,0.0006973999552428722,14.0,1.0,17.0,0.34546033092914724
LocPop,Karate Club,AF,S,0.25,0.35,6,0.12097669256381798,0.26565281760086956,0.0007092999294400215,19.0,1.0,17.0,0.0
LocPop,Karate Club,AF,P,0.25,0.35,6,0.1142413487133984,0.2781713236258691,0.0007117999484762549,27.0,1.0,18.0,-0.017524401064773737
LocPop,Karate Club,AE,Ld,0.25,0.35,6,0.10256410256410256,0.26318847098067877,0.0009073999244719744,17.0,1.0,18.0,0.30170846964740095
LocPop,Karate Club,AE,S,0.25,0.35,6,0.08710143317409176,0.19051367103315156,0.0006990000838413835,14.0,1.0,20.0,0.0
LocPop,Karate Club,AE,P,0.25,0.35,6,0.09127248500999334,0.2625981522085418,0.0011463999981060624,32.0,1.0,19.0,-0.018654230512991338
LocPop,Karate Club,B,Ld,0.4,0.4,6,0.727509778357236,0.30092202170124244,0.0006507999496534467,10.0,1.0,4.0,0.39684999790558373
LocPop,Karate Club,B,S,0.4,0.4,6,0.727509778357236,0.30092202170124244,0.0008021999383345246,37.0,1.0,4.0,0.0
LocPop,Karate Club,B,P,0.4,0.4,6,0.44844801389190364,0.25403384494293585,0.0006562999915331602,13.0,1.0,4.0,0.07597134794877361
LocPop,Karate Club,AF,Ld,0.4,0.4,6,0.727509778357236,0.30092202170124244,0.0006530999671667814,10.0,1.0,4.0,0.39684999790558373
LocPop,Karate Club,AF,S,0.4,0.4,6,0.727509778357236,0.30092202170124244,0.0009072000393643975,37.0,1.0,4.0,0.0
LocPop,Karate Club,AF,P,0.4,0.4,6,0.44844801389190364,0.25403384494293585,0.0006816999521106482,14.0,1.0,4.0,0.07597134794877361
LocPop,Karate Club,AE,Ld,0.4,0.4,6,0.727509778357236,0.30092202170124244,0.000645600026473403,10.0,1.0,4.0,0.39684999790558373
LocPop,Karate Club,AE,S,0.4,0.4,6,0.727509778357236,0.30092202170124244,0.0007475999882444739,34.0,1.0,4.0,0.0
LocPop,Karate Club,AE,P,0.4,0.4,6,0.44844801389190364,0.25403384494293585,0.0006708999862894416,13.0,1.0,4.0,0.07597134794877361
Louvain,Karate Club,-,-,,,7,0.39223854417890813,0.440181031090122,0.0065648999297991395,,,,
Leiden,Karate Club,-,-,,,7,0.46459109844332386,0.44490358126721763,0.012151399976573884,,,,
LocPop,Karate Club,B,Ld,0.2,0.2,7,0.1328306907639428,0.29292929292929293,0.0011015000054612756,14.0,1.0,16.0,0.38182148855819326
LocPop,Karate Club,B,S,0.2,0.2,7,0.08750694058856191,0.24377354247484118,0.0011332000140100718,18.0,1.0,19.0,0.0
LocPop,Karate Club,B,P,0.2,0.2,7,0.11721611721611722,0.2583253687149791,0.001464499975554645,29.0,1.0,19.0,0.02197802197802198
LocPop,Karate Club,AF,Ld,0.2,0.2,7,0.1440922190201729,0.3135904499540863,0.000699699972756207,13.0,1.0,16.0,0.40496393720831564
LocPop,Karate Club,AF,S,0.2,0.2,7,0.09523809523809523,0.26007758475290943,0.0007111999439075589,19.0,1.0,18.0,0.0
LocPop,Karate Club,AF,P,0.2,0.2,7,0.1360106500998447,0.2778527388916999,0.001117600011639297,28.0,1.0,18.0,0.033503439094741516
LocPop,Karate Club,AE,Ld,0.2,0.2,7,0.10256410256410256,0.26318847098067877,0.0009547000518068671,17.0,1.0,18.0,0.30170846964740095
LocPop,Karate Club,AE,S,0.2,0.2,7,0.08750694058856191,0.24377354247484118,0.0009957000147551298,18.0,1.0,19.0,0.0
LocPop,Karate Club,AE,P,0.2,0.2,7,0.10216546363131594,0.24550701823429097,0.0007351000094786286,30.0,1.0,20.0,0.014214325374791783
LocPop,Karate Club,B,Ld,0.25,0.35,7,0.1328306907639428,0.29292929292929293,0.0008653999539092183,14.0,1.0,16.0,0.38182148855819326
LocPop,Karate Club,B,S,0.25,0.35,7,0.08750694058856191,0.24377354247484118,0.0011593999806791544,18.0,1.0,19.0,0.0
LocPop,Karate Club,B,P,0.25,0.35,7,0.11721611721611722,0.2583253687149791,0.001512099988758564,29.0,1.0,19.0,0.02197802197802198
LocPop,Karate Club,AF,Ld,0.25,0.35,7,0.1440922190201729,0.3135904499540863,0.0007218000246211886,13.0,1.0,16.0,0.40496393720831564
LocPop,Karate Club,AF,S,0.25,0.35,7,0.09523809523809523,0.26007758475290943,0.0007383000338450074,19.0,1.0,18.0,0.0
LocPop,Karate Club,AF,P,0.25,0.35,7,0.1360106500998447,0.2778527388916999,0.001060799928382039,28.0,1.0,18.0,0.033503439094741516
LocPop,Karate Club,AE,Ld,0.25,0.35,7,0.10256410256410256,0.26318847098067877,0.0006819999543949962,17.0,1.0,18.0,0.30170846964740095
LocPop,Karate Club,AE,S,0.25,0.35,7,0.08750694058856191,0.24377354247484118,0.0007260000566020608,18.0,1.0,19.0,0.0
LocPop,Karate Club,AE,P,0.25,0.35,7,0.10216546363131594,0.24550701823429097,0.0006977999582886696,30.0,1.0,20.0,0.014214325374791783
LocPop,Karate Club,B,Ld,0.4,0.4,7,0.44844801389190364,0.25403384494293585,0.0006548999808728695,11.0,1.0,4.0,0.369524697110904
LocPop,Karate Club,B,S,0.4,0.4,7,0.44844801389190364,0.25403384494293585,0.0010403000051155686,36.0,1.0,4.0,0.0
LocPop,Karate Club,B,P,0.4,0.4,7,0.727509778357236,0.30092202170124244,0.0009280000813305378,13.0,1.0,4.0,0.07496740547588006
LocPop,Karate Club,AF,Ld,0.4,0.4,7,0.44844801389190364,0.25403384494293585,0.0007493000011891127,11.0,1.0,4.0,0.369524697110904
LocPop,Karate Club,AF,S,0.4,0.4,7,0.44844801389190364,0.25403384494293585,0.0007876999443396926,36.0,1.0,4.0,0.0
LocPop,Karate Club,AF,P,0.4,0.4,7,0.727509778357236,0.30092202170124244,0.0007879000622779131,14.0,1.0,4.0,0.07496740547588006
LocPop,Karate Club,AE,Ld,0.4,0.4,7,0.44844801389190364,0.25403384494293585,0.0008172999368980527,11.0,1.0,4.0,0.369524697110904
LocPop,Karate Club,AE,S,0.4,0.4,7,0.44844801389190364,0.25403384494293585,0.0010775000555440784,36.0,1.0,4.0,0.0
LocPop,Karate Club,AE,P,0.4,0.4,7,0.727509778357236,0.30092202170124244,0.0009082999313250184,13.0,1.0,4.0,0.07496740547588006
Louvain,Karate Club,-,-,,,8,0.41355857832382625,0.416155994078072,0.007703599985688925,,,,
Leiden,Karate Club,-,-,,,8,0.46459109844332386,0.44490358126721763,0.012048900010995567,,,,
LocPop,Karate Club,B,Ld,0.2,0.2,8,0.1328306907639428,0.29292929292929293,0.0011833000462502241,14.0,1.0,16.0,0.38182148855819326
LocPop,Karate Club,B,S,0.2,0.2,8,0.09127248500999334,0.2625981522085418,0.0007420000620186329,18.0,1.0,19.0,0.0
LocPop,Karate Club,B,P,0.2,0.2,8,0.09900110987791343,0.2756413860309964,0.0006855999818071723,26.0,1.0,18.0,0.04772475027746948
LocPop,Karate Club,AF,Ld,0.2,0.2,8,0.1367767679006872,0.2948689117520287,0.0007990999147295952,14.0,1.0,17.0,0.34546033092914724
LocPop,Karate Club,AF,S,0.2,0.2,8,0.09900110987791343,0.2789021944866101,0.0007184999994933605,19.0,1.0,18.0,0.0
LocPop,Karate Club,AF,P,0.2,0.2,8,0.1142413487133984,0.2781713236258691,0.0011633000103756785,28.0,1.0,18.0,0.019077196095829637
LocPop,Karate Club,AE,Ld,0.2,0.2,8,0.10256410256410256,0.26318847098067877,0.0007033000001683831,17.0,1.0,18.0,0.30170846964740095
LocPop,Karate Club,AE,S,0.2,0.2,8,0.09127248500999334,0.2625981522085418,0.0006941999308764935,18.0,1.0,19.0,0.0
LocPop,Karate Club,AE,P,0.2,0.2,8,0.09127248500999334,0.2625981522085418,0.0007157999789342284,27.0,1.0,19.0,0.03264490339773484
LocPop,Karate Club,B,Ld,0.25,0.35,8,0.1328306907639428,0.29292929292929293,0.0007022999925538898,14.0,1.0,16.0,0.38182148855819326
LocPop,Karate Club,B,S,0.25,0.35,8,0.09127248500999334,0.2625981522085418,0.0006985999643802643,18.0,1.0,19.0,0.0
LocPop,Karate Club,B,P,0.25,0.35,8,0.09900110987791343,0.2756413860309964,0.000704699894413352,26.0,1.0,18.0,0.04772475027746948
LocPop,Karate Club,AF,Ld,0.25,0.35,8,0.1367767679006872,0.2948689117520287,0.0006640000501647592,14.0,1.0,17.0,0.34546033092914724
LocPop,Karate Club,AF,S,0.25,0.35,8,0.09900110987791343,0.2789021944866101,0.000937200034968555,19.0,1.0,18.0,0.0
LocPop,Karate Club,AF,P,0.25,0.35,8,0.1142413487133984,0.2781713236258691,0.0009657999034970999,28.0,1.0,18.0,0.019077196095829637
LocPop,Karate Club,AE,Ld,0.25,0.35,8,0.10256410256410256,0.26318847098067877,0.0009493000106886029,17.0,1.0,18.0,0.30170846964740095
LocPop,Karate Club,AE,S,0.25,0.35,8,0.09127248500999334,0.2625981522085418,0.0009709999430924654,18.0,1.0,19.0,0.0
LocPop,Karate Club,AE,P,0.25,0.35,8,0.09127248500999334,0.2625981522085418,0.0007124000694602728,27.0,1.0,19.0,0.03264490339773484
LocPop,Karate Club,B,Ld,0.4,0.4,8,0.44844801389190364,0.25403384494293585,0.0006528999656438828,11.0,1.0,4.0,0.369524697110904
LocPop,Karate Club,B,S,0.4,0.4,8,0.44844801389190364,0.25403384494293585,0.0008512999629601836,34.0,1.0,4.0,0.0
LocPop,Karate Club,B,P,0.4,0.4,8,0.44844801389190364,0.25403384494293585,0.0008830999722704291,16.0,1.0,4.0,-0.009984805730410246
LocPop,Karate Club,AF,Ld,0.4,0.4,8,0.44844801389190364,0.25403384494293585,0.0006648999406024814,11.0,1.0,4.0,0.369524697110904
LocPop,Karate Club,AF,S,0.4,0.4,8,0.44844801389190364,0.25403384494293585,0.0008331000572070479,34.0,1.0,4.0,0.0
LocPop,Karate Club,AF,P,0.4,0.4,8,0.44844801389190364,0.25403384494293585,0.0006666999543085694,16.0,1.0,4.0,-0.009984805730410246
LocPop,Karate Club,AE,Ld,0.4,0.4,8,0.44844801389190364,0.25403384494293585,0.0006428000051528215,11.0,1.0,4.0,0.369524697110904
LocPop,Karate Club,AE,S,0.4,0.4,8,0.44844801389190364,0.25403384494293585,0.0011392999440431595,34.0,1.0,4.0,0.0
LocPop,Karate Club,AE,P,0.4,0.4,8,0.44844801389190364,0.25403384494293585,0.001052499981597066,16.0,1.0,4.0,-0.009984805730410246
Louvain,Karate Club,-,-,,,9,0.5088640840446487,0.4438541256723075,0.005256199976429343,,,,
Leiden,Karate Club,-,-,,,9,0.39223854417890813,0.440181031090122,0.012154199997894466,,,,
LocPop,Karate Club,B,Ld,0.2,0.2,9,0.1328306907639428,0.2961901013849066,0.0007736000698059797,14.0,1.0,16.0,0.38182148855819326
LocPop,Karate Club,B,S,0.2,0.2,9,0.09127248500999334,0.2625981522085418,0.001034800079651177,17.0,1.0,19.0,0.0
LocPop,Karate Club,B,P,0.2,0.2,9,0.12473643324825213,0.25787560203144616,0.0007470999844372272,27.0,1.0,19.0,0.0075463322605704135
LocPop,Karate Club,AF,Ld,0.2,0.2,9,0.15553339980059822,0.32970708944734917,0.0006876999977976084,12.0,1.0,15.0,0.44266666666666665
LocPop,Karate Club,AF,S,0.2,0.2,9,0.09900110987791343,0.28542381139783735,0.0008462999248877168,18.0,1.0,18.0,0.0
LocPop,Karate Club,AF,P,0.2,0.2,9,0.15121951219512195,0.29837334382788927,0.0007153999758884311,29.0,1.0,16.0,-0.0024390243902439024
LocPop,Karate Club,AE,Ld,0.2,0.2,9,0.10256410256410256,0.26318847098067877,0.000838399981148541,17.0,1.0,18.0,0.30170846964740095
LocPop,Karate Club,AE,S,0.2,0.2,9,0.09127248500999334,0.2625981522085418,0.0007923000957816839,17.0,1.0,19.0,0.0
LocPop,Karate Club,AE,P,0.2,0.2,9,0.09127248500999334,0.2625981522085418,0.0007313999813050032,32.0,1.0,19.0,-0.003997335109926716
LocPop,Karate Club,B,Ld,0.25,0.35,9,0.1328306907639428,0.2961901013849066,0.0006671999581158161,14.0,1.0,16.0,0.38182148855819326
LocPop,Karate Club,B,S,0.25,0.35,9,0.09127248500999334,0.2625981522085418,0.0010513000888749957,17.0,1.0,19.0,0.0
LocPop,Karate Club,B,P,0.25,0.35,9,0.12473643324825213,0.25787560203144616,0.0007368999067693949,27.0,1.0,19.0,0.0075463322605704135
LocPop,Karate Club,AF,Ld,0.25,0.35,9,0.15553339980059822,0.32970708944734917,0.002456699963659048,12.0,1.0,15.0,0.44266666666666665
LocPop,Karate Club,AF,S,0.25,0.35,9,0.09900110987791343,0.28542381139783735,0.0032923000399023294,18.0,1.0,18.0,0.0
LocPop,Karate Club,AF,P,0.25,0.35,9,0.15121951219512195,0.29837334382788927,0.0019138999050483108,29.0,1.0,16.0,-0.0024390243902439024
LocPop,Karate Club,AE,Ld,0.25,0.35,9,0.10256410256410256,0.26318847098067877,0.0008712999988347292,17.0,1.0,18.0,0.30170846964740095
LocPop,Karate Club,AE,S,0.25,0.35,9,0.09127248500999334,0.2625981522085418,0.0007642999989911914,17.0,1.0,19.0,0.0
LocPop,Karate Club,AE,P,0.25,0.35,9,0.09127248500999334,0.2625981522085418,0.0017608999041840434,32.0,1.0,19.0,-0.003997335109926716
LocPop,Karate Club,B,Ld,0.4,0.4,9,0.44844801389190364,0.25403384494293585,0.0014180999714881182,12.0,1.0,4.0,0.3080149114631873
LocPop,Karate Club,B,S,0.4,0.4,9,0.44844801389190364,0.25403384494293585,0.0013803999172523618,36.0,1.0,4.0,0.0
LocPop,Karate Club,B,P,0.4,0.4,9,0.44844801389190364,0.25403384494293585,0.0006880000000819564,19.0,1.0,4.0,-0.024310831343607554
LocPop,Karate Club,AF,Ld,0.4,0.4,9,0.44844801389190364,0.25403384494293585,0.0006481000455096364,12.0,1.0,4.0,0.3080149114631873
LocPop,Karate Club,AF,S,0.4,0.4,9,0.44844801389190364,0.25403384494293585,0.0008023999398574233,36.0,1.0,4.0,0.0
LocPop,Karate Club,AF,P,0.4,0.4,9,0.44844801389190364,0.25403384494293585,0.0007822000188753009,19.0,1.0,4.0,-0.024310831343607554
LocPop,Karate Club,AE,Ld,0.4,0.4,9,0.44844801389190364,0.25403384494293585,0.0007242000428959727,12.0,1.0,4.0,0.3080149114631873
LocPop,Karate Club,AE,S,0.4,0.4,9,0.44844801389190364,0.25403384494293585,0.0009793000062927604,30.0,1.0,4.0,0.0
LocPop,Karate Club,AE,P,0.4,0.4,9,0.44844801389190364,0.25403384494293585,0.0006746000144630671,19.0,1.0,4.0,-0.024310831343607554
Louvain,Cora,-,-,,,0,0.26278950433972353,0.8151463365918946,1.8363153000827879,,,,
Leiden,Cora,-,-,,,0,0.13746643578723147,0.7995302234058425,3.127964899991639,,,,
LocPop,Cora,B,Ld,0.2,0.2,0,0.16441493901522433,0.6328116552927414,0.8758055999642238,1366.0,1.0,128.0,0.37421283656909043
LocPop,Cora,B,P,0.2,0.2,0,0.17464470360108073,0.6491361469409581,1.2080964000197127,3581.0,1.0,50.0,0.0002728097034510034
LocPop,Cora,AF,Ld,0.2,0.2,0,0.1648136355595337,0.6309978747389731,0.8894340000115335,1367.0,1.0,128.0,0.377259386622797
LocPop,Cora,AF,P,0.2,0.2,0,0.1747916047273821,0.6524843735663535,1.1737526999786496,3540.0,1.0,50.0,0.0003117191352151634
LocPop,Cora,AE,Ld,0.2,0.2,0,0.16406538724277764,0.6341716407098409,0.8788363999919966,1383.0,1.0,128.0,0.3756064245744966
LocPop,Cora,AE,P,0.2,0.2,0,0.1752879038601284,0.6534002920026231,1.204216800048016,3635.0,1.0,50.0,0.00030461852842080347
LocPop,Cora,B,Ld,0.25,0.35,0,0.03738572197065499,0.3820645077962374,0.8920438999775797,1586.0,1.0,128.0,0.07168753299727887
LocPop,Cora,B,P,0.25,0.35,0,0.03967304044058415,0.38602000826785554,0.9092943998984993,3128.0,1.0,50.0,-0.00036317666495814697
LocPop,Cora,AF,Ld,0.25,0.35,0,0.03799371230236775,0.3816596047195412,0.8835759999928996,1591.0,1.0,128.0,0.07181837580625607
LocPop,Cora,AF,P,0.25,0.35,0,0.0390986080747909,0.38433922704022405,0.9051195000065491,3138.0,1.0,50.0,-0.00027063178506050284
LocPop,Cora,AE,Ld,0.25,0.35,0,0.037755802454592535,0.38194855966575925,0.9136923999758437,1599.0,1.0,128.0,0.07189091860666016
LocPop,Cora,AE,P,0.25,0.35,0,0.0394938445350148,0.38416921764519474,0.9039413999998942,3140.0,1.0,50.0,-0.0003867667065623787
LocPop,Cora,B,Ld,0.4,0.4,0,-0.0015388511582339428,0.14567236705487877,1.1607163000153378,2084.0,1.0,118.0,0.01955114006241305
LocPop,Cora,B,P,0.4,0.4,0,-0.0014079906479951003,0.14565081075384095,0.6208219999680296,2483.0,1.0,50.0,8.097229397277895e-05
LocPop,Cora,AF,Ld,0.4,0.4,0,-0.0014873975199447866,0.14547920393100783,1.1431617999915034,2087.0,1.0,117.0,0.019548103304604363
LocPop,Cora,AF,P,0.4,0.4,0,-0.001405956053246012,0.14546154248203097,0.6190478999633342,2479.0,1.0,50.0,8.04749331710327e-05
LocPop,Cora,AE,Ld,0.4,0.4,0,-0.0015403140436679682,0.1456724029521328,1.1839990000007674,2088.0,1.0,119.0,0.019549561374146873
LocPop,Cora,AE,P,0.4,0.4,0,-0.0015015975883346708,0.14565759533485034,0.6395567998988554,2484.0,1.0,50.0,7.85728627106747e-05
Louvain,Cora,-,-,,,1,0.2555130744301549,0.8155967753353126,1.6855225000763312,,,,
Leiden,Cora,-,-,,,1,0.1495296335324018,0.7969954824023764,3.0505603000056,,,,
LocPop,Cora,B,Ld,0.2,0.2,1,0.16219120751084407,0.6420758211748138,0.8948529999470338,1409.0,1.0,132.0,0.41390722402552876
LocPop,Cora,B,P,0.2,0.2,1,0.1764606713195135,0.6524023842381763,1.1741370999952778,3528.0,1.0,50.0,-0.00034913576662662366
LocPop,Cora,AF,Ld,0.2,0.2,1,0.16582288471717596,0.64093057313125,0.9087149000260979,1381.0,1.0,132.0,0.4211266786827366
LocPop,Cora,AF,P,0.2,0.2,1,0.1765906165593005,0.6525863217677645,1.1765698000090197,3689.0,1.0,50.0,-0.00029434395973502623
LocPop,Cora,AE,Ld,0.2,0.2,1,0.16208274560236216,0.635524913340439,0.9187076999805868,1436.0,1.0,132.0,0.41013155845802357
LocPop,Cora,AE,P,0.2,0.2,1,0.17603568946785547,0.651471299212084,1.15812979999464,3539.0,1.0,50.0,-0.00032280110896479243
LocPop,Cora,B,Ld,0.25,0.35,1,0.03717740463472512,0.3813568472791532,0.9482258999487385,1676.0,1.0,132.0,0.08434794906561052
LocPop,Cora,B,P,0.25,0.35,1,0.039665628325563806,0.384877129443057,0.8841642999323085,3158.0,1.0,50.0,-0.00037746460446277133
LocPop,Cora,AF,Ld,0.25,0.35,1,0.03739138022881341,0.37933129087530576,0.9507712000049651,1679.0,1.0,132.0,0.08403512581491922
LocPop,Cora,AF,P,0.25,0.35,1,0.03971172140725029,0.38498598786586663,0.8935877999756485,3157.0,1.0,50.0,-0.00036089249922061615
LocPop,Cora,AE,Ld,0.25,0.35,1,0.03683594001989717,0.3802673297224525,0.9659806999843568,1675.0,1.0,132.0,0.08459504814980114
LocPop,Cora,AE,P,0.25,0.35,1,0.03939658687441517,0.38510170266419375,0.8930155000416562,3149.0,1.0,50.0,-0.0003547909094735074
LocPop,Cora,B,Ld,0.4,0.4,1,-0.0015388511582339428,0.14567236705487877,1.1325685000047088,2043.0,1.0,118.0,0.02189087231272123
LocPop,Cora,B,P,0.4,0.4,1,-0.0014100252473931434,0.14546339119061288,0.6419851999962702,2546.0,1.0,50.0,8.583035217110337e-05
LocPop,Cora,AF,Ld,0.4,0.4,1,-0.0014873975199447866,0.14547920393100783,1.1598255999851972,2045.0,1.0,117.0,0.02188764338110628
LocPop,Cora,AF,P,0.4,0.4,1,-0.0014221268434652429,0.14545538610296688,0.6372202000347897,2545.0,1.0,50.0,8.684600497662416e-05
LocPop,Cora,AE,Ld,0.4,0.4,1,-0.0015629889816535043,0.14567396448268258,1.1373771000653505,2039.0,1.0,117.0,0.021903429442006454
LocPop,Cora,AE,P,0.4,0.4,1,-0.001445899417761203,0.14546010659187025,0.6381167999934405,2550.0,1.0,50.0,9.068842248560905e-05
Louvain,Cora,-,-,,,2,0.24431592391768078,0.8136112982155762,1.5906369000440463,,,,
Leiden,Cora,-,-,,,2,0.14442073436943748,0.7991773533988453,3.1905240999767557,,,,
LocPop,Cora,B,Ld,0.2,0.2,2,0.16580057662020878,0.6378853911242748,0.8646362000145018,1365.0,1.0,129.0,0.37237306364708805
LocPop,Cora,B,P,0.2,0.2,2,0.17421479317973715,0.6455041884198043,1.1318773999810219,3482.0,1.0,50.0,0.0004068230475179221
LocPop,Cora,AF,Ld,0.2,0.2,2,0.16395262976255834,0.6409987420166302,0.8371565999696031,1336.0,1.0,129.0,0.37302804819018914
LocPop,Cora,AF,P,0.2,0.2,2,0.17592193627972727,0.6527812977029634,1.153025500010699,3540.0,1.0,50.0,0.00043210285201162143
LocPop,Cora,AE,Ld,0.2,0.2,2,0.16377978085084105,0.631129222791425,0.9051698000403121,1432.0,1.0,129.0,0.3722382510149456
LocPop,Cora,AE,P,0.2,0.2,2,0.1747108416212425,0.6473111484953091,1.1571969999931753,3526.0,1.0,50.0,0.00024764610866194426
LocPop,Cora,B,Ld,0.25,0.35,2,0.037085102465586474,0.37946283636265465,0.9343999000266194,1648.0,1.0,129.0,0.07175194745351324
LocPop,Cora,B,P,0.25,0.35,2,0.03939603470761287,0.37991763662243605,0.894913199939765,3193.0,1.0,50.0,1.3513584635758258e-05
LocPop,Cora,AF,Ld,0.25,0.35,2,0.03743722737674598,0.37758379460108177,0.9465128000592813,1654.0,1.0,129.0,0.07161262568345028
LocPop,Cora,AF,P,0.25,0.35,2,0.03937393828088254,0.37965648409945496,0.8732949000550434,3153.0,1.0,50.0,-1.1045979205815872e-05
LocPop,Cora,AE,Ld,0.25,0.35,2,0.036938471237310276,0.3793370344359485,0.9449376000557095,1684.0,1.0,129.0,0.07160856172656263
LocPop,Cora,AE,P,0.25,0.35,2,0.03908812484387414,0.38092398024157703,0.9368356000632048,3205.0,1.0,50.0,-1.0693172594622575e-06
LocPop,Cora,B,Ld,0.4,0.4,2,-0.0015388511582339428,0.14567236705487877,1.269388800021261,2095.0,1.0,118.0,0.019119570766552307
LocPop,Cora,B,P,0.4,0.4,2,-0.0014141593492162387,0.1456521389522396,0.6312313999515027,2443.0,1.0,50.0,7.299693975106229e-05
LocPop,Cora,AF,Ld,0.4,0.4,2,-0.0014873975199447866,0.14547920393100783,1.204860799945891,2098.0,1.0,117.0,0.019116583965075696
LocPop,Cora,AF,P,0.4,0.4,2,-0.0013920263431511659,0.14546215273534926,0.639808899955824,2447.0,1.0,50.0,6.016711345230396e-05
LocPop,Cora,AE,Ld,0.4,0.4,2,-0.0015885902007778399,0.14586578145952783,1.2338948000688106,2094.0,1.0,118.0,0.019119105693409542
LocPop,Cora,AE,P,0.4,0.4,2,-0.001450847866737939,0.1456554953454903,0.6241575999883935,2442.0,1.0,50.0,6.201595347166101e-05
Louvain,Cora,-,-,,,3,0.215017215967477,0.8153658303515877,1.616551399929449,,,,
Leiden,Cora,-,-,,,3,0.16905305266105292,0.8003461500410449,3.281573800020851,,,,
LocPop,Cora,B,Ld,0.2,0.2,3,0.16313147773716347,0.6337749042584339,0.8611523000290617,1391.0,1.0,124.0,0.4119214628131752
LocPop,Cora,B,P,0.2,0.2,3,0.17485557180750963,0.6507069210336514,1.2206872999668121,3515.0,1.0,50.0,5.823687208047625e-05
LocPop,Cora,AF,Ld,0.2,0.2,3,0.16407861902418103,0.6378153735303126,0.858238400076516,1382.0,1.0,124.0,0.407903408634782
LocPop,Cora,AF,P,0.2,0.2,3,0.1745475315408196,0.6518813535447318,1.1740219000494108,3471.0,1.0,50.0,1.596480916435757e-06
LocPop,Cora,AE,Ld,0.2,0.2,3,0.1640587254098799,0.634155899763954,0.8838370000012219,1424.0,1.0,124.0,0.41170664461496465
LocPop,Cora,AE,P,0.2,0.2,3,0.1757050468790728,0.6511723827778759,1.1671174999792129,3492.0,1.0,50.0,0.00017716113768753464
LocPop,Cora,B,Ld,0.25,0.35,3,0.037399606051184746,0.381491892748769,0.8174009000649676,1494.0,1.0,124.0,0.08555150758966272
LocPop,Cora,B,P,0.25,0.35,3,0.039618209158175294,0.385449026545445,0.9163762000389397,3170.0,1.0,50.0,-0.0001365959467348666
LocPop,Cora,AF,Ld,0.25,0.35,3,0.03720808328958561,0.3785329538945721,0.815396000049077,1483.0,1.0,124.0,0.08541581716259553
LocPop,Cora,AF,P,0.25,0.35,3,0.03940970579138038,0.38533697326702776,0.9046178999124095,3137.0,1.0,50.0,-0.00012582574755434501
LocPop,Cora,AE,Ld,0.25,0.35,3,0.037750474181679816,0.38195593655145993,0.8431382999988273,1510.0,1.0,124.0,0.0856153315957216
LocPop,Cora,AE,P,0.25,0.35,3,0.038860897911396006,0.384420767652726,0.9011223000707105,3161.0,1.0,50.0,-0.00012900020501198825
LocPop,Cora,B,Ld,0.4,0.4,3,-0.0015388511582339428,0.14567236705487877,1.1122246000450104,2035.0,1.0,118.0,0.02254532963112681
LocPop,Cora,B,P,0.4,0.4,3,-0.0013760264750386053,0.14546287068042962,0.6231782999821007,2450.0,1.0,50.0,0.00019758855063453518
LocPop,Cora,AF,Ld,0.4,0.4,3,-0.0014873975199447866,0.14547920393100783,1.0842855999944732,2038.0,1.0,117.0,0.022541956654107083
LocPop,Cora,AF,P,0.4,0.4,3,-0.0013467890647357466,0.14545389636692513,0.6199977999785915,2448.0,1.0,50.0,0.00019524197252349787
LocPop,Cora,AE,Ld,0.4,0.4,3,-0.0015885902007778399,0.14586578145952783,1.1029614000581205,2033.0,1.0,118.0,0.022539463680955045
LocPop,Cora,AE,P,0.4,0.4,3,-0.0013739269560791986,0.14546283478317562,0.6318919999757782,2450.0,1.0,50.0,0.00020394228492788923
Louvain,Cora,-,-,,,4,0.22983312193720953,0.8137743255946991,1.8661186000099406,,,,
Leiden,Cora,-,-,,,4,0.13940002938174492,0.8015331824882856,3.330230199964717,,,,
LocPop,Cora,B,Ld,0.2,0.2,4,0.1630021235018383,0.6365534953084443,0.8744789999909699,1439.0,1.0,123.0,0.3531869347453378
LocPop,Cora,B,P,0.2,0.2,4,0.1754082749538028,0.6517366876110392,1.1328212999505922,3472.0,1.0,50.0,0.00027736950935501045
LocPop,Cora,AF,Ld,0.2,0.2,4,0.164054134904683,0.637118912956482,0.8920894999755546,1453.0,1.0,123.0,0.35289662049061127
LocPop,Cora,AF,P,0.2,0.2,4,0.174934026848022,0.656480707164417,1.1360259000211954,3501.0,1.0,50.0,0.00017999032415249515
LocPop,Cora,AE,Ld,0.2,0.2,4,0.16332472219700211,0.6400344161333172,0.9179218000499532,1550.0,1.0,123.0,0.3502623868534772
LocPop,Cora,AE,P,0.2,0.2,4,0.17707592638120775,0.6536867161924328,1.1312172999605536,3482.0,1.0,50.0,0.00038900770594965206
LocPop,Cora,B,Ld,0.25,0.35,4,0.037177383952393506,0.3798587651258464,0.8715874999761581,1620.0,1.0,123.0,0.08317033021973076
LocPop,Cora,B,P,0.25,0.35,4,0.03893168460514605,0.38555485165029013,0.9359269000124186,3162.0,1.0,50.0,0.00013930043292458444
LocPop,Cora,AF,Ld,0.25,0.35,4,0.037295277599510526,0.37738275202995386,0.8516346999676898,1623.0,1.0,123.0,0.08294612578715588
LocPop,Cora,AF,P,0.25,0.35,4,0.03953920209206691,0.3808608369717594,0.8961154000135139,3169.0,1.0,50.0,0.00013184124702450507
LocPop,Cora,AE,Ld,0.25,0.35,4,0.038248296170752885,0.38068086608874,0.8807567999465391,1630.0,1.0,123.0,0.08334372053447195
LocPop,Cora,AE,P,0.25,0.35,4,0.039259571239633244,0.3830685180938673,0.9011142000090331,3212.0,1.0,50.0,0.0001284628979206568
LocPop,Cora,B,Ld,0.4,0.4,4,-0.0015388511582339428,0.14567236705487877,1.125029499991797,2099.0,1.0,118.0,0.021977601178848213
LocPop,Cora,B,P,0.4,0.4,4,-0.0013893841871407148,0.145652892794574,0.6355712000513449,2454.0,1.0,50.0,3.1882045041376686e-05
LocPop,Cora,AF,Ld,0.4,0.4,4,-0.0014873975199447866,0.14547920393100783,1.1454157999251038,2104.0,1.0,117.0,0.021974271440107968
LocPop,Cora,AF,P,0.4,0.4,4,-0.0013944565909488086,0.14545590661315014,0.6322346000233665,2453.0,1.0,50.0,2.3927268210423207e-05
LocPop,Cora,AE,Ld,0.4,0.4,4,-0.0015885902007778399,0.14586578145952783,1.2096146999392658,2098.0,1.0,118.0,0.021975802170501817
LocPop,Cora,AE,P,0.4,0.4,4,-0.0013862349192477808,0.14565258766791483,0.6323108000215143,2452.0,1.0,50.0,3.399930176343017e-05
Louvain,Cora,-,-,,,5,0.22042361763619517,0.8153692764879735,1.754672299954109,,,,
Leiden,Cora,-,-,,,5,0.14635278937239943,0.7999869980145946,3.358219499932602,,,,
LocPop,Cora,B,Ld,0.2,0.2,5,0.16295116179523442,0.6369754316321721,0.8570160999661312,1357.0,1.0,130.0,0.40892492723776663
LocPop,Cora,B,P,0.2,0.2,5,0.17603965643257233,0.6565652631462565,1.1657790000317618,3533.0,1.0,50.0,-0.00041625683876080343
LocPop,Cora,AF,Ld,0.2,0.2,5,0.1625773474170823,0.635301452934177,0.8730017000343651,1382.0,1.0,130.0,0.4078281593122617
LocPop,Cora,AF,P,0.2,0.2,5,0.17506558595155722,0.6507528515701674,1.1564299000892788,3560.0,1.0,50.0,-0.000235716387177994
LocPop,Cora,AE,Ld,0.2,0.2,5,0.1616644607978745,0.636381421821309,0.8832708999980241,1404.0,1.0,130.0,0.40591054716091957
LocPop,Cora,AE,P,0.2,0.2,5,0.1761840663186177,0.6615096791201899,1.1440250999294221,3572.0,1.0,50.0,-0.0005371638573721695
LocPop,Cora,B,Ld,0.25,0.35,5,0.03758361023242122,0.38279849894914375,0.9171699000289664,1604.0,1.0,130.0,0.07558691975873458
LocPop,Cora,B,P,0.25,0.35,5,0.03906107298223687,0.38456823357223197,0.8782991000916809,3170.0,1.0,50.0,0.00018837073761898446
LocPop,Cora,AF,Ld,0.25,0.35,5,0.03774369705253151,0.3800516769689393,0.9175160999875516,1598.0,1.0,130.0,0.07536716562063343
LocPop,Cora,AF,P,0.25,0.35,5,0.03934438953374146,0.38059738702452117,0.8865036000497639,3185.0,1.0,50.0,0.00013577676039230264
LocPop,Cora,AE,Ld,0.25,0.35,5,0.037181976963577,0.3869471086987518,0.9075332999927923,1600.0,1.0,130.0,0.0763405597036266
LocPop,Cora,AE,P,0.25,0.35,5,0.039325149620437296,0.3840450131462924,0.891418999992311,3184.0,1.0,50.0,0.00013505131421477973
LocPop,Cora,B,Ld,0.4,0.4,5,-0.0015372290483509198,0.14548288339954468,1.1595265000360087,2050.0,1.0,119.0,0.020459998245036585
LocPop,Cora,B,P,0.4,0.4,5,-0.0013939666049513604,0.14565156459617534,0.6101028000703081,2430.0,1.0,50.0,0.00013766290525105894
LocPop,Cora,AF,Ld,0.4,0.4,5,-0.0014873975199447866,0.14547920393100783,1.1402082999702543,2053.0,1.0,117.0,0.020456912452921514
LocPop,Cora,AF,P,0.4,0.4,5,-0.0013917557177395995,0.14545486559278362,0.6220171999884769,2427.0,1.0,50.0,0.00011064359080345345
LocPop,Cora,AE,Ld,0.4,0.4,5,-0.0015628297612542744,0.14567398243130958,1.1812356000300497,2051.0,1.0,118.0,0.020477478860941634
LocPop,Cora,AE,P,0.4,0.4,5,-0.0013922798961042563,0.14565176203107244,0.6029159999452531,2429.0,1.0,50.0,0.0001347961446089448
Louvain,Cora,-,-,,,6,0.23206778020550053,0.8150371371451718,1.7195069999434054,,,,
Leiden,Cora,-,-,,,6,0.16444685877037585,0.8021360589208912,3.105490199988708,,,,
LocPop,Cora,B,Ld,0.2,0.2,6,0.16483451230432938,0.6354984570642278,0.8410142000066116,1369.0,1.0,125.0,0.3873730711872053
LocPop,Cora,B,P,0.2,0.2,6,0.17309369405897898,0.653539716937229,1.1627541000489146,3529.0,1.0,50.0,0.00041112334897071653
LocPop,Cora,AF,Ld,0.2,0.2,6,0.16518315504881853,0.6360893258653643,0.8349582999944687,1357.0,1.0,125.0,0.38927935750580933
LocPop,Cora,AF,P,0.2,0.2,6,0.17483094662645707,0.6533022386532729,1.1478781999321654,3538.0,1.0,50.0,0.000369886980963616
LocPop,Cora,AE,Ld,0.2,0.2,6,0.1646397010926263,0.6356410409571873,0.8448441999498755,1387.0,1.0,125.0,0.38493474750228035
LocPop,Cora,AE,P,0.2,0.2,6,0.17302701584893684,0.648570101090975,1.1360151999397203,3542.0,1.0,50.0,0.0003880362345651251
LocPop,Cora,B,Ld,0.25,0.35,6,0.038055409924561454,0.3832303967608615,0.8481906000524759,1565.0,1.0,125.0,0.09204164333529968
LocPop,Cora,B,P,0.25,0.35,6,0.039582720553719884,0.3811065357268857,0.8766470000846311,3143.0,1.0,50.0,-6.69944829795683e-05
LocPop,Cora,AF,Ld,0.25,0.35,6,0.03804201237998987,0.38320729687790095,0.8470680000027642,1562.0,1.0,125.0,0.0919839588119898
LocPop,Cora,AF,P,0.25,0.35,6,0.039528902815196894,0.38334397567257456,0.8669807000551373,3168.0,1.0,50.0,-0.00012377143208020422
LocPop,Cora,AE,Ld,0.25,0.35,6,0.038374928102398745,0.3825422643499632,0.8558068999554962,1594.0,1.0,125.0,0.0919918024478438
LocPop,Cora,AE,P,0.25,0.35,6,0.039376151276767725,0.37981823712606017,0.8700281999772415,3144.0,1.0,50.0,-7.622603746218622e-05
LocPop,Cora,B,Ld,0.4,0.4,6,-0.0015617499386915569,0.14548437313558643,1.0837488999823108,2045.0,1.0,117.0,0.026525348817303725
LocPop,Cora,B,P,0.4,0.4,6,-0.0014615158324921074,0.14564935691505324,0.6294652000069618,2460.0,1.0,50.0,-4.312195222710558e-05
LocPop,Cora,AF,Ld,0.4,0.4,6,-0.0015117583118019501,0.14548071161567658,1.1070731000509113,2046.0,1.0,116.0,0.026522570335307284
LocPop,Cora,AF,P,0.4,0.4,6,-0.0014246390997792032,0.14545576302413407,0.6255234000273049,2457.0,1.0,50.0,-4.908019458455333e-05
LocPop,Cora,AE,Ld,0.4,0.4,6,-0.0015632128472382956,0.14567387473954752,1.1098220999119803,2046.0,1.0,117.0,0.02652378108124813
LocPop,Cora,AE,P,0.4,0.4,6,-0.0014637097158249112,0.14564889025075098,0.625758400070481,2456.0,1.0,50.0,-5.321473011684501e-05
Louvain,Cora,-,-,,,7,0.2554750043223963,0.8141048136638159,1.7197373999515548,,,,
Leiden,Cora,-,-,,,7,0.1235378193126901,0.7917711755388644,3.2716573999496177,,,,
LocPop,Cora,B,Ld,0.2,0.2,7,0.16194286769225416,0.6405756390321469,0.9146779000293463,1450.0,1.0,126.0,0.3213121719393589
LocPop,Cora,B,P,0.2,0.2,7,0.17462526463919617,0.6532520363435287,1.1492397000547498,3646.0,1.0,50.0,-6.497673899754627e-05
LocPop,Cora,AF,Ld,0.2,0.2,7,0.16213190303067596,0.6388770348178954,0.8980226999847218,1411.0,1.0,126.0,0.32224504248671987
LocPop,Cora,AF,P,0.2,0.2,7,0.1735985527531721,0.6553108156559699,1.1343250999925658,3465.0,1.0,50.0,-0.0003787376004933944
LocPop,Cora,AE,Ld,0.2,0.2,7,0.16254685930926516,0.6410529109729434,0.9170177000341937,1480.0,1.0,126.0,0.3200672493844698
LocPop,Cora,AE,P,0.2,0.2,7,0.17437698292517873,0.6503885303391386,1.1552067999728024,3616.0,1.0,50.0,-0.00017093811653143824
LocPop,Cora,B,Ld,0.25,0.35,7,0.037255580327006335,0.3809717415380479,0.8980132999131456,1630.0,1.0,126.0,0.06186979227195782
LocPop,Cora,B,P,0.25,0.35,7,0.03941176632304366,0.3846774689162088,0.8780090999789536,3149.0,1.0,50.0,-0.00016785051954292066
LocPop,Cora,AF,Ld,0.25,0.35,7,0.037585851755501866,0.3792546681866043,0.9134814999997616,1638.0,1.0,126.0,0.06164117675155055
LocPop,Cora,AF,P,0.25,0.35,7,0.039476840565717944,0.3814070675375245,0.9154860000126064,3197.0,1.0,50.0,-0.0001501389246660526
LocPop,Cora,AE,Ld,0.25,0.35,7,0.03618212990297328,0.3802825142609021,0.9135211000684649,1642.0,1.0,126.0,0.06186696020054165
LocPop,Cora,AE,P,0.25,0.35,7,0.03926518697091701,0.3850011544556892,0.8974864999763668,3184.0,1.0,50.0,-0.0001973679021201078
LocPop,Cora,B,Ld,0.4,0.4,7,-0.0015373882744715186,0.14548286545091765,1.3359634999651462,2108.0,1.0,118.0,0.017923908468978796
LocPop,Cora,B,P,0.4,0.4,7,-0.0013778075033188866,0.1454624040161274,0.6672958000563085,2446.0,1.0,50.0,0.00011124673982546838
LocPop,Cora,AF,Ld,0.4,0.4,7,-0.0014873975199447866,0.14547920393100783,1.2707785000093281,2109.0,1.0,117.0,0.01792188245075742
LocPop,Cora,AF,P,0.4,0.4,7,-0.001398195006442675,0.1454622245298573,0.6925258000846952,2444.0,1.0,50.0,0.00011934637229369439
LocPop,Cora,AE,Ld,0.4,0.4,7,-0.0015629889816535043,0.14567396448268258,1.1808614999754354,2105.0,1.0,117.0,0.017938811115115236
LocPop,Cora,AE,P,0.4,0.4,7,-0.0013792700439722205,0.1454627809372946,0.7454726999858394,2447.0,1.0,50.0,0.00011760042028390213
Louvain,Cora,-,-,,,8,0.24902741940643774,0.8141719594774566,1.7535742999752983,,,,
Leiden,Cora,-,-,,,8,0.13356247520505896,0.7991933815227644,3.674978099996224,,,,
LocPop,Cora,B,Ld,0.2,0.2,8,0.1641894426591595,0.6410476520252297,1.0517397000221536,1393.0,1.0,129.0,0.3627035936580686
LocPop,Cora,B,P,0.2,0.2,8,0.17537610969360373,0.6538342539064469,1.3078085999004543,3585.0,1.0,50.0,-0.0002203237883165097
LocPop,Cora,AF,Ld,0.2,0.2,8,0.16448077355659083,0.6402403407309916,1.0662624000106007,1365.0,1.0,129.0,0.3620031557877911
LocPop,Cora,AF,P,0.2,0.2,8,0.17573227660514362,0.6580052814911892,1.3538591999094933,3566.0,1.0,50.0,-0.00011731374683694856
LocPop,Cora,AE,Ld,0.2,0.2,8,0.16363581538383512,0.6396525770423276,1.1096076000249013,1464.0,1.0,129.0,0.35993521772124376
LocPop,Cora,AE,P,0.2,0.2,8,0.1744979862422113,0.654832628335196,1.3100355000933632,3593.0,1.0,50.0,-0.00016967839702800377
LocPop,Cora,B,Ld,0.25,0.35,8,0.03728278487158738,0.3809256315152618,1.055595799931325,1611.0,1.0,129.0,0.07182426600096392
LocPop,Cora,B,P,0.25,0.35,8,0.039354210090180454,0.386058651661806,1.0299240000313148,3192.0,1.0,50.0,-6.726889378918022e-05
LocPop,Cora,AF,Ld,0.25,0.35,8,0.03726261581009271,0.3771926940185555,1.000591800082475,1601.0,1.0,129.0,0.07175024918091656
LocPop,Cora,AF,P,0.25,0.35,8,0.039205493433109605,0.3873591194317436,1.0554546000203118,3190.0,1.0,50.0,-3.5918492432203145e-05
LocPop,Cora,AE,Ld,0.25,0.35,8,0.038644181053933475,0.3826160511555972,0.9205489999148995,1627.0,1.0,129.0,0.07196297832843186
LocPop,Cora,AE,P,0.25,0.35,8,0.03958067675190376,0.3830231798620426,0.8944759001024067,3191.0,1.0,50.0,-9.817306882234149e-05
LocPop,Cora,B,Ld,0.4,0.4,8,-0.0015337957673561369,0.1454825244270045,1.190510299988091,2106.0,1.0,118.0,0.0197816061740333
LocPop,Cora,B,P,0.4,0.4,8,-0.0013797477752761922,0.14565262356516886,0.6396326000103727,2495.0,1.0,50.0,6.838756754653129e-05
LocPop,Cora,AF,Ld,0.4,0.4,8,-0.0014839644813647282,0.14547884495846763,124.1291898000054,2109.0,1.0,116.0,0.01977860922463454
LocPop,Cora,AF,P,0.4,0.4,8,-0.0013823606048662706,0.14546190145457114,0.7124244999140501,2494.0,1.0,50.0,5.344231589432155e-05
LocPop,Cora,AE,Ld,0.4,0.4,8,-0.001540154818201227,0.1456724209007598,1.1236222999868914,2109.0,1.0,120.0,0.019773891574069752
LocPop,Cora,AE,P,0.4,0.4,8,-0.0014380619700560089,0.14565612354743562,0.9387560000177473,2492.0,1.0,50.0,5.964815330758289e-05
Louvain,Cora,-,-,,,9,0.2543386001268511,0.8157477591857124,1.6000677000265568,,,,
Leiden,Cora,-,-,,,9,0.1287299334095844,0.7949950002304603,3.548801700002514,,,,
LocPop,Cora,B,Ld,0.2,0.2,9,0.1666844514004506,0.6378657732749539,0.9228598999325186,1395.0,1.0,128.0,0.36487833571028827
LocPop,Cora,B,P,0.2,0.2,9,0.17367140684037102,0.6502655104496189,1.2209306000731885,3513.0,1.0,50.0,0.0008762404753977035
LocPop,Cora,AF,Ld,0.2,0.2,9,0.16707792956835615,0.6420169676268512,0.9226153999334201,1376.0,1.0,128.0,0.36545796554843957
LocPop,Cora,AF,P,0.2,0.2,9,0.1747548761594084,0.6557923773186216,1.2233841000124812,3547.0,1.0,50.0,0.0008629539844472651
LocPop,Cora,AE,Ld,0.2,0.2,9,0.16569865189323743,0.628698188954817,0.9883112999377772,1424.0,1.0,128.0,0.366398913408162
LocPop,Cora,AE,P,0.2,0.2,9,0.17376150053469122,0.6518919073374131,1.2254880999680609,3509.0,1.0,50.0,0.0009839825410337055
LocPop,Cora,B,Ld,0.25,0.35,9,0.03730446144687162,0.37927392706338486,0.9623702999670058,1650.0,1.0,128.0,0.06888178464167928
LocPop,Cora,B,P,0.25,0.35,9,0.039308058417994396,0.3851139077305598,1.026127399993129,3161.0,1.0,50.0,0.0008288451246837645
LocPop,Cora,AF,Ld,0.25,0.35,9,0.037576974959533174,0.3785399000132246,0.970355199999176,1647.0,1.0,128.0,0.06896777155156603
LocPop,Cora,AF,P,0.25,0.35,9,0.0393438200905495,0.38362926909888273,0.932837100001052,3128.0,1.0,50.0,0.0008896275853486787
LocPop,Cora,AE,Ld,0.25,0.35,9,0.03763053561446869,0.3780262641541078,1.0231098999502137,1669.0,1.0,128.0,0.06878470200250228
LocPop,Cora,AE,P,0.25,0.35,9,0.03919305820026331,0.3842110020488717,0.892153299995698,3174.0,1.0,50.0,0.0008362883258929039
LocPop,Cora,B,Ld,0.4,0.4,9,-0.0015388511582339428,0.14567236705487877,1.3040052000433207,2125.0,1.0,118.0,0.018456758639736993
LocPop,Cora,B,P,0.4,0.4,9,-0.0013914836960710337,0.14565161844205635,0.6252037000376731,2427.0,1.0,50.0,0.00021216615928844763
LocPop,Cora,AF,Ld,0.4,0.4,9,-0.0014852032854089814,0.14547907829061876,1.231387999956496,2126.0,1.0,117.0,0.018453761796677785
LocPop,Cora,AF,P,0.4,0.4,9,-0.0014200922744058864,0.14545328611360683,0.6382468000520021,2431.0,1.0,50.0,0.00021891050502199672
LocPop,Cora,AE,Ld,0.4,0.4,9,-0.0015886548031105341,0.1458655122301227,1.2551687998929992,2124.0,1.0,118.0,0.018456056616316836
LocPop,Cora,AE,P,0.4,0.4,9,-0.0014099897941552563,0.1456523363871367,0.6234572000103071,2427.0,1.0,50.0,0.00020568359801418875
Louvain,Jazz,-,-,,,0,,0.4426313987617848,0.15058200003113598,,,,
Leiden,Jazz,-,-,,,0,,0.4322897297941468,0.3694685000227764,,,,
LocPop,Jazz,B,Ld,0.2,0.2,0,,0.3158743478142901,0.009802200016565621,123.0,1.0,37.0,0.25360515135777284
LocPop,Jazz,B,S,0.2,0.2,0,,0.32693330800934856,0.01637640001717955,197.0,1.0,38.0,0.0
LocPop,Jazz,AF,Ld,0.2,0.2,0,,0.31403456830320253,0.010588199947960675,123.0,1.0,37.0,0.25536544369690967
LocPop,Jazz,AF,S,0.2,0.2,0,,0.3294935708467734,0.01709480001591146,181.0,1.0,37.0,0.0
LocPop,Jazz,AE,Ld,0.2,0.2,0,,0.3145411145000561,0.009527900023385882,128.0,1.0,38.0,0.25287062274497835
LocPop,Jazz,AE,S,0.2,0.2,0,,0.3213801199271563,0.015328300069086254,179.0,1.0,40.0,0.0
LocPop,Jazz,B,Ld,0.25,0.35,0,,0.43047954370010016,0.006585099967196584,30.0,1.0,14.0,0.7394815532525759
LocPop,Jazz,B,S,0.25,0.35,0,,0.2736327708323026,0.019845000002533197,227.0,1.0,19.0,0.0
LocPop,Jazz,AF,Ld,0.25,0.35,0,,0.43146084810876123,0.005460800020955503,26.0,1.0,13.0,0.7515401607105988
LocPop,Jazz,AF,S,0.25,0.35,0,,0.2752043475323213,0.020750299911014736,223.0,1.0,19.0,0.0
LocPop,Jazz,AE,Ld,0.25,0.35,0,,0.4301125188267334,0.005880299955606461,33.0,1.0,14.0,0.7301690448925853
LocPop,Jazz,AE,S,0.25,0.35,0,,0.1813862992986426,0.018314899993129075,202.0,1.0,21.0,0.0
LocPop,Jazz,B,Ld,0.4,0.4,0,,0.03421803684852579,0.009222800028510392,95.0,1.0,10.0,0.10167833384738162
LocPop,Jazz,B,S,0.4,0.4,0,,0.03421803684852579,0.017073299968615174,191.0,1.0,10.0,0.0
LocPop,Jazz,AF,Ld,0.4,0.4,0,,0.03419848524266063,0.008288600016385317,94.0,1.0,9.0,0.10441311467597802
LocPop,Jazz,AF,S,0.4,0.4,0,,0.03421803684852579,0.017925200052559376,191.0,1.0,10.0,0.0
LocPop,Jazz,AE,Ld,0.4,0.4,0,,0.03421803684852579,0.008447399944998324,95.0,1.0,10.0,0.10167833384738162
LocPop,Jazz,AE,S,0.4,0.4,0,,0.03421803684852579,0.01752009999472648,191.0,1.0,10.0,0.0
Louvain,Jazz,-,-,,,1,,0.4355706754640913,0.17571480001788586,,,,
Leiden,Jazz,-,-,,,1,,0.44075351356987846,0.3394580000312999,,,,
LocPop,Jazz,B,Ld,0.2,0.2,1,,0.322159856589636,0.00819060008507222,104.0,1.0,37.0,0.32421625406521637
LocPop,Jazz,B,S,0.2,0.2,1,,0.3291248169198267,0.016463200096040964,192.0,1.0,38.0,0.0
LocPop,Jazz,AF,Ld,0.2,0.2,1,,0.3243122622883838,0.008050699951127172,102.0,1.0,35.0,0.33552219140525463
LocPop,Jazz,AF,S,0.2,0.2,1,,0.32699748249798766,0.016895500011742115,191.0,1.0,36.0,0.0
LocPop,Jazz,AE,Ld,0.2,0.2,1,,0.31128344455137974,0.00811920000705868,114.0,1.0,39.0,0.30245161949200483
LocPop,Jazz,AE,S,0.2,0.2,1,,0.3178589688137256,0.014988400042057037,190.0,1.0,40.0,0.0
LocPop,Jazz,B,Ld,0.25,0.35,1,,0.42911704947912926,0.004716899944469333,37.0,1.0,13.0,0.7078412465969072
LocPop,Jazz,B,S,0.25,0.35,1,,0.27165247246681673,0.01942220004275441,187.0,1.0,20.0,0.0
LocPop,Jazz,AF,Ld,0.25,0.35,1,,0.43146084810876123,0.004721499979496002,36.0,1.0,13.0,0.7163426342297432
LocPop,Jazz,AF,S,0.25,0.35,1,,0.2717428487673976,0.01746070000808686,184.0,1.0,20.0,0.0
LocPop,Jazz,AE,Ld,0.25,0.35,1,,0.42900991465923544,0.004783299984410405,38.0,1.0,13.0,0.7076710326576828
LocPop,Jazz,AE,S,0.25,0.35,1,,0.2732033670259374,0.01749180001206696,185.0,1.0,21.0,0.0
LocPop,Jazz,B,Ld,0.4,0.4,1,,0.03421803684852579,0.00784960004966706,116.0,1.0,10.0,0.04445587426965145
LocPop,Jazz,B,S,0.4,0.4,1,,0.03421803684852579,0.018044899916276336,210.0,1.0,10.0,0.0
LocPop,Jazz,AF,Ld,0.4,0.4,1,,0.03419848524266063,0.008826599922031164,115.0,1.0,9.0,0.04736269913420008
LocPop,Jazz,AF,S,0.4,0.4,1,,0.03421803684852579,0.018178199999965727,210.0,1.0,10.0,0.0
LocPop,Jazz,AE,Ld,0.4,0.4,1,,0.03421803684852579,0.007665899931453168,116.0,1.0,10.0,0.04445587426965145
LocPop,Jazz,AE,S,0.4,0.4,1,,0.03421803684852579,0.018304100027307868,210.0,1.0,10.0,0.0
Louvain,Jazz,-,-,,,2,,0.44307955614928596,0.1690196000272408,,,,
Leiden,Jazz,-,-,,,2,,0.4330981288448166,0.35549109999556094,,,,
LocPop,Jazz,B,Ld,0.2,0.2,2,,0.3187874705861385,0.008544899988919497,125.0,1.0,35.0,0.25692391607193943
LocPop,Jazz,B,S,0.2,0.2,2,,0.3229796274926967,0.01678380009252578,212.0,1.0,39.0,0.0
LocPop,Jazz,AF,Ld,0.2,0.2,2,,0.32120096337545306,0.008239699993282557,120.0,1.0,35.0,0.2741099282350514
LocPop,Jazz,AF,S,0.2,0.2,2,,0.3211264810673953,0.016547000035643578,206.0,1.0,35.0,0.0
LocPop,Jazz,AE,Ld,0.2,0.2,2,,0.3180163126894976,0.011217399965971708,138.0,1.0,36.0,0.24541849340959626
LocPop,Jazz,AE,S,0.2,0.2,2,,0.3200502782180214,0.016780999954789877,216.0,1.0,40.0,0.0
LocPop,Jazz,B,Ld,0.25,0.35,2,,0.4203493512856976,0.0054694999707862735,27.0,1.0,14.0,0.7840682287361488
LocPop,Jazz,B,S,0.25,0.35,2,,0.27360922910279145,0.01798700005747378,183.0,1.0,19.0,0.0
LocPop,Jazz,AF,Ld,0.25,0.35,2,,0.42193562494114567,0.004542500013485551,25.0,1.0,14.0,0.8042561166700494
LocPop,Jazz,AF,S,0.25,0.35,2,,0.2748214286664315,0.02178559999447316,182.0,1.0,19.0,0.0
LocPop,Jazz,AE,Ld,0.25,0.35,2,,0.4193083280264689,0.0045507000759243965,30.0,1.0,15.0,0.7752701228384453
LocPop,Jazz,AE,S,0.25,0.35,2,,0.2732033670259374,0.018042100011371076,183.0,1.0,21.0,0.0
LocPop,Jazz,B,Ld,0.4,0.4,2,,0.03421803684852579,0.008169899927452207,95.0,1.0,10.0,0.10831334830356294
LocPop,Jazz,B,S,0.4,0.4,2,,0.03421803684852579,0.017640399979427457,190.0,1.0,10.0,0.0
LocPop,Jazz,AF,Ld,0.4,0.4,2,,0.03419848524266063,0.007107799989171326,94.0,1.0,9.0,0.1110466335748934
LocPop,Jazz,AF,S,0.4,0.4,2,,0.03421803684852579,0.017309999908320606,190.0,1.0,10.0,0.0
LocPop,Jazz,AE,Ld,0.4,0.4,2,,0.03421803684852579,0.007022000034339726,95.0,1.0,10.0,0.10831334830356294
LocPop,Jazz,AE,S,0.4,0.4,2,,0.03421803684852579,0.017505600000731647,190.0,1.0,10.0,0.0
Louvain,Jazz,-,-,,,3,,0.4446760046200311,0.19360770005732775,,,,
Leiden,Jazz,-,-,,,3,,0.44451792922159067,0.39866930001880974,,,,
LocPop,Jazz,B,Ld,0.2,0.2,3,,0.32118699794269223,0.00934739992953837,103.0,1.0,37.0,0.3457333339933871
LocPop,Jazz,B,S,0.2,0.2,3,,0.31180548572839173,0.01656859996728599,195.0,1.0,39.0,0.0
LocPop,Jazz,AF,Ld,0.2,0.2,3,,0.3266146301341586,0.008697399985976517,102.0,1.0,35.0,0.3528035598472013
LocPop,Jazz,AF,S,0.2,0.2,3,,0.3193972944833614,0.01684130006469786,206.0,1.0,35.0,0.0
LocPop,Jazz,AE,Ld,0.2,0.2,3,,0.3115558369922767,0.007896499941125512,111.0,1.0,39.0,0.32013473044305635
LocPop,Jazz,AE,S,0.2,0.2,3,,0.3081553206170753,0.014773900038562715,190.0,1.0,40.0,0.0
LocPop,Jazz,B,Ld,0.25,0.35,3,,0.43021566352298124,0.0056041000643745065,55.0,1.0,15.0,0.6177540377475328
LocPop,Jazz,B,S,0.25,0.35,3,,0.2725204573639328,0.016444799955934286,182.0,1.0,19.0,0.0
LocPop,Jazz,AF,Ld,0.25,0.35,3,,0.43038803686448635,0.005878100055269897,56.0,1.0,15.0,0.6216877013589163
LocPop,Jazz,AF,S,0.25,0.35,3,,0.27395370977755856,0.019136999966576695,182.0,1.0,19.0,0.0
LocPop,Jazz,AE,Ld,0.25,0.35,3,,0.430115178909164,0.009037899901159108,54.0,1.0,15.0,0.6164300171781694
LocPop,Jazz,AE,S,0.25,0.35,3,,0.27109053005334527,0.023015399929136038,181.0,1.0,21.0,0.0
LocPop,Jazz,B,Ld,0.4,0.4,3,,0.03421803684852579,0.01344999996945262,118.0,1.0,10.0,0.035726601965200284
LocPop,Jazz,B,S,0.4,0.4,3,,0.03421803684852579,0.027723199920728803,202.0,1.0,10.0,0.0
LocPop,Jazz,AF,Ld,0.4,0.4,3,,0.03419848524266063,0.014794400078244507,117.0,1.0,9.0,0.038661021883798975
LocPop,Jazz,AF,S,0.4,0.4,3,,0.03421803684852579,0.023499000002630055,202.0,1.0,10.0,0.0
LocPop,Jazz,AE,Ld,0.4,0.4,3,,0.03421803684852579,0.007834899937734008,118.0,1.0,10.0,0.035726601965200284
LocPop,Jazz,AE,S,0.4,0.4,3,,0.03421803684852579,0.018286600010469556,202.0,1.0,10.0,0.0
Louvain,Jazz,-,-,,,4,,0.44514384661751893,0.16051339998375624,,,,
Leiden,Jazz,-,-,,,4,,0.44514384661751893,0.34756659995764494,,,,
LocPop,Jazz,B,Ld,0.2,0.2,4,,0.32118699794269223,0.01071790000423789,102.0,1.0,37.0,0.3401648254677304
LocPop,Jazz,B,S,0.2,0.2,4,,0.3189186126499688,0.01985189993865788,174.0,1.0,40.0,0.0
LocPop,Jazz,AF,Ld,0.2,0.2,4,,0.32600733331524473,0.009038700023666024,103.0,1.0,36.0,0.3467379381130014
LocPop,Jazz,AF,S,0.2,0.2,4,,0.32232139009523625,0.015905500040389597,177.0,1.0,35.0,0.0
LocPop,Jazz,AE,Ld,0.2,0.2,4,,0.31128344455137974,0.013570700073614717,111.0,1.0,39.0,0.3148280909992016
LocPop,Jazz,AE,S,0.2,0.2,4,,0.3096401786298554,0.02325819991528988,188.0,1.0,39.0,0.0
LocPop,Jazz,B,Ld,0.25,0.35,4,,0.4291197095615599,0.008474500034935772,47.0,1.0,14.0,0.6325110132806767
LocPop,Jazz,B,S,0.25,0.35,4,,0.27231603002913846,0.020760899991728365,184.0,1.0,19.0,0.0
LocPop,Jazz,AF,Ld,0.25,0.35,4,,0.43146191214173346,0.005251299939118326,45.0,1.0,14.0,0.6422208339800093
LocPop,Jazz,AF,S,0.25,0.35,4,,0.2741993683900277,0.017822899972088635,185.0,1.0,18.0,0.0
LocPop,Jazz,AE,Ld,0.25,0.35,4,,0.4290125747416661,0.005376999964937568,48.0,1.0,14.0,0.6313633181651385
LocPop,Jazz,AE,S,0.25,0.35,4,,0.27151374916805915,0.018930100020952523,182.0,1.0,20.0,0.0
LocPop,Jazz,B,Ld,0.4,0.4,4,,0.03421803684852579,0.011335700051859021,118.0,1.0,10.0,0.03907575755683471
LocPop,Jazz,B,S,0.4,0.4,4,,0.03421803684852579,0.020035600056871772,191.0,1.0,10.0,0.0
LocPop,Jazz,AF,Ld,0.4,0.4,4,,0.03419848524266063,0.009142599999904633,117.0,1.0,9.0,0.041997823060126775
LocPop,Jazz,AF,S,0.4,0.4,4,,0.03421803684852579,0.017591600073501468,191.0,1.0,10.0,0.0
LocPop,Jazz,AE,Ld,0.4,0.4,4,,0.03421803684852579,0.007995599997229874,118.0,1.0,10.0,0.03907575755683471
LocPop,Jazz,AE,S,0.4,0.4,4,,0.03421803684852579,0.01781800005119294,191.0,1.0,10.0,0.0
Louvain,Jazz,-,-,,,5,,0.4410392064229286,0.18277820001821965,,,,
Leiden,Jazz,-,-,,,5,,0.4446668938377062,0.3716693999012932,,,,
LocPop,Jazz,B,Ld,0.2,0.2,5,,0.32118699794269223,0.0074881999753415585,101.0,1.0,37.0,0.3416056475991303
LocPop,Jazz,B,S,0.2,0.2,5,,0.321287881568874,0.015607399982400239,189.0,1.0,38.0,0.0
LocPop,Jazz,AF,Ld,0.2,0.2,5,,0.3266146301341586,0.007557199918664992,100.0,1.0,35.0,0.3485763134929868
LocPop,Jazz,AF,S,0.2,0.2,5,,0.3248748032204022,0.015517499996349216,195.0,1.0,37.0,0.0
LocPop,Jazz,AE,Ld,0.2,0.2,5,,0.3115558369922767,0.009120299946516752,109.0,1.0,39.0,0.31635589035558165
LocPop,Jazz,AE,S,0.2,0.2,5,,0.2978385899222245,0.01644869998563081,185.0,1.0,41.0,0.0
LocPop,Jazz,B,Ld,0.25,0.35,5,,0.42921095038893065,0.005930999992415309,51.0,1.0,13.0,0.6438574592415277
LocPop,Jazz,B,S,0.25,0.35,5,,0.2705770011401113,0.01765749999321997,180.0,1.0,21.0,0.0
LocPop,Jazz,AF,Ld,0.25,0.35,5,,0.43470355509376524,0.005937699927017093,45.0,1.0,14.0,0.7102477058282053
LocPop,Jazz,AF,S,0.25,0.35,5,,0.27231270492610027,0.01771239994559437,181.0,1.0,20.0,0.0
LocPop,Jazz,AE,Ld,0.25,0.35,5,,0.42900991465923544,0.0067875999957323074,49.0,1.0,13.0,0.6375137661382259
LocPop,Jazz,AE,S,0.25,0.35,5,,0.2699066603675914,0.01780589995905757,180.0,1.0,21.0,0.0
LocPop,Jazz,B,Ld,0.4,0.4,5,,0.03421803684852579,0.010158099932596087,116.0,1.0,10.0,0.038544986640895285
LocPop,Jazz,B,S,0.4,0.4,5,,0.03421803684852579,0.017863099928945303,190.0,1.0,10.0,0.0
LocPop,Jazz,AF,Ld,0.4,0.4,5,,0.03419848524266063,0.009030000073835254,115.0,1.0,9.0,0.041468202205902166
LocPop,Jazz,AF,S,0.4,0.4,5,,0.03421803684852579,0.017226099967956543,190.0,1.0,10.0,0.0
LocPop,Jazz,AE,Ld,0.4,0.4,5,,0.03421803684852579,0.009397099958732724,116.0,1.0,10.0,0.038544986640895285
LocPop,Jazz,AE,S,0.4,0.4,5,,0.03421803684852579,0.017943299957551062,190.0,1.0,10.0,0.0
Louvain,Jazz,-,-,,,6,,0.4367580697590657,0.1556235000025481,,,,
Leiden,Jazz,-,-,,,6,,0.441564838711222,0.35982720006722957,,,,
LocPop,Jazz,B,Ld,0.2,0.2,6,,0.31880176852920317,0.009840199956670403,121.0,1.0,36.0,0.2640368270588746
LocPop,Jazz,B,S,0.2,0.2,6,,0.31651635870892364,0.01680539990775287,191.0,1.0,38.0,0.0
LocPop,Jazz,AF,Ld,0.2,0.2,6,,0.3241429480416739,0.00915789999999106,119.0,1.0,35.0,0.27448882166314964
LocPop,Jazz,AF,S,0.2,0.2,6,,0.32487287466063997,0.015918100019916892,192.0,1.0,37.0,0.0
LocPop,Jazz,AE,Ld,0.2,0.2,6,,0.31287856298090966,0.00928820006083697,125.0,1.0,38.0,0.2559069639538781
LocPop,Jazz,AE,S,0.2,0.2,6,,0.3006805554890535,0.016499799909070134,191.0,1.0,40.0,0.0
LocPop,Jazz,B,Ld,0.25,0.35,6,,0.43047954370010016,0.0060743000358343124,30.0,1.0,14.0,0.74074791391912
LocPop,Jazz,B,S,0.25,0.35,6,,0.2725370828791242,0.017500300076790154,182.0,1.0,19.0,0.0
LocPop,Jazz,AF,Ld,0.25,0.35,6,,0.4303869728315141,0.005475800018757582,29.0,1.0,14.0,0.746640259064522
LocPop,Jazz,AF,S,0.25,0.35,6,,0.2754849862287532,0.018484800006262958,182.0,1.0,18.0,0.0
LocPop,Jazz,AE,Ld,0.25,0.35,6,,0.4301125188267334,0.004899999941699207,33.0,1.0,14.0,0.7327877876712525
LocPop,Jazz,AE,S,0.25,0.35,6,,0.2738575477976911,0.017242800095118582,182.0,1.0,19.0,0.0
LocPop,Jazz,B,Ld,0.4,0.4,6,,0.03421803684852579,0.008386999950744212,100.0,1.0,10.0,0.09712766706325573
LocPop,Jazz,B,S,0.4,0.4,6,,0.03421803684852579,0.01732300000730902,190.0,1.0,10.0,0.0
LocPop,Jazz,AF,Ld,0.4,0.4,6,,0.03419848524266063,0.00848519999999553,99.0,1.0,9.0,0.09987706385965271
LocPop,Jazz,AF,S,0.4,0.4,6,,0.03421803684852579,0.01748740009497851,190.0,1.0,10.0,0.0
LocPop,Jazz,AE,Ld,0.4,0.4,6,,0.03421803684852579,0.008581300033256412,100.0,1.0,10.0,0.09712766706325573
LocPop,Jazz,AE,S,0.4,0.4,6,,0.03421803684852579,0.017332499963231385,190.0,1.0,10.0,0.0
Louvain,Jazz,-,-,,,7,,0.44514384661751893,0.16840699990279973,,,,
Leiden,Jazz,-,-,,,7,,0.43916843695152424,0.3368284999160096,,,,
LocPop,Jazz,B,Ld,0.2,0.2,7,,0.322159856589636,0.008901000022888184,106.0,1.0,37.0,0.33112546452629404
LocPop,Jazz,B,S,0.2,0.2,7,,0.3092714247029087,0.01725899998564273,204.0,1.0,41.0,0.0
LocPop,Jazz,AF,Ld,0.2,0.2,7,,0.3237049654694699,0.008994499919936061,107.0,1.0,36.0,0.34250288411032753
LocPop,Jazz,AF,S,0.2,0.2,7,,0.3215925940113032,0.017108900006860495,211.0,1.0,37.0,0.0
LocPop,Jazz,AE,Ld,0.2,0.2,7,,0.31128344455137974,0.009589200024493039,116.0,1.0,39.0,0.3094312362960622
LocPop,Jazz,AE,S,0.2,0.2,7,,0.3062743763303737,0.016967899980954826,209.0,1.0,39.0,0.0
LocPop,Jazz,B,Ld,0.25,0.35,7,,0.43021300344055063,0.0058253000024706125,42.0,1.0,14.0,0.6751431753274855
LocPop,Jazz,B,S,0.25,0.35,7,,0.27427278666511323,0.018291400047019124,185.0,1.0,18.0,0.0
LocPop,Jazz,AF,Ld,0.25,0.35,7,,0.4303869728315141,0.005389000056311488,42.0,1.0,14.0,0.6774341482417781
LocPop,Jazz,AF,S,0.25,0.35,7,,0.2754849862287532,0.017156300018541515,184.0,1.0,18.0,0.0
LocPop,Jazz,AE,Ld,0.25,0.35,7,,0.430115178909164,0.0050137999933212996,44.0,1.0,15.0,0.6739073324395911
LocPop,Jazz,AE,S,0.25,0.35,7,,0.2738669245882591,0.017552200006321073,185.0,1.0,20.0,0.0
LocPop,Jazz,B,Ld,0.4,0.4,7,,0.03421803684852579,0.008417399949394166,117.0,1.0,10.0,0.0464594715306845
LocPop,Jazz,B,S,0.4,0.4,7,,0.03421803684852579,0.017455299966968596,190.0,1.0,10.0,0.0
LocPop,Jazz,AF,Ld,0.4,0.4,7,,0.03419848524266063,0.007681800052523613,116.0,1.0,9.0,0.0493725490042961
LocPop,Jazz,AF,S,0.4,0.4,7,,0.03421803684852579,0.0178785000462085,190.0,1.0,10.0,0.0
LocPop,Jazz,AE,Ld,0.4,0.4,7,,0.03421803684852579,0.009019399993121624,117.0,1.0,10.0,0.0464594715306845
LocPop,Jazz,AE,S,0.4,0.4,7,,0.03421803684852579,0.01799079996999353,190.0,1.0,10.0,0.0
Louvain,Jazz,-,-,,,8,,0.4402112557663937,0.16302450001239777,,,,
Leiden,Jazz,-,-,,,8,,0.4446760046200311,0.384405400021933,,,,
LocPop,Jazz,B,Ld,0.2,0.2,8,,0.32219197708498587,0.008094299933873117,102.0,1.0,36.0,0.342648433734282
LocPop,Jazz,B,S,0.2,0.2,8,,0.32748480959927984,0.0174737999914214,183.0,1.0,36.0,0.0
LocPop,Jazz,AF,Ld,0.2,0.2,8,,0.3266146301341586,0.008263199939392507,99.0,1.0,35.0,0.3488860686977755
LocPop,Jazz,AF,S,0.2,0.2,8,,0.3272271141138121,0.015311499941162765,187.0,1.0,36.0,0.0
LocPop,Jazz,AE,Ld,0.2,0.2,8,,0.3118694607108485,0.008094999939203262,109.0,1.0,39.0,0.3177015849190587
LocPop,Jazz,AE,S,0.2,0.2,8,,0.3079010167367066,0.014867199934087694,176.0,1.0,42.0,0.0
LocPop,Jazz,B,Ld,0.25,0.35,8,,0.42911704947912926,0.005117400083690882,48.0,1.0,13.0,0.6501278427865114
LocPop,Jazz,B,S,0.25,0.35,8,,0.27427278666511323,0.020169700030237436,228.0,1.0,18.0,0.0
LocPop,Jazz,AF,Ld,0.25,0.35,8,,0.4303869728315141,0.005500299972482026,49.0,1.0,14.0,0.6531927831695079
LocPop,Jazz,AF,S,0.25,0.35,8,,0.27520235247049835,0.02020609995815903,225.0,1.0,19.0,0.0
LocPop,Jazz,AE,Ld,0.25,0.35,8,,0.4301125188267334,0.0052909000078216195,50.0,1.0,14.0,0.649095435884471
LocPop,Jazz,AE,S,0.25,0.35,8,,0.27323728307692796,0.01992900006007403,228.0,1.0,21.0,0.0
LocPop,Jazz,B,Ld,0.4,0.4,8,,0.03421803684852579,0.008472000015899539,117.0,1.0,10.0,0.038133329152769874
LocPop,Jazz,B,S,0.4,0.4,8,,0.03421803684852579,0.018628700054250658,193.0,1.0,10.0,0.0
LocPop,Jazz,AF,Ld,0.4,0.4,8,,0.03419848524266063,0.0076388000743463635,116.0,1.0,9.0,0.04105835571143921
LocPop,Jazz,AF,S,0.4,0.4,8,,0.03421803684852579,0.017206500051543117,193.0,1.0,10.0,0.0
LocPop,Jazz,AE,Ld,0.4,0.4,8,,0.03421803684852579,0.007657399983145297,117.0,1.0,10.0,0.038133329152769874
LocPop,Jazz,AE,S,0.4,0.4,8,,0.03421803684852579,0.016663099988363683,193.0,1.0,10.0,0.0
Louvain,Jazz,-,-,,,9,,0.4422084456553139,0.14445659995544702,,,,
Leiden,Jazz,-,-,,,9,,0.4446152882385519,0.3752311000134796,,,,
LocPop,Jazz,B,Ld,0.2,0.2,9,,0.32118699794269223,0.007648400031030178,105.0,1.0,37.0,0.3235925671313354
LocPop,Jazz,B,S,0.2,0.2,9,,0.31678516003853924,0.016426100046373904,192.0,1.0,41.0,0.0
LocPop,Jazz,AF,Ld,0.2,0.2,9,,0.3237049654694699,0.008276800042949617,106.0,1.0,36.0,0.3355188126553879
LocPop,Jazz,AF,S,0.2,0.2,9,,0.3053285175201009,0.015864499961026013,185.0,1.0,35.0,0.0
LocPop,Jazz,AE,Ld,0.2,0.2,9,,0.31128344455137974,0.008995599928312004,114.0,1.0,39.0,0.2986821004191952
LocPop,Jazz,AE,S,0.2,0.2,9,,0.2949942302812079,0.015903300023637712,197.0,1.0,41.0,0.0
LocPop,Jazz,B,Ld,0.25,0.35,9,,0.4291197095615599,0.005727699957787991,47.0,1.0,14.0,0.6255050105845877
LocPop,Jazz,B,S,0.25,0.35,9,,0.27427278666511323,0.02081060002092272,226.0,1.0,18.0,0.0
LocPop,Jazz,AF,Ld,0.25,0.35,9,,0.43146191214173346,0.005452600074931979,45.0,1.0,14.0,0.6346168149590401
LocPop,Jazz,AF,S,0.25,0.35,9,,0.2752043475323213,0.020635700086131692,223.0,1.0,19.0,0.0
LocPop,Jazz,AE,Ld,0.25,0.35,9,,0.4290125747416661,0.0052065999479964375,48.0,1.0,14.0,0.6243809891162362
LocPop,Jazz,AE,S,0.25,0.35,9,,0.176694379405429,0.018954999977722764,204.0,1.0,22.0,0.0
LocPop,Jazz,B,Ld,0.4,0.4,9,,0.03421803684852579,0.008719800040125847,118.0,1.0,10.0,0.03509432488466428
LocPop,Jazz,B,S,0.4,0.4,9,,0.03421803684852579,0.017356700031086802,191.0,1.0,10.0,0.0
LocPop,Jazz,AF,Ld,0.4,0.4,9,,0.03419848524266063,0.008911499986425042,117.0,1.0,9.0,0.0380071790098519
LocPop,Jazz,AF,S,0.4,0.4,9,,0.03421803684852579,0.017209199955686927,191.0,1.0,10.0,0.0
LocPop,Jazz,AE,Ld,0.4,0.4,9,,0.03421803684852579,0.008626399911008775,118.0,1.0,10.0,0.03509432488466428
LocPop,Jazz,AE,S,0.4,0.4,9,,0.03421803684852579,0.01725919998716563,191.0,1.0,10.0,0.0
Louvain,Random-25,-,-,,,0,0.9070120781473012,0.8531858732333188,0.062046200037002563,,,,
Leiden,Random-25,-,-,,,0,0.9150460593654043,0.853208148172898,0.10164870007429272,,,,
LocPop,Random-25,B,Ld,0.2,0.2,0,0.9396577879292678,0.8363200314819146,0.006542099989019334,36.0,1.0,32.0,0.8581462195638844
LocPop,Random-25,B,S,0.2,0.2,0,0.8987326254093719,0.8232149420294697,0.028060899931006134,243.0,1.0,36.0,0.0
LocPop,Random-25,B,P,0.2,0.2,0,0.9158122308454713,0.8230775799020644,0.023593799909576774,239.0,1.0,35.0,-0.003037135355385409
LocPop,Random-25,AF,Ld,0.2,0.2,0,0.9317074001146249,0.8321100679014408,0.00781400001142174,36.0,1.0,30.0,0.8514758508049384
LocPop,Random-25,AF,S,0.2,0.2,0,0.9047764549883255,0.8209855918265822,0.027471099980175495,247.0,1.0,33.0,0.0
LocPop,Random-25,AF,P,0.2,0.2,0,0.9214196647115873,0.823003330103467,0.02514559996780008,242.0,1.0,34.0,-0.0023784233131667666
LocPop,Random-25,AE,Ld,0.2,0.2,0,0.9319865867762351,0.8270685065766759,0.007548700086772442,41.0,1.0,36.0,0.8499990937145372
LocPop,Random-25,AE,S,0.2,0.2,0,0.8596392333709132,0.7921543950312034,0.025523999938741326,232.0,1.0,38.0,0.0
LocPop,Random-25,AE,P,0.2,0.2,0,0.9003941408318137,0.817965481268632,0.022568300017155707,240.0,1.0,37.0,-0.0028942878992881936
LocPop,Random-25,B,Ld,0.25,0.35,0,0.5627617772788117,0.7389395643764316,0.009908600011840463,78.0,1.0,22.0,0.5908563044614022
LocPop,Random-25,B,S,0.25,0.35,0,0.47462189081975165,0.7100433990072802,0.03336590004619211,273.0,1.0,19.0,0.0
LocPop,Random-25,B,P,0.25,0.35,0,0.4850746563360147,0.7014322786149443,0.023289799923077226,244.0,1.0,20.0,0.0019429207785899608
LocPop,Random-25,AF,Ld,0.25,0.35,0,0.539967121087263,0.7323146260965767,0.01053410000167787,84.0,1.0,21.0,0.5696868511987947
LocPop,Random-25,AF,S,0.25,0.35,0,0.47317065211183723,0.6726419192087941,0.032997500034980476,261.0,1.0,22.0,0.0
LocPop,Random-25,AF,P,0.25,0.35,0,0.5146974853253546,0.7420858995919973,0.02886179997585714,257.0,1.0,17.0,-0.0003045322004735476
LocPop,Random-25,AE,Ld,0.25,0.35,0,0.5887625050155313,0.7267106225474363,0.008789999992586672,63.0,1.0,22.0,0.6201313601975728
LocPop,Random-25,AE,S,0.25,0.35,0,0.5060632051197467,0.665044308567313,0.0318453999934718,266.0,1.0,22.0,0.0
LocPop,Random-25,AE,P,0.25,0.35,0,0.5344201537575439,0.7006433745048466,0.02472339989617467,263.0,1.0,21.0,-0.0018280620038564595
LocPop,Random-25,B,Ld,0.4,0.4,0,0.22196200616972717,0.6181184358537428,0.01864000002387911,190.0,1.0,14.0,0.23275409197147037
LocPop,Random-25,B,S,0.4,0.4,0,0.19955403108134417,0.5959957083616411,0.045695000095292926,373.0,1.0,14.0,0.0
LocPop,Random-25,B,P,0.4,0.4,0,0.19663322043518688,0.6014474998236568,0.02361089992336929,243.0,1.0,12.0,-0.005758178891905315
LocPop,Random-25,AF,Ld,0.4,0.4,0,0.2078984053247319,0.6060324248870474,0.019128500018268824,188.0,1.0,14.0,0.21828334799782062
LocPop,Random-25,AF,S,0.4,0.4,0,0.1863638201637081,0.5847617138338512,0.041411800077185035,336.0,1.0,12.0,0.0
LocPop,Random-25,AF,P,0.4,0.4,0,0.19554229117748176,0.6110220113527942,0.022889800020493567,240.0,1.0,11.0,-0.0042060757678831365
LocPop,Random-25,AE,Ld,0.4,0.4,0,0.22240058038208488,0.6372897338515969,0.019320599967613816,189.0,1.0,14.0,0.23514541305607778
LocPop,Random-25,AE,S,0.4,0.4,0,0.22131857251415404,0.6221687623672321,0.042470999993383884,341.0,1.0,13.0,0.0
LocPop,Random-25,AE,P,0.4,0.4,0,0.20478216450784958,0.6025816654972324,0.022970200050622225,242.0,1.0,13.0,-0.0042410278892002495
Louvain,Random-25,-,-,,,1,0.9150460593654043,0.853208148172898,0.06277369998861104,,,,
Leiden,Random-25,-,-,,,1,0.9076675868320218,0.8533640727499526,0.09611689997836947,,,,
LocPop,Random-25,B,Ld,0.2,0.2,1,0.9396577879292678,0.8363200314819146,0.00620339997112751,31.0,1.0,32.0,0.8642460732831317
LocPop,Random-25,B,S,0.2,0.2,1,0.9150540086905159,0.8175849510508202,0.025399100035429,236.0,1.0,37.0,0.0
LocPop,Random-25,B,P,0.2,0.2,1,0.9278694452707156,0.8253292050445312,0.025835699983872473,251.0,1.0,36.0,-0.006439082430753617
LocPop,Random-25,AF,Ld,0.2,0.2,1,0.9361415656857088,0.8320618055323524,0.006752100074663758,34.0,1.0,30.0,0.8609243620386846
LocPop,Random-25,AF,S,0.2,0.2,1,0.9159687068568799,0.8167496408165993,0.02669720002450049,234.0,1.0,35.0,0.0
LocPop,Random-25,AF,P,0.2,0.2,1,0.91055624340808,0.8224891502481799,0.02369389997329563,251.0,1.0,33.0,-0.008621084972715184
LocPop,Random-25,AE,Ld,0.2,0.2,1,0.9289015016869941,0.8271965874792564,0.006620300002396107,36.0,1.0,36.0,0.8530949468334292
LocPop,Random-25,AE,S,0.2,0.2,1,0.8984051908542092,0.8087362313029726,0.027235499932430685,231.0,1.0,39.0,0.0
LocPop,Random-25,AE,P,0.2,0.2,1,0.9237226127829451,0.8234673913447009,0.023477400070987642,248.0,1.0,37.0,-0.006181330742169437
LocPop,Random-25,B,Ld,0.25,0.35,1,0.5871372846612651,0.6980557690237265,0.009064699988812208,55.0,1.0,23.0,0.639210130868018
LocPop,Random-25,B,S,0.25,0.35,1,0.44741667995535,0.6895077609601984,0.03522259998135269,276.0,1.0,21.0,0.0
LocPop,Random-25,B,P,0.25,0.35,1,0.4537850513591175,0.6595386860013143,0.023032099939882755,244.0,1.0,21.0,-0.006762559038213826
LocPop,Random-25,AF,Ld,0.25,0.35,1,0.5822897069522952,0.7265695479301012,0.009776700055226684,76.0,1.0,18.0,0.6457590363675835
LocPop,Random-25,AF,S,0.25,0.35,1,0.41122420232170076,0.6971387840110483,0.033461299957707524,272.0,1.0,19.0,0.0
LocPop,Random-25,AF,P,0.25,0.35,1,0.45279373926196287,0.6691261912452062,0.0233484999043867,249.0,1.0,21.0,-0.007077856420626896
LocPop,Random-25,AE,Ld,0.25,0.35,1,0.6349816189018147,0.7094679630681502,0.006978899938985705,44.0,1.0,22.0,0.6899110594241742
LocPop,Random-25,AE,S,0.25,0.35,1,0.4594010862444261,0.6723820449137031,0.03735750005580485,263.0,1.0,24.0,0.0
LocPop,Random-25,AE,P,0.25,0.35,1,0.4430293557159069,0.6241159633354495,0.022578699979931116,245.0,1.0,24.0,-0.009798085776074342
LocPop,Random-25,B,Ld,0.4,0.4,1,0.21906687911100217,0.609212172511982,0.019579500076361,191.0,1.0,13.0,0.24699913783140107
LocPop,Random-25,B,S,0.4,0.4,1,0.2177188232313636,0.6219738566459138,0.03819269989617169,301.0,1.0,11.0,0.0
LocPop,Random-25,B,P,0.4,0.4,1,0.22190315649764147,0.6209714843648486,0.02639060001820326,291.0,1.0,11.0,0.00022120676483058225
LocPop,Random-25,AF,Ld,0.4,0.4,1,0.2056736874943394,0.6024814282691258,0.02153240004554391,201.0,1.0,13.0,0.2307126569813623
LocPop,Random-25,AF,S,0.4,0.4,1,0.20692155958164604,0.6051729834682823,0.03924469999037683,320.0,1.0,10.0,0.0
LocPop,Random-25,AF,P,0.4,0.4,1,0.2003259145071081,0.5870875887749155,0.024064900004304945,277.0,1.0,14.0,-0.0029617920994097933
LocPop,Random-25,AE,Ld,0.4,0.4,1,0.23856623628060394,0.6373417087106151,0.019178400048986077,182.0,1.0,12.0,0.2779459054970737
LocPop,Random-25,AE,S,0.4,0.4,1,0.20842456324200048,0.5906979852317151,0.042558199958875775,320.0,1.0,12.0,0.0
LocPop,Random-25,AE,P,0.4,0.4,1,0.19801894884438684,0.5906719978022059,0.025115199969150126,268.0,1.0,13.0,-0.007433837669738641
Louvain,Random-25,-,-,,,2,0.9150460593654043,0.853208148172898,0.05187800002750009,,,,
Leiden,Random-25,-,-,,,2,0.9076675868320218,0.8533640727499526,0.09569869993720204,,,,
LocPop,Random-25,B,Ld,0.2,0.2,2,0.9396577879292678,0.8363200314819146,0.008725299965590239,31.0,1.0,32.0,0.8642460732831317
LocPop,Random-25,B,S,0.2,0.2,2,0.9105222980414552,0.8232409294589789,0.02694170002359897,236.0,1.0,36.0,0.0
LocPop,Random-25,B,P,0.2,0.2,2,0.902957857080534,0.8193706587070883,0.022649599937722087,247.0,1.0,35.0,0.0010935636797254457
LocPop,Random-25,AF,Ld,0.2,0.2,2,0.953004325866872,0.8399267154487843,0.006558699999004602,32.0,1.0,30.0,0.8764720294216669
LocPop,Random-25,AF,S,0.2,0.2,2,0.898437993692229,0.8165900037496148,0.0276140000205487,236.0,1.0,34.0,0.0
LocPop,Random-25,AF,P,0.2,0.2,2,0.8878098586238303,0.8152423699050716,0.02275589993223548,246.0,1.0,35.0,0.0028077991843459393
LocPop,Random-25,AE,Ld,0.2,0.2,2,0.9289015016869941,0.8271965874792564,0.0065299998968839645,36.0,1.0,36.0,0.8530949468334292
LocPop,Random-25,AE,S,0.2,0.2,2,0.9141259171233808,0.8181529620100905,0.026230799965560436,234.0,1.0,38.0,0.0
LocPop,Random-25,AE,P,0.2,0.2,2,0.8994176128007529,0.8120310661157332,0.024606900056824088,248.0,1.0,38.0,3.529619389375846e-05
LocPop,Random-25,B,Ld,0.25,0.35,2,0.5927192137746099,0.7038324033546058,0.008614800055511296,60.0,1.0,22.0,0.632003190481645
LocPop,Random-25,B,S,0.25,0.35,2,0.5053956105431284,0.7262205738766934,0.03210060007404536,268.0,1.0,19.0,0.0
LocPop,Random-25,B,P,0.25,0.35,2,0.48066298342541436,0.6895968607185152,0.02632529998663813,262.0,1.0,21.0,-0.004834254143646409
LocPop,Random-25,AF,Ld,0.25,0.35,2,0.5108082488993744,0.7033330734590383,0.010121100000105798,83.0,1.0,22.0,0.5787153239611204
LocPop,Random-25,AF,S,0.25,0.35,2,0.4814355550256349,0.7061285783762311,0.030923399957828224,268.0,1.0,20.0,0.0
LocPop,Random-25,AF,P,0.25,0.35,2,0.48679412494054614,0.696344311166056,0.023864699993282557,262.0,1.0,21.0,-0.003130221270056791
LocPop,Random-25,AE,Ld,0.25,0.35,2,0.6095482798360129,0.7098354995712074,0.008592099999077618,53.0,1.0,23.0,0.6635647836220688
LocPop,Random-25,AE,S,0.25,0.35,2,0.5354189808911691,0.7117567131099157,0.03154530003666878,265.0,1.0,22.0,0.0
LocPop,Random-25,AE,P,0.25,0.35,2,0.4779874213836478,0.6785113657879203,0.026516999932937324,269.0,1.0,24.0,-0.0078098486951999405
LocPop,Random-25,B,Ld,0.4,0.4,2,0.20315908251526796,0.6102052635682226,0.01909489999525249,194.0,1.0,14.0,0.23967085372198596
LocPop,Random-25,B,S,0.4,0.4,2,0.19600568222783862,0.5894431636354186,0.038162500015459955,320.0,1.0,12.0,0.0
LocPop,Random-25,B,P,0.4,0.4,2,0.23482610023992803,0.6271008052390658,0.027957299957051873,305.0,1.0,11.0,0.0018160181345434423
LocPop,Random-25,AF,Ld,0.4,0.4,2,0.2027380503814376,0.633083482761053,0.027433900046162307,228.0,1.0,11.0,0.2272258962743745
LocPop,Random-25,AF,S,0.4,0.4,2,0.1962300243095684,0.5989285754062392,0.039079700014553964,313.0,1.0,12.0,0.0
LocPop,Random-25,AF,P,0.4,0.4,2,0.22211524399161509,0.6358103066145433,0.026450000004842877,264.0,1.0,12.0,0.002608102179105933
LocPop,Random-25,AE,Ld,0.4,0.4,2,0.2318806031143312,0.6394801029102208,0.0198092000791803,203.0,1.0,13.0,0.2610736434703329
LocPop,Random-25,AE,S,0.4,0.4,2,0.22189406908720447,0.5979187781453142,0.03644430008716881,290.0,1.0,13.0,0.0
LocPop,Random-25,AE,P,0.4,0.4,2,0.23341520710781427,0.6257457464146629,0.0279918999876827,297.0,1.0,11.0,0.0016446135693468015
Louvain,Random-25,-,-,,,3,0.910907157934743,0.8532935354412851,0.061050300020724535,,,,
Leiden,Random-25,-,-,,,3,0.9150460593654043,0.853208148172898,0.10101980005856603,,,,
LocPop,Random-25,B,Ld,0.2,0.2,3,0.9396577879292678,0.8363200314819146,0.007276599993929267,35.0,1.0,32.0,0.8581462195638844
LocPop,Random-25,B,S,0.2,0.2,3,0.9031425739903477,0.8156822999617613,0.029195500072091818,241.0,1.0,37.0,0.0
LocPop,Random-25,B,P,0.2,0.2,3,0.9244040678280745,0.8290973823233504,0.02272190002258867,240.0,1.0,34.0,0.00569681570047048
LocPop,Random-25,AF,Ld,0.2,0.2,3,0.9486179028016789,0.8400269526768909,0.006307999952696264,32.0,1.0,30.0,0.8669589834143835
LocPop,Random-25,AF,S,0.2,0.2,3,0.9154538077726558,0.8247816127798753,0.0279103999491781,241.0,1.0,33.0,0.0
LocPop,Random-25,AF,P,0.2,0.2,3,0.9244040678280745,0.8290973823233504,0.022806100081652403,240.0,1.0,34.0,0.00569681570047048
LocPop,Random-25,AE,Ld,0.2,0.2,3,0.9319865867762351,0.8270685065766759,0.0067963000619784,39.0,1.0,36.0,0.8499990937145372
LocPop,Random-25,AE,S,0.2,0.2,3,0.8904721609098817,0.8141824540300934,0.028516100021079183,237.0,1.0,38.0,0.0
LocPop,Random-25,AE,P,0.2,0.2,3,0.9104872065324311,0.8088847309001674,0.023303900030441582,239.0,1.0,38.0,0.006506358217091931
LocPop,Random-25,B,Ld,0.25,0.35,3,0.5793974569879906,0.7301149758131281,0.00961700000334531,68.0,1.0,22.0,0.6071539292060757
LocPop,Random-25,B,S,0.25,0.35,3,0.44762123825953615,0.685227260071057,0.033112999983131886,258.0,1.0,22.0,0.0
LocPop,Random-25,B,P,0.25,0.35,3,0.5071927222224505,0.6873192481465394,0.025253500090911984,247.0,1.0,19.0,0.008587711765165118
LocPop,Random-25,AF,Ld,0.25,0.35,3,0.5778743751358401,0.7391790199769083,0.00868369999807328,73.0,1.0,22.0,0.6066297138654718
LocPop,Random-25,AF,S,0.25,0.35,3,0.43972400381458143,0.6966765790147794,0.034474599990062416,258.0,1.0,20.0,0.0
LocPop,Random-25,AF,P,0.25,0.35,3,0.47340821545333894,0.6823946302545654,0.0243056999752298,257.0,1.0,18.0,0.007267018418411938
LocPop,Random-25,AE,Ld,0.25,0.35,3,0.5786422797890151,0.7177839405110613,0.00884240004234016,65.0,1.0,22.0,0.6070823015032747
LocPop,Random-25,AE,S,0.25,0.35,3,0.49259927481651455,0.653238590590323,0.0313865999924019,258.0,1.0,23.0,0.0
LocPop,Random-25,AE,P,0.25,0.35,3,0.4657160317783663,0.684479193350188,0.023548000026494265,257.0,1.0,21.0,0.009207577918109595
LocPop,Random-25,B,Ld,0.4,0.4,3,0.2094167196281605,0.6082487813751805,0.02056790003553033,189.0,1.0,14.0,0.21980749390464957
LocPop,Random-25,B,S,0.4,0.4,3,0.19575929491609897,0.5889419774948861,0.040352099924348295,323.0,1.0,12.0,0.0
LocPop,Random-25,B,P,0.4,0.4,3,0.2332798725552458,0.6339317867100286,0.024281200021505356,267.0,1.0,11.0,0.0031387576289247927
LocPop,Random-25,AF,Ld,0.4,0.4,3,0.2078984053247319,0.6060324248870474,0.0184859000146389,188.0,1.0,14.0,0.21828334799782062
LocPop,Random-25,AF,S,0.4,0.4,3,0.18566634426565842,0.5888380277768497,0.0383420999860391,307.0,1.0,13.0,0.0
LocPop,Random-25,AF,P,0.4,0.4,3,0.22229594941844738,0.6191894891985106,0.027451699948869646,263.0,1.0,11.0,0.003753043007844198
LocPop,Random-25,AE,Ld,0.4,0.4,3,0.226862179136908,0.622486180256236,0.020146499969996512,198.0,1.0,15.0,0.21062297035054187
LocPop,Random-25,AE,S,0.4,0.4,3,0.21415986392484165,0.5970481992567596,0.04108960006851703,315.0,1.0,12.0,0.0
LocPop,Random-25,AE,P,0.4,0.4,3,0.23268002147293285,0.6554456658536314,0.02601379994302988,286.0,1.0,13.0,0.0019733031184554764
Louvain,Random-25,-,-,,,4,0.910907157934743,0.8532935354412851,0.0704765000846237,,,,
Leiden,Random-25,-,-,,,4,0.9044099799100341,0.85343832254855,0.09486429998651147,,,,
LocPop,Random-25,B,Ld,0.2,0.2,4,0.9356297143119762,0.8325704166527448,0.007772300043143332,35.0,1.0,33.0,0.8559002361408385
LocPop,Random-25,B,S,0.2,0.2,4,0.9233726041237234,0.8211860662827952,0.026144800009205937,231.0,1.0,36.0,0.0
LocPop,Random-25,B,P,0.2,0.2,4,0.8973019251857456,0.8100318902884975,0.021429299958981574,240.0,1.0,37.0,-0.00021110778811815
LocPop,Random-25,AF,Ld,0.2,0.2,4,0.953004325866872,0.8399267154487843,0.0063662000466138124,31.0,1.0,30.0,0.8721953127637525
LocPop,Random-25,AF,S,0.2,0.2,4,0.9235401817072187,0.8227638745029904,0.026601699995808303,234.0,1.0,34.0,0.0
LocPop,Random-25,AF,P,0.2,0.2,4,0.8878098586238303,0.8152423699050716,0.022506700013764203,246.0,1.0,35.0,-0.0029702338479031427
LocPop,Random-25,AE,Ld,0.2,0.2,4,0.9319865867762351,0.8270685065766759,0.0074165998958051205,38.0,1.0,36.0,0.8516861832062514
LocPop,Random-25,AE,S,0.2,0.2,4,0.9241472833937678,0.8257579976314314,0.02786899998318404,244.0,1.0,37.0,0.0
LocPop,Random-25,AE,P,0.2,0.2,4,0.8887103728949716,0.8064307750565226,0.02585089998319745,249.0,1.0,38.0,-0.0006261185963129884
LocPop,Random-25,B,Ld,0.25,0.35,4,0.5544861927262505,0.7017422715240885,0.008181100012734532,65.0,1.0,22.0,0.6130080817139687
LocPop,Random-25,B,S,0.25,0.35,4,0.49182714978214537,0.7517346609197323,0.03371109999716282,284.0,1.0,19.0,0.0
LocPop,Random-25,B,P,0.25,0.35,4,0.5025984671829113,0.7281157999858925,0.023100099992007017,234.0,1.0,18.0,0.005196934365822795
LocPop,Random-25,AF,Ld,0.25,0.35,4,0.5169340011411906,0.7015102409034716,0.01039499999023974,83.0,1.0,22.0,0.5775660946155767
LocPop,Random-25,AF,S,0.25,0.35,4,0.46349881546181854,0.722862626735125,0.03435320011340082,285.0,1.0,18.0,0.0
LocPop,Random-25,AF,P,0.25,0.35,4,0.5138797660379719,0.7465093313434388,0.020802199956960976,227.0,1.0,18.0,0.005043633292671484
LocPop,Random-25,AE,Ld,0.25,0.35,4,0.5746684161997305,0.7317410464024117,0.009858399978838861,68.0,1.0,22.0,0.6428262433917344
LocPop,Random-25,AE,S,0.25,0.35,4,0.5159335345174694,0.693636049762215,0.033181400038301945,271.0,1.0,20.0,0.0
LocPop,Random-25,AE,P,0.25,0.35,4,0.5005049219628739,0.7065183898188676,0.022371699917130172,236.0,1.0,19.0,0.004417040910994163
LocPop,Random-25,B,Ld,0.4,0.4,4,0.21906687911100217,0.609212172511982,0.01892610010690987,191.0,1.0,13.0,0.2432547365490226
LocPop,Random-25,B,S,0.4,0.4,4,0.2177188232313636,0.6219738566459138,0.04039600002579391,307.0,1.0,11.0,0.0
LocPop,Random-25,B,P,0.4,0.4,4,0.19468179352913587,0.5794157283348369,0.02296920004300773,260.0,1.0,14.0,-0.00011966640095578713
LocPop,Random-25,AF,Ld,0.4,0.4,4,0.21906687911100217,0.609212172511982,0.018389099976047873,190.0,1.0,13.0,0.2432547365490226
LocPop,Random-25,AF,S,0.4,0.4,4,0.19192708009058065,0.6203292236069811,0.038630800088867545,297.0,1.0,11.0,0.0
LocPop,Random-25,AF,P,0.4,0.4,4,0.20193531079941748,0.5962073202876437,0.023978599929250777,266.0,1.0,14.0,-0.0003640683682072507
LocPop,Random-25,AE,Ld,0.4,0.4,4,0.23856623628060394,0.6373417087106151,0.018732500029727817,182.0,1.0,12.0,0.2742077180942966
LocPop,Random-25,AE,S,0.4,0.4,4,0.21753805621840924,0.5793043536369408,0.041718399967066944,320.0,1.0,13.0,0.0
LocPop,Random-25,AE,P,0.4,0.4,4,0.20911789173145456,0.5861019226985347,0.02415900002233684,253.0,1.0,13.0,-0.0033070073637399993
Louvain,Random-25,-,-,,,5,0.8774002954209749,0.8525955873344693,0.06363519991282374,,,,
Leiden,Random-25,-,-,,,5,0.8995855749182733,0.8533417978103734,0.10012810002081096,,,,
LocPop,Random-25,B,Ld,0.2,0.2,5,0.9396577879292678,0.8363200314819146,0.007447900017723441,33.0,1.0,32.0,0.8726455565521454
LocPop,Random-25,B,S,0.2,0.2,5,0.9205928099779898,0.8235954722472815,0.026994199957698584,241.0,1.0,37.0,0.0
LocPop,Random-25,B,P,0.2,0.2,5,0.9289015016869941,0.8271965874792564,0.024017099989578128,244.0,1.0,36.0,0.0012353808411078803
LocPop,Random-25,AF,Ld,0.2,0.2,5,0.953004325866872,0.8399267154487843,0.0062553000170737505,31.0,1.0,30.0,0.8847828581617878
LocPop,Random-25,AF,S,0.2,0.2,5,0.9239843556497647,0.8287187083505035,0.02911789994686842,238.0,1.0,34.0,0.0
LocPop,Random-25,AF,P,0.2,0.2,5,0.9325899002931876,0.8326984975553253,0.02535139990504831,246.0,1.0,33.0,0.0003225639223772961
LocPop,Random-25,AE,Ld,0.2,0.2,5,0.9289015016869941,0.8271965874792564,0.0069812999572604895,38.0,1.0,36.0,0.8527099012071873
LocPop,Random-25,AE,S,0.2,0.2,5,0.8993129730337478,0.8162131860217329,0.02635790000203997,247.0,1.0,38.0,0.0
LocPop,Random-25,AE,P,0.2,0.2,5,0.9225414526779163,0.8217540772420654,0.02253990003373474,240.0,1.0,37.0,0.0018077769625825385
LocPop,Random-25,B,Ld,0.25,0.35,5,0.6063789868667917,0.7346052323833071,0.009927100036293268,51.0,1.0,21.0,0.6756489376737175
LocPop,Random-25,B,S,0.25,0.35,5,0.5134771696148183,0.7252943076391906,0.0346556999720633,283.0,1.0,20.0,0.0
LocPop,Random-25,B,P,0.25,0.35,5,0.47168382488384947,0.6846443991520673,0.02362120000179857,255.0,1.0,20.0,0.0028244540412206555
LocPop,Random-25,AF,Ld,0.25,0.35,5,0.5615164923746333,0.7276053326205353,0.00883329997304827,63.0,1.0,21.0,0.6310926720353365
LocPop,Random-25,AF,S,0.25,0.35,5,0.4775059226060255,0.7030936178585615,0.03407569997943938,272.0,1.0,20.0,0.0
LocPop,Random-25,AF,P,0.25,0.35,5,0.4774536213856732,0.7358916101440075,0.024744399939663708,260.0,1.0,18.0,0.0011446799093413511
LocPop,Random-25,AE,Ld,0.25,0.35,5,0.6182380216383307,0.7189979247181292,0.0070659000193700194,46.0,1.0,22.0,0.6902971888327871
LocPop,Random-25,AE,S,0.25,0.35,5,0.4891665269159819,0.6684542305678997,0.03244990005623549,261.0,1.0,24.0,0.0
LocPop,Random-25,AE,P,0.25,0.35,5,0.48307362087614925,0.6865470502411263,0.024005600018426776,249.0,1.0,22.0,-0.00018591130340724716
LocPop,Random-25,B,Ld,0.4,0.4,5,0.22608760444500559,0.6108400993462305,0.020285799982957542,188.0,1.0,12.0,0.2589848727530051
LocPop,Random-25,B,S,0.4,0.4,5,0.25013804171975274,0.663228900991606,0.04263230005744845,366.0,1.0,11.0,0.0
LocPop,Random-25,B,P,0.4,0.4,5,0.2199554539642211,0.6164589528550903,0.025533000007271767,270.0,1.0,12.0,0.0004053438527724266
LocPop,Random-25,AF,Ld,0.4,0.4,5,0.21906687911100217,0.609212172511982,0.01815440005157143,187.0,1.0,13.0,0.24924162486149976
LocPop,Random-25,AF,S,0.4,0.4,5,0.20815349611433412,0.6198465999160977,0.040197899914346635,338.0,1.0,12.0,0.0
LocPop,Random-25,AF,P,0.4,0.4,5,0.20161723001456275,0.6118870215064541,0.023832399980165064,261.0,1.0,11.0,0.0018624971257760405
LocPop,Random-25,AE,Ld,0.4,0.4,5,0.23032063020793828,0.6276521099936516,0.018874299945309758,188.0,1.0,14.0,0.26858883343929607
LocPop,Random-25,AE,S,0.4,0.4,5,0.22358625596029574,0.6385983865518765,0.038773000007495284,322.0,1.0,14.0,0.0
LocPop,Random-25,AE,P,0.4,0.4,5,0.22887192734915698,0.6225567175649036,0.025612000026740134,269.0,1.0,12.0,0.005074505633454893
Louvain,Random-25,-,-,,,6,0.9150460593654043,0.853208148172898,0.05816899996716529,,,,
Leiden,Random-25,-,-,,,6,0.9044099799100341,0.85343832254855,0.09717429999727756,,,,
LocPop,Random-25,B,Ld,0.2,0.2,6,0.9356297143119762,0.8325704166527448,0.006603200105018914,34.0,1.0,33.0,0.8559002361408385
LocPop,Random-25,B,S,0.2,0.2,6,0.8887103728949716,0.8064827499155408,0.02671749994624406,227.0,1.0,38.0,0.0
LocPop,Random-25,B,P,0.2,0.2,6,0.9071529174467198,0.8212324724069185,0.025597300031222403,244.0,1.0,34.0,-0.0011128434889961804
LocPop,Random-25,AF,Ld,0.2,0.2,6,0.953004325866872,0.8399267154487843,0.007291899994015694,31.0,1.0,30.0,0.8721953127637525
LocPop,Random-25,AF,S,0.2,0.2,6,0.9071529174467198,0.8212324724069185,0.024913000059314072,231.0,1.0,34.0,0.0
LocPop,Random-25,AF,P,0.2,0.2,6,0.8996349203594096,0.8171097523397968,0.02277839998714626,243.0,1.0,34.0,0.0016315762067588913
LocPop,Random-25,AE,Ld,0.2,0.2,6,0.9319865867762351,0.8270685065766759,0.007141100009903312,37.0,1.0,36.0,0.8516861832062514
LocPop,Random-25,AE,S,0.2,0.2,6,0.8444042686145203,0.771206670601906,0.023968900088220835,216.0,1.0,41.0,0.0
LocPop,Random-25,AE,P,0.2,0.2,6,0.8849121226845542,0.8027795412104944,0.023520699935033917,244.0,1.0,39.0,-0.0033302124936299316
LocPop,Random-25,B,Ld,0.25,0.35,6,0.6282843894899537,0.7200893967575113,0.008344699977897108,49.0,1.0,21.0,0.6865744664121404
LocPop,Random-25,B,S,0.25,0.35,6,0.45864334718330274,0.67722498802722,0.03235839994158596,260.0,1.0,23.0,0.0
LocPop,Random-25,B,P,0.25,0.35,6,0.47818107908643503,0.7187269129532486,0.026066899998113513,262.0,1.0,20.0,0.004514939952087962
LocPop,Random-25,AF,Ld,0.25,0.35,6,0.5403291604512976,0.7542554415821147,0.011005099979229271,87.0,1.0,18.0,0.6105597892801973
LocPop,Random-25,AF,S,0.25,0.35,6,0.45711130295464975,0.6970701029473457,0.0310087000252679,267.0,1.0,20.0,0.0
LocPop,Random-25,AF,P,0.25,0.35,6,0.4592536378986511,0.7000178199516633,0.023404599982313812,264.0,1.0,19.0,-0.001183858544081656
LocPop,Random-25,AE,Ld,0.25,0.35,6,0.6224511538710963,0.7092971885313761,0.00856830005068332,52.0,1.0,21.0,0.6923793475890996
LocPop,Random-25,AE,S,0.25,0.35,6,0.47779321064206226,0.6491845515869038,0.03165420005097985,252.0,1.0,23.0,0.0
LocPop,Random-25,AE,P,0.25,0.35,6,0.5213073880278318,0.6975712890878784,0.024119799956679344,245.0,1.0,22.0,0.005737185155788302
LocPop,Random-25,B,Ld,0.4,0.4,6,0.2094167196281605,0.6082487813751805,0.018160499981604517,187.0,1.0,14.0,0.23557198611116845
LocPop,Random-25,B,S,0.4,0.4,6,0.19645307564586942,0.6253522224820964,0.04192950006108731,334.0,1.0,12.0,0.0
LocPop,Random-25,B,P,0.4,0.4,6,0.1897383596244579,0.5996283797580199,0.025083899963647127,266.0,1.0,14.0,-0.0029776485726540534
LocPop,Random-25,AF,Ld,0.4,0.4,6,0.2156600906746612,0.60452144148559,0.01898959989193827,198.0,1.0,12.0,0.23762191762754858
LocPop,Random-25,AF,S,0.4,0.4,6,0.1961037156830965,0.6252965351331484,0.04477559996303171,346.0,1.0,12.0,0.0
LocPop,Random-25,AF,P,0.4,0.4,6,0.1894244189256861,0.6013992374545684,0.024519499973393977,267.0,1.0,13.0,-0.0030655513898753023
LocPop,Random-25,AE,Ld,0.4,0.4,6,0.24652209036093495,0.6464076091193602,0.018655600026249886,190.0,1.0,12.0,0.27854580205813956
LocPop,Random-25,AE,S,0.4,0.4,6,0.18162897318241675,0.5673983984318443,0.03883920004591346,284.0,1.0,13.0,0.0
LocPop,Random-25,AE,P,0.4,0.4,6,0.22937948988334542,0.6200619243320302,0.024353700107894838,279.0,1.0,11.0,0.0033900678837408553
Louvain,Random-25,-,-,,,7,0.8732899553869184,0.8526809746028563,0.053014099947176874,,,,
Leiden,Random-25,-,-,,,7,0.9044099799100341,0.85343832254855,0.09924160002265126,,,,
LocPop,Random-25,B,Ld,0.2,0.2,7,0.9356297143119762,0.8325704166527448,0.0069558999966830015,34.0,1.0,33.0,0.8559002361408385
LocPop,Random-25,B,S,0.2,0.2,7,0.91610038271641,0.819578558143161,0.02784670004621148,238.0,1.0,36.0,0.0
LocPop,Random-25,B,P,0.2,0.2,7,0.9105222980414552,0.8174717201079592,0.022800100035965443,243.0,1.0,36.0,-0.0016665986818719515
LocPop,Random-25,AF,Ld,0.2,0.2,7,0.953004325866872,0.8399267154487843,0.006782399956136942,32.0,1.0,30.0,0.8721953127637525
LocPop,Random-25,AF,S,0.2,0.2,7,0.894891545548546,0.817332501735589,0.024044000077992678,234.0,1.0,35.0,0.0
LocPop,Random-25,AF,P,0.2,0.2,7,0.9151004314408984,0.8244549136660466,0.023122300044633448,246.0,1.0,33.0,0.000651447184205263
LocPop,Random-25,AE,Ld,0.2,0.2,7,0.9319865867762351,0.8270685065766759,0.008164700004272163,37.0,1.0,36.0,0.8516861832062514
LocPop,Random-25,AE,S,0.2,0.2,7,0.9117928371532821,0.82579883502066,0.027130599948577583,234.0,1.0,37.0,0.0
LocPop,Random-25,AE,P,0.2,0.2,7,0.881637115558302,0.8029484595023035,0.023684300016611814,248.0,1.0,39.0,-0.0011527309026952513
LocPop,Random-25,B,Ld,0.25,0.35,7,0.5679091331364318,0.7243624726667929,0.00845839991234243,68.0,1.0,22.0,0.6150017474709921
LocPop,Random-25,B,S,0.25,0.35,7,0.441614114207129,0.6494240071873805,0.034742799936793745,293.0,1.0,22.0,0.0
LocPop,Random-25,B,P,0.25,0.35,7,0.435532951300591,0.6814108204231496,0.02198389999102801,240.0,1.0,23.0,-0.00021875085449552537
LocPop,Random-25,AF,Ld,0.25,0.35,7,0.5513552439786215,0.7156696774959997,0.008624100009910762,69.0,1.0,21.0,0.5988407375676724
LocPop,Random-25,AF,S,0.25,0.35,7,0.4688715182906064,0.6886501757863982,0.03510360000655055,284.0,1.0,22.0,0.0
LocPop,Random-25,AF,P,0.25,0.35,7,0.4332391431840645,0.6447852510200066,0.023202899959869683,238.0,1.0,23.0,0.006381416789359931
LocPop,Random-25,AE,Ld,0.25,0.35,7,0.5746684161997305,0.7317410464024117,0.009676999994553626,67.0,1.0,22.0,0.6428262433917344
LocPop,Random-25,AE,S,0.25,0.35,7,0.43438561513878476,0.6320012919464956,0.03183029999490827,257.0,1.0,23.0,0.0
LocPop,Random-25,AE,P,0.25,0.35,7,0.47016336772141065,0.6776927617583838,0.02528659999370575,250.0,1.0,23.0,0.007899098617657741
LocPop,Random-25,B,Ld,0.4,0.4,7,0.21906687911100217,0.609212172511982,0.018165100016631186,191.0,1.0,13.0,0.2432547365490226
LocPop,Random-25,B,S,0.4,0.4,7,0.203530925919406,0.6026466340710052,0.03802489989902824,321.0,1.0,13.0,0.0
LocPop,Random-25,B,P,0.4,0.4,7,0.22950623535167725,0.6326175652748542,0.025813499931246042,286.0,1.0,12.0,-0.004213162072140786
LocPop,Random-25,AF,Ld,0.4,0.4,7,0.2292360848940466,0.6382586937232932,0.01902669994160533,199.0,1.0,12.0,0.25403506482259053
LocPop,Random-25,AF,S,0.4,0.4,7,0.2028464380399485,0.6227349170815374,0.037380599998869,316.0,1.0,12.0,0.0
LocPop,Random-25,AF,P,0.4,0.4,7,0.22199732065723193,0.638123187840853,0.02543170005083084,293.0,1.0,12.0,-0.0035056821264466157
LocPop,Random-25,AE,Ld,0.4,0.4,7,0.22386054174234227,0.6142555900817119,0.018698900006711483,191.0,1.0,13.0,0.24661868122907793
LocPop,Random-25,AE,S,0.4,0.4,7,0.22521228719096245,0.6331892887240543,0.03871539991814643,333.0,1.0,14.0,0.0
LocPop,Random-25,AE,P,0.4,0.4,7,0.2295056019233484,0.6345369225685975,0.026375100016593933,282.0,1.0,13.0,-0.004483249842786802
Louvain,Random-25,-,-,,,8,0.910907157934743,0.8532935354412851,0.06109650002326816,,,,
Leiden,Random-25,-,-,,,8,0.9044099799100341,0.85343832254855,0.09746149997226894,,,,
LocPop,Random-25,B,Ld,0.2,0.2,8,0.9356297143119762,0.8325704166527448,0.008681200095452368,34.0,1.0,33.0,0.8559002361408385
LocPop,Random-25,B,S,0.2,0.2,8,0.9181874916157781,0.8213419908598497,0.027247600024566054,240.0,1.0,36.0,0.0
LocPop,Random-25,B,P,0.2,0.2,8,0.9050591384426006,0.8211879225277601,0.023614099947735667,231.0,1.0,35.0,-1.1612850780673894e-05
LocPop,Random-25,AF,Ld,0.2,0.2,8,0.953004325866872,0.8399267154487843,0.007325900020077825,31.0,1.0,30.0,0.8721953127637525
LocPop,Random-25,AF,S,0.2,0.2,8,0.9214196647115873,0.823003330103467,0.028752699960023165,239.0,1.0,34.0,0.0
LocPop,Random-25,AF,P,0.2,0.2,8,0.9084106348494776,0.8227954306673942,0.029872799990698695,233.0,1.0,33.0,-0.0017586813338390979
LocPop,Random-25,AE,Ld,0.2,0.2,8,0.9319865867762351,0.8270685065766759,0.00737100001424551,37.0,1.0,36.0,0.8516861832062514
LocPop,Random-25,AE,S,0.2,0.2,8,0.8993129730337478,0.8162131860217329,0.025891399942338467,236.0,1.0,38.0,0.0
LocPop,Random-25,AE,P,0.2,0.2,8,0.8899099012977081,0.8050905661918392,0.02112510008737445,232.0,1.0,39.0,-0.0017207179217551324
LocPop,Random-25,B,Ld,0.25,0.35,8,0.5435498380313833,0.6927747520984849,0.00939919997472316,71.0,1.0,22.0,0.6022623161288412
LocPop,Random-25,B,S,0.25,0.35,8,0.4877944376404561,0.7240320610630344,0.03128509991802275,272.0,1.0,19.0,0.0
LocPop,Random-25,B,P,0.25,0.35,8,0.5011356647943914,0.7118718002977417,0.023980400059372187,256.0,1.0,22.0,0.000910171784674675
LocPop,Random-25,AF,Ld,0.25,0.35,8,0.4994195232966047,0.6941353796577827,0.009777999948710203,88.0,1.0,21.0,0.5571267313034369
LocPop,Random-25,AF,S,0.25,0.35,8,0.4687467796416099,0.7129131537230705,0.03084689995739609,261.0,1.0,19.0,0.0
LocPop,Random-25,AF,P,0.25,0.35,8,0.4852642910634049,0.7136426579942902,0.023399399942718446,243.0,1.0,21.0,0.0022544308537194207
LocPop,Random-25,AE,Ld,0.25,0.35,8,0.5348535662325447,0.70976124977261,0.010593199986033142,74.0,1.0,21.0,0.5873385620299464
LocPop,Random-25,AE,S,0.25,0.35,8,0.47841270245384454,0.6737055475737022,0.03296570002567023,275.0,1.0,24.0,0.0
LocPop,Random-25,AE,P,0.25,0.35,8,0.5195910233082055,0.6987871295399111,0.022998400032520294,245.0,1.0,24.0,-0.0032492851572654014
LocPop,Random-25,B,Ld,0.4,0.4,8,0.21906687911100217,0.609212172511982,0.02048770000692457,191.0,1.0,13.0,0.2432547365490226
LocPop,Random-25,B,S,0.4,0.4,8,0.1952370214906423,0.5930851162566222,0.039547700085677207,312.0,1.0,12.0,0.0
LocPop,Random-25,B,P,0.4,0.4,8,0.2367357715923134,0.6425094946929957,0.023418899974785745,262.0,1.0,12.0,0.002852498966564297
LocPop,Random-25,AF,Ld,0.4,0.4,8,0.22062104871699517,0.6155679552719213,0.01823980000335723,191.0,1.0,13.0,0.244431519819936
LocPop,Random-25,AF,S,0.4,0.4,8,0.19217613290407393,0.5974157357598168,0.038092499948106706,282.0,1.0,13.0,0.0
LocPop,Random-25,AF,P,0.4,0.4,8,0.23512241074502532,0.6556127279004755,0.022020400036126375,246.0,1.0,11.0,0.006167533007918521
LocPop,Random-25,AE,Ld,0.4,0.4,8,0.23856623628060394,0.6373417087106151,0.018389299977570772,182.0,1.0,12.0,0.2742077180942966
LocPop,Random-25,AE,S,0.4,0.4,8,0.1964176492904205,0.594499574919903,0.03722220007330179,308.0,1.0,13.0,0.0
LocPop,Random-25,AE,P,0.4,0.4,8,0.24136580270287916,0.6668467224282655,0.02368220000062138,255.0,1.0,12.0,0.004382929642445213
Louvain,Random-25,-,-,,,9,0.9150460593654043,0.853208148172898,0.05517079995479435,,,,
Leiden,Random-25,-,-,,,9,0.9076675868320218,0.8533640727499526,0.10542609996628016,,,,
LocPop,Random-25,B,Ld,0.2,0.2,9,0.9396577879292678,0.8363200314819146,0.007402199902571738,35.0,1.0,32.0,0.8642460732831317
LocPop,Random-25,B,S,0.2,0.2,9,0.9031425739903477,0.8157342748207795,0.027520300005562603,238.0,1.0,37.0,0.0
LocPop,Random-25,B,P,0.2,0.2,9,0.9073709427678285,0.8233690103615594,0.022533099981956184,243.0,1.0,36.0,0.00047912588740541646
LocPop,Random-25,AF,Ld,0.2,0.2,9,0.953004325866872,0.8399267154487843,0.007335500093176961,33.0,1.0,30.0,0.8764720294216669
LocPop,Random-25,AF,S,0.2,0.2,9,0.9133896399642558,0.8247463441255415,0.027275500004179776,235.0,1.0,34.0,0.0
LocPop,Random-25,AF,P,0.2,0.2,9,0.8924795854634621,0.81312810689001,0.02323759999126196,243.0,1.0,35.0,0.000636147030928312
LocPop,Random-25,AE,Ld,0.2,0.2,9,0.9289015016869941,0.8271965874792564,0.006888499949127436,40.0,1.0,36.0,0.8530949468334292
LocPop,Random-25,AE,S,0.2,0.2,9,0.8685498876932248,0.7825409023578023,0.029844500008039176,224.0,1.0,41.0,0.0
LocPop,Random-25,AE,P,0.2,0.2,9,0.9108495964783566,0.8255315357457093,0.02467729989439249,245.0,1.0,36.0,-0.0001408657373440939
LocPop,Random-25,B,Ld,0.25,0.35,9,0.5544861927262505,0.7017422715240885,0.010917300009168684,63.0,1.0,22.0,0.6204843565402516
LocPop,Random-25,B,S,0.25,0.35,9,0.4772048600616575,0.7047345384075645,0.033865600009448826,286.0,1.0,21.0,0.0
LocPop,Random-25,B,P,0.25,0.35,9,0.49339028024574294,0.7208597384179595,0.023325500078499317,249.0,1.0,22.0,-0.006605735595273194
LocPop,Random-25,AF,Ld,0.25,0.35,9,0.5169340011411906,0.7015102409034716,0.009771800017915666,81.0,1.0,22.0,0.5854011882497049
LocPop,Random-25,AF,S,0.25,0.35,9,0.4503487319928572,0.7004373313137388,0.03503209992777556,282.0,1.0,20.0,0.0
LocPop,Random-25,AF,P,0.25,0.35,9,0.4583450336407238,0.7161355949821986,0.023482899996452034,248.0,1.0,20.0,-0.008416733124412644
LocPop,Random-25,AE,Ld,0.25,0.35,9,0.5999578444460058,0.7108917029562557,0.007161300047300756,48.0,1.0,22.0,0.6665186854977105
LocPop,Random-25,AE,S,0.25,0.35,9,0.4813152405361921,0.6625903527236682,0.03000120003707707,276.0,1.0,22.0,0.0
LocPop,Random-25,AE,P,0.25,0.35,9,0.48671438291861535,0.6871948797338887,0.024678500019945204,248.0,1.0,23.0,-0.007269407336589063
LocPop,Random-25,B,Ld,0.4,0.4,9,0.21264768891197092,0.625049654552812,0.01950850000139326,202.0,1.0,14.0,0.24870583616349295
LocPop,Random-25,B,S,0.4,0.4,9,0.1769392925877477,0.5742757860269304,0.03590649995021522,276.0,1.0,15.0,0.0
LocPop,Random-25,B,P,0.4,0.4,9,0.21867418597508817,0.6311399942827656,0.022271099966019392,249.0,1.0,12.0,0.0037967560615148684
LocPop,Random-25,AF,Ld,0.4,0.4,9,0.21151735970075963,0.6320866792148826,0.019998400006443262,214.0,1.0,12.0,0.24413721747574824
LocPop,Random-25,AF,S,0.4,0.4,9,0.2211444477278222,0.6147939011215432,0.04129970003850758,344.0,1.0,13.0,0.0
LocPop,Random-25,AF,P,0.4,0.4,9,0.21265804099891547,0.6281644336039739,0.022543300059624016,249.0,1.0,11.0,0.0033581469917112403
LocPop,Random-25,AE,Ld,0.4,0.4,9,0.21944126013671295,0.6277393535070036,0.022137499996460974,213.0,1.0,13.0,0.2539768352854353
LocPop,Random-25,AE,S,0.4,0.4,9,0.21748808415392867,0.6123547952376179,0.03713650000281632,297.0,1.0,12.0,0.0
LocPop,Random-25,AE,P,0.4,0.4,9,0.21843251242613854,0.6134889609111935,0.021902200067415833,243.0,1.0,14.0,0.0030829138206686867
